date,campaign,adgroup,keyword,impressions,clicks,cost,campaign_db_count
2026-08-01,02-1_FC,O_002_개금,개금동수학과외,1,0,0.0,0
2026-08-01,02-1_FC,O_003_계산,계양구국어학원,29,0,0.0,0
2026-08-01,02-1_FC,O_003_계산,계양구수학학원,5,0,0.0,0
2026-08-01,02-1_FC,O_003_계산,계양구과외,1,1,3228.0,0
2026-08-01,02-1_FC,O_003_계산,작전동영어학원,3,0,0.0,0
2026-08-01,02-1_FC,O_003_계산,계양구수학과외,1,0,0.0,0
2026-08-01,02-1_FC,O_006_공덕2,염리동초등수학학원,1,0,0.0,0
2026-08-01,02-1_FC,O_008_광교,광교수학학원,1,0,0.0,0
2026-08-01,02-1_FC,O_008_광교,광교수학,1,0,0.0,0
2026-08-01,02-1_FC,O_010_교동,강릉수학과외,1,0,0.0,0
2026-08-01,02-1_FC,O_010_교동,강릉영어과외,4,0,0.0,0
2026-08-01,02-1_FC,O_011_구서,구서동학원,2,0,0.0,0
2026-08-01,02-1_FC,O_011_구서,구서동영어학원,24,0,0.0,0
2026-08-01,02-1_FC,O_011_구서,구서동초등영어학원,1,0,0.0,0
2026-08-01,02-1_FC,O_011_구서,금정구고등영어학원,1,0,0.0,0
2026-08-01,02-1_FC,O_011_구서,금정구중등영어학원,1,0,0.0,0
2026-08-01,02-1_FC,O_012_구월,구월동수학학원,7,0,0.0,0
2026-08-01,02-1_FC,O_012_구월,구월동과외,1,0,0.0,0
2026-08-01,02-1_FC,O_014_금오,의정부학원,9,0,0.0,0
2026-08-01,02-1_FC,O_014_금오,의정부독서실,2,0,0.0,0
2026-08-01,02-1_FC,O_014_금오,신곡동초등수학학원,1,0,0.0,0
2026-08-01,02-1_FC,O_014_금오,금오동과외,1,0,0.0,0
2026-08-01,02-1_FC,O_015_금호,금호동영어과외,1,0,0.0,0
2026-08-01,02-1_FC,O_017_내외,김해과외,2,0,0.0,0
2026-08-01,02-1_FC,O_017_내외,김해수학과외,1,0,0.0,0
2026-08-01,02-1_FC,O_017_내외,김해영어과외,2,0,0.0,0
2026-08-01,02-1_FC,O_023_대방_1/3,대방동수학학원,2,0,0.0,0
2026-08-01,02-1_FC,O_023_대방_1/3,상남동수학과외,2,0,0.0,0
2026-08-01,02-1_FC,O_023_대방_1/3,상남동수학학원,1,0,0.0,0
2026-08-01,02-1_FC,O_029_동춘,동춘동국어학원,57,0,0.0,0
2026-08-01,02-1_FC,O_029_동춘,동춘동영어학원,10,0,0.0,0
2026-08-01,02-1_FC,O_029_동춘,동춘동수학학원,25,0,0.0,0
2026-08-01,02-1_FC,O_029_동춘,동춘동고등수학학원,3,0,0.0,0
2026-08-01,02-1_FC,O_029_동춘,연수구영어과외,6,0,0.0,0
2026-08-01,02-1_FC,O_034_만수,서창동수학과외,3,0,0.0,0
2026-08-01,02-1_FC,"O_037_명일, 고덕 ",강동구영어과외,2,0,0.0,0
2026-08-01,02-1_FC,"O_037_명일, 고덕 ",고덕동수학과외,1,0,0.0,0
2026-08-01,02-1_FC,"O_037_명일, 고덕 ",하남수학과외,1,0,0.0,0
2026-08-01,02-1_FC,"O_037_명일, 고덕 ",하남영어과외,1,0,0.0,0
2026-08-01,02-1_FC,O_038_명지,명지수학과외,2,0,0.0,0
2026-08-01,02-1_FC,O_050_범어,만촌동국어학원,1,0,0.0,0
2026-08-01,02-1_FC,O_050_범어,만촌동수학학원,2,0,0.0,0
2026-08-01,02-1_FC,O_050_범어,수성구학원,3,0,0.0,0
2026-08-01,02-1_FC,O_050_범어,수성구과외,1,0,0.0,0
2026-08-01,02-1_FC,O_052_봉곡,구미수학과외,1,0,0.0,0
2026-08-01,02-1_FC,O_052_봉곡,구미영어과외,2,0,0.0,0
2026-08-01,02-1_FC,O_052_봉곡,구미과학과외,2,0,0.0,0
2026-08-01,02-1_FC,O_053_봉선,봉선영어,1,0,0.0,0
2026-08-01,02-1_FC,O_053_봉선,봉선동국어학원,2,0,0.0,0
2026-08-01,02-1_FC,O_053_봉선,봉선동영어학원,8,0,0.0,0
2026-08-01,02-1_FC,O_053_봉선,봉선동수학학원,33,0,0.0,0
2026-08-01,02-1_FC,O_053_봉선,봉선동고등수학학원,1,0,0.0,0
2026-08-01,02-1_FC,O_053_봉선,봉선동과외,1,0,0.0,0
2026-08-01,02-1_FC,O_053_봉선,광주봉선동영어학원,2,0,0.0,0
2026-08-01,02-1_FC,O_053_봉선,봉선동영어과외,1,0,0.0,0
2026-08-01,02-1_FC,O_056_부평,부평영어학원,1,0,0.0,0
2026-08-01,02-1_FC,O_056_부평,부평수학학원,1,0,0.0,0
2026-08-01,02-1_FC,O_056_부평,부평동고등수학학원,1,0,0.0,0
2026-08-01,02-1_FC,O_056_부평,부평영어과외,2,0,0.0,0
2026-08-01,02-1_FC,O_066_사하1,괴정동영어학원,2,0,0.0,0
2026-08-01,02-1_FC,O_066_사하1,사하영어학원,1,0,0.0,0
2026-08-01,02-1_FC,O_070_상동,부천상동영어학원,13,0,0.0,0
2026-08-01,02-1_FC,O_070_상동,상동영어학원,23,0,0.0,0
2026-08-01,02-1_FC,O_070_상동,상동수학학원,15,0,0.0,0
2026-08-01,02-1_FC,O_070_상동,상동초등수학학원,2,0,0.0,0
2026-08-01,02-1_FC,O_070_상동,상동고등영어학원,1,0,0.0,0
2026-08-01,02-1_FC,O_070_상동,상동과외,2,0,0.0,0
2026-08-01,02-1_FC,O_070_상동,상동수학,12,0,0.0,0
2026-08-01,02-1_FC,O_070_상동,상동역수학학원,3,0,0.0,0
2026-08-01,02-1_FC,O_070_상동,상동역수학,2,0,0.0,0
2026-08-01,02-1_FC,O_070_상동,부천영어과외,6,0,0.0,0
2026-08-01,02-1_FC,O_076_서초2,서초구수학과외,1,0,0.0,0
2026-08-01,02-1_FC,O_076_서초2,서초구영어과외,1,0,0.0,0
2026-08-01,02-1_FC,O_078_센텀,센텀영어학원,2,0,0.0,0
2026-08-01,02-1_FC,O_078_센텀,센텀수학학원,27,0,0.0,0
2026-08-01,02-1_FC,O_078_센텀,재송동수학과외,2,0,0.0,0
2026-08-01,02-1_FC,O_079_송도,송도학원,8,0,0.0,0
2026-08-01,02-1_FC,O_079_송도,송도수학학원,20,0,0.0,0
2026-08-01,02-1_FC,O_079_송도,송도독서실,2,0,0.0,0
2026-08-01,02-1_FC,O_079_송도,송도수학학원추천,1,0,0.0,0
2026-08-01,02-1_FC,O_079_송도,송도고등영어학원,1,0,0.0,0
2026-08-01,02-1_FC,O_079_송도,송도영어,8,0,0.0,0
2026-08-01,02-1_FC,O_079_송도,송도수학,4,0,0.0,0
2026-08-01,02-1_FC,O_079_송도,인천송도학원,6,0,0.0,0
2026-08-01,02-1_FC,O_079_송도,송도수학과외,10,0,0.0,0
2026-08-01,02-1_FC,O_079_송도,송도영어과외,4,0,0.0,0
2026-08-01,02-1_FC,O_079_송도,송도방학특강,3,0,0.0,0
2026-08-01,02-1_FC,O_079_송도,송도윈터스쿨,5,0,0.0,0
2026-08-01,02-1_FC,O_083_수지,수지수학학원,8,0,0.0,0
2026-08-01,02-1_FC,O_083_수지,수지독서실,1,0,0.0,0
2026-08-01,02-1_FC,O_083_수지,수지수학과외,1,0,0.0,0
2026-08-01,02-1_FC,O_083_수지,수지영어과외,2,0,0.0,0
2026-08-01,02-1_FC,O_083_수지,수지과학과외,2,0,0.0,0
2026-08-01,02-1_FC,O_083_수지,수지구청역학원,4,0,0.0,0
2026-08-01,02-1_FC,O_083_수지,수지구청역고등영어학원,1,0,0.0,0
2026-08-01,02-1_FC,O_084_수택,구리과외,1,0,0.0,0
2026-08-01,02-1_FC,O_084_수택,구리중등영어학원,3,0,0.0,0
2026-08-01,02-1_FC,O_084_수택,구리수학과외,1,0,0.0,0
2026-08-01,02-1_FC,O_084_수택,구리영어과외,3,0,0.0,0
2026-08-01,02-1_FC,O_091_양산,양산수학학원,20,0,0.0,0
2026-08-01,02-1_FC,O_091_양산,양산영어학원,27,0,0.0,0
2026-08-01,02-1_FC,O_091_양산,양산수학과외,1,0,0.0,0
2026-08-01,02-1_FC,O_102_월성,월성동영어학원,11,0,0.0,0
2026-08-01,02-1_FC,O_102_월성,월성동수학학원,28,0,0.0,0
2026-08-01,02-1_FC,O_102_월성,월성동과외,1,0,0.0,0
2026-08-01,02-1_FC,O_104_위례,위례학원,1,0,0.0,0
2026-08-01,02-1_FC,O_104_위례,위례국어학원,8,0,0.0,0
2026-08-01,02-1_FC,O_104_위례,위례영어학원,2,0,0.0,0
2026-08-01,02-1_FC,O_104_위례,위례수학학원,7,0,0.0,0
2026-08-01,02-1_FC,O_104_위례,위례과외,1,0,0.0,0
2026-08-01,02-1_FC,O_105_율하,율하영어학원,5,0,0.0,0
2026-08-01,02-1_FC,O_105_율하,율하중등수학학원,1,0,0.0,0
2026-08-01,02-1_FC,O_105_율하,율하고등영어학원,2,0,0.0,0
2026-08-01,02-1_FC,O_105_율하,율하동초등수학학원,1,0,0.0,0
2026-08-01,02-1_FC,O_105_율하,김해독서실,6,0,0.0,0
2026-08-01,02-1_FC,O_107_인천삼산,삼산동수학학원,59,0,0.0,0
2026-08-01,02-1_FC,O_107_인천삼산,삼산동영어학원,3,0,0.0,0
2026-08-01,02-1_FC,O_110_장기,김포학원,1,0,0.0,0
2026-08-01,02-1_FC,O_110_장기,김포수학학원,6,0,0.0,0
2026-08-01,02-1_FC,O_110_장기,김포수학,1,0,0.0,0
2026-08-01,02-1_FC,O_110_장기,장기동수학학원,7,0,0.0,0
2026-08-01,02-1_FC,O_110_장기,장기동영어학원,2,0,0.0,0
2026-08-01,02-1_FC,O_110_장기,장기동과외,1,0,0.0,0
2026-08-01,02-1_FC,O_110_장기,장기동수학과외,1,0,0.0,0
2026-08-01,02-1_FC,O_114_제주이도,제주도수학학원,1,0,0.0,0
2026-08-01,02-1_FC,O_114_제주이도,제주시수학과외,1,0,0.0,0
2026-08-01,02-1_FC,O_114_제주이도,제주시자기주도학습센터,2,0,0.0,0
2026-08-01,02-1_FC,O_114_제주이도,제주수학과외,2,0,0.0,0
2026-08-01,02-1_FC,O_114_제주이도,제주영어과외,1,0,0.0,0
2026-08-01,02-1_FC,O_114_제주이도,제주자기주도학습센터,6,0,0.0,0
2026-08-01,02-1_FC,O_120_진월,금호동과외,1,0,0.0,0
2026-08-01,02-1_FC,O_123_철산,철산동수학학원,5,0,0.0,0
2026-08-01,02-1_FC,O_125_청라,청라독서실,8,0,0.0,0
2026-08-01,02-1_FC,O_125_청라,청라수학,8,0,0.0,0
2026-08-01,02-1_FC,O_125_청라,청라수학학원,8,0,0.0,0
2026-08-01,02-1_FC,O_125_청라,청라영어,1,0,0.0,0
2026-08-01,02-1_FC,O_125_청라,청라영어학원,3,0,0.0,0
2026-08-01,02-1_FC,O_125_청라,청라중등수학학원,4,0,0.0,0
2026-08-01,02-1_FC,O_125_청라,청라초등수학학원,3,0,0.0,0
2026-08-01,02-1_FC,O_125_청라,청라학원,3,0,0.0,0
2026-08-01,02-1_FC,O_125_청라,청라고등과학학원,1,0,0.0,0
2026-08-01,02-1_FC,O_127_침산,침산영어학원,1,0,0.0,0
2026-08-01,02-1_FC,O_127_침산,침산동국어학원,11,0,0.0,0
2026-08-01,02-1_FC,O_127_침산,침산동영어학원,12,0,0.0,0
2026-08-01,02-1_FC,O_127_침산,침산동수학학원,20,0,0.0,0
2026-08-01,02-1_FC,O_127_침산,침산동국어,1,0,0.0,0
2026-08-01,02-1_FC,O_127_침산,침산동영어,1,0,0.0,0
2026-08-01,02-1_FC,O_138_황금,지산동수학,1,0,0.0,0
2026-08-01,02-1_FC,O_138_황금,지산동수학학원,1,0,0.0,0
2026-08-01,02-1_FC,O_138_황금,지산동영어학원,4,0,0.0,0
2026-08-01,02-1_FC,O_138_황금,지산수학,1,0,0.0,0
2026-08-01,02-1_FC,O_016_남천,남천동학원,2,0,0.0,0
2026-08-01,02-1_FC,O_016_남천,남천동영어학원,4,0,0.0,0
2026-08-01,02-1_FC,O_016_남천,남천동수학학원,4,0,0.0,0
2026-08-01,02-1_FC,O_016_남천,남천동수학과외,2,0,0.0,0
2026-08-01,02-1_FC,O_101_운정,파주운정영어학원,3,0,0.0,0
2026-08-01,02-1_FC,O_101_운정,운정국어학원,11,0,0.0,0
2026-08-01,02-1_FC,O_101_운정,운정수학학원,31,0,0.0,0
2026-08-01,02-1_FC,O_101_운정,운정초등영어학원,2,0,0.0,0
2026-08-01,02-1_FC,O_101_운정,운정중등수학학원,1,0,0.0,0
2026-08-01,02-1_FC,O_101_운정,운정고등영어학원,2,0,0.0,0
2026-08-01,02-1_FC,O_101_운정,운정수학,1,0,0.0,0
2026-08-01,02-1_FC,O_101_운정,운정수학과외,2,0,0.0,0
2026-08-01,02-1_FC,O_101_운정,운정국어과외,1,0,0.0,0
2026-08-01,02-1_FC,O_101_운정,파주학원,1,0,0.0,0
2026-08-01,02-1_FC,O_055_부산대,부산대학원,12,0,0.0,0
2026-08-01,02-1_FC,O_055_부산대,부산대영어,2,0,0.0,0
2026-08-01,02-1_FC,O_055_부산대,부산대수학,12,0,0.0,0
2026-08-01,02-1_FC,O_137_화정,화정과외,1,0,0.0,0
2026-08-01,02-1_FC,O_137_화정,행신동학원,8,0,0.0,0
2026-08-01,02-1_FC,O_057_분당미금,미금역수학학원,1,0,0.0,0
2026-08-01,02-1_FC,O_072_상현,상현동수학학원,3,0,0.0,0
2026-08-01,02-1_FC,O_072_상현,상현동초등수학학원,1,0,0.0,0
2026-08-01,02-1_FC,O_096_옥계,옥계동학원,1,0,0.0,0
2026-08-01,02-1_FC,O_044_민락,민락수학학원,1,0,0.0,0
2026-08-01,02-1_FC,O_044_민락,수영과외,5,0,0.0,0
2026-08-01,02-1_FC,O_032_둔산,대전서구수학학원,1,0,0.0,0
2026-08-01,02-1_FC,O_032_둔산,둔산영어학원,15,0,0.0,0
2026-08-01,02-1_FC,O_032_둔산,둔산수학학원,8,0,0.0,0
2026-08-01,02-1_FC,O_032_둔산,둔산동학원,4,0,0.0,0
2026-08-01,02-1_FC,O_032_둔산,둔산동영어학원,20,0,0.0,0
2026-08-01,02-1_FC,O_032_둔산,둔산동수학학원,6,0,0.0,0
2026-08-01,02-1_FC,O_032_둔산,둔산동국어학원추천,1,0,0.0,0
2026-08-01,02-1_FC,O_032_둔산,둔산동초등영어학원,1,0,0.0,0
2026-08-01,02-1_FC,O_032_둔산,둔산동중등영어학원,1,0,0.0,0
2026-08-01,02-1_FC,O_032_둔산,둔산동고등영어학원,1,0,0.0,0
2026-08-01,02-1_FC,O_032_둔산,둔산동국어,2,0,0.0,0
2026-08-01,02-1_FC,O_032_둔산,둔산동수학,1,0,0.0,0
2026-08-01,02-1_FC,O_049_방이,방이국어학원,2,0,0.0,0
2026-08-01,02-1_FC,O_049_방이,오금동영어학원,2,0,0.0,0
2026-08-01,02-1_FC,O_049_방이,오금동수학학원,1,0,0.0,0
2026-08-01,02-1_FC,O_049_방이,오금동수학,1,0,0.0,0
2026-08-01,02-1_FC,O_049_방이,방이동학원,2,0,0.0,0
2026-08-01,02-1_FC,O_049_방이,방이동고등수학학원,2,0,0.0,0
2026-08-01,02-1_FC,O_049_방이,방이동윈터스쿨,5,0,0.0,0
2026-08-01,02-1_FC,O_045_반송,창원수학,1,0,0.0,0
2026-08-01,02-1_FC,O_028_동백,동백수학학원,8,0,0.0,0
2026-08-01,02-1_FC,O_028_동백,동백영어학원,16,0,0.0,0
2026-08-01,02-1_FC,O_041_무실,원주영어학원,11,0,0.0,0
2026-08-01,02-1_FC,O_041_무실,원주독서실,9,0,0.0,0
2026-08-01,02-1_FC,O_041_무실,무실동독서실,3,0,0.0,0
2026-08-01,02-1_FC,O_041_무실,원주영어과외,5,0,0.0,0
2026-08-01,02-1_FC,O_041_무실,원주국어과외,1,0,0.0,0
2026-08-01,02-1_FC,O_041_무실,원주과학과외,1,0,0.0,0
2026-08-01,02-1_FC,O_019_논현,인천논현동국어학원,5,0,0.0,0
2026-08-01,02-1_FC,O_019_논현,인천논현동영어학원,1,0,0.0,0
2026-08-01,02-1_FC,O_019_논현,인천논현동수학학원,5,0,0.0,0
2026-08-01,02-1_FC,O_019_논현,인천논현동영어,6,0,0.0,0
2026-08-01,02-1_FC,O_019_논현,인천논현동수학,1,0,0.0,0
2026-08-01,02-1_FC,O_103_월평,월평동영어학원,34,0,0.0,0
2026-08-01,02-1_FC,O_103_월평,월평동수학학원,17,0,0.0,0
2026-08-01,02-1_FC,O_103_월평,대전학원,8,0,0.0,0
2026-08-01,02-1_FC,O_103_월평,대전과외,1,0,0.0,0
2026-08-01,02-1_FC,O_103_월평,대전영어과외,4,0,0.0,0
2026-08-01,02-1_FC,O_018_노은,지족동국어학원,1,0,0.0,0
2026-08-01,02-1_FC,O_018_노은,지족동과외,2,0,0.0,0
2026-08-01,02-1_FC,O_018_노은,지족동수학과외,1,0,0.0,0
2026-08-01,02-1_FC,O_099_용호_1/2,용호동과외,2,0,0.0,0
2026-08-01,02-1_FC,O_099_용호_1/2,용호동수학과외,1,0,0.0,0
2026-08-01,02-1_FC,O_099_용호_1/2,남천동수학학원,11,0,0.0,0
2026-08-01,02-1_FC,O_099_용호_1/2,남천동관리형독서실,1,0,0.0,0
2026-08-01,02-1_FC,O_099_용호_1/2,남천동수학과외,1,0,0.0,0
2026-08-01,02-1_FC,O_099_용호_1/2,대연동과외,1,0,0.0,0
2026-08-01,02-1_FC,O_099_용호_1/2,대연동수학과외,1,0,0.0,0
2026-08-01,02-1_FC,O_099_용호_1/2,대연동영어과외,1,0,0.0,0
2026-08-01,02-1_FC,O_136_화명2,북구진학상담,2,0,0.0,0
2026-08-01,02-1_FC,O_136_화명2,화명동공부방,2,0,0.0,0
2026-08-01,02-1_FC,O_136_화명2,화명동과외,2,0,0.0,0
2026-08-01,02-1_FC,O_136_화명2,화명동중등수학학원,1,0,0.0,0
2026-08-01,02-1_FC,O_136_화명2,화명동수학학원,16,0,0.0,0
2026-08-01,02-1_FC,O_136_화명2,화명동국어학원,9,0,0.0,0
2026-08-01,02-1_FC,O_136_화명2,화명동수학,1,0,0.0,0
2026-08-01,02-1_FC,O_136_화명2,화명동영어학원,11,0,0.0,0
2026-08-01,02-1_FC,O_136_화명2,화명영어학원,1,0,0.0,0
2026-08-01,02-1_FC,O_098_왕지,순천학원,2,0,0.0,0
2026-08-01,02-1_FC,O_098_왕지,순천과외,2,0,0.0,0
2026-08-01,02-1_FC,O_098_왕지,순천영어과외,3,0,0.0,0
2026-08-01,02-1_FC,O_065_사직,동래과외,2,0,0.0,0
2026-08-01,02-1_FC,O_065_사직,사직동학원,2,0,0.0,0
2026-08-01,02-1_FC,O_065_사직,사직동국어학원,2,0,0.0,0
2026-08-01,02-1_FC,O_065_사직,사직동영어학원,22,0,0.0,0
2026-08-01,02-1_FC,O_065_사직,사직동수학학원,5,0,0.0,0
2026-08-01,02-1_FC,O_065_사직,사직동영어학원추천,1,0,0.0,0
2026-08-01,02-1_FC,O_065_사직,사직동과외,2,0,0.0,0
2026-08-01,02-1_FC,O_065_사직,사직동영어,3,0,0.0,0
2026-08-01,02-1_FC,O_065_사직,동래구과외,1,0,0.0,0
2026-08-01,02-1_FC,O_094_연제1,거제동수학과외,1,0,0.0,0
2026-08-01,02-1_FC,O_094_연제1,거제학원,5,0,0.0,0
2026-08-01,02-1_FC,O_111_전농,동대문구학원,1,0,0.0,0
2026-08-01,02-1_FC,O_111_전농,답십리영어과외,4,0,0.0,0
2026-08-01,02-1_FC,O_111_전농,전농동영어과외,3,0,0.0,0
2026-08-01,02-1_FC,O_111_전농,장안동영어과외,1,0,0.0,0
2026-08-01,02-1_FC,O_111_전농,청량리수학과외,1,0,0.0,0
2026-08-01,02-1_FC,O_069_상계,노원학원,2,0,0.0,0
2026-08-01,02-1_FC,O_069_상계,노원역학원,2,0,0.0,0
2026-08-01,02-1_FC,O_093_연신내,갈현동수학학원,2,0,0.0,0
2026-08-01,02-1_FC,O_093_연신내,갈현동수학,3,0,0.0,0
2026-08-01,02-1_FC,O_093_연신내,은평구학원,1,0,0.0,0
2026-08-01,02-1_FC,O_093_연신내,은평구영어과외,1,0,0.0,0
2026-08-01,02-1_FC,O_093_연신내,구산동학원,1,0,0.0,0
2026-08-01,02-1_FC,O_093_연신내,진관동영어과외,2,0,0.0,0
2026-08-01,02-1_FC,O_001_가좌,가좌동영어학원,3,0,0.0,0
2026-08-01,02-1_FC,O_001_가좌,가좌동영어,1,0,0.0,0
2026-08-01,02-1_FC,O_001_가좌,명지대과외,1,0,0.0,0
2026-08-01,02-1_FC,O_001_가좌,홍은동영어학원,2,0,0.0,0
2026-08-01,02-1_FC,O_001_가좌,홍은동수학과외,1,0,0.0,0
2026-08-01,02-1_FC,O_001_가좌,신사동수학과외,4,0,0.0,0
2026-08-01,02-1_FC,O_061_분당이매,이매동고등수학학원,1,0,0.0,0
2026-08-01,02-1_FC,O_088_쌍용,천안학원,11,0,0.0,0
2026-08-01,02-1_FC,O_088_쌍용,천안국어학원,10,0,0.0,0
2026-08-01,02-1_FC,O_088_쌍용,천안영어학원,5,0,0.0,0
2026-08-01,02-1_FC,O_088_쌍용,천안수학학원,3,0,0.0,0
2026-08-01,02-1_FC,O_088_쌍용,천안과외,7,0,0.0,0
2026-08-01,02-1_FC,O_088_쌍용,천안영어,14,0,0.0,0
2026-08-01,02-1_FC,O_088_쌍용,천안수학과외,6,0,0.0,0
2026-08-01,02-1_FC,O_088_쌍용,천안영어과외,7,0,0.0,0
2026-08-01,02-1_FC,O_088_쌍용,불당동학원,9,0,0.0,0
2026-08-01,02-1_FC,O_088_쌍용,불당수학학원추천,1,0,0.0,0
2026-08-01,02-1_FC,O_025_대치한티,한티역영어학원,2,0,0.0,0
2026-08-01,02-1_FC,O_025_대치한티,한티역수학학원,3,0,0.0,0
2026-08-01,02-1_FC,O_025_대치한티,대치동학원,1,0,0.0,0
2026-08-01,02-1_FC,O_025_대치한티,대치동국어학원추천,3,0,0.0,0
2026-08-01,02-1_FC,O_025_대치한티,대치동초등수학학원,2,0,0.0,0
2026-08-01,02-1_FC,O_025_대치한티,대치동고등수학학원,7,0,0.0,0
2026-08-01,02-1_FC,O_025_대치한티,대치동국어,28,0,0.0,0
2026-08-01,02-1_FC,O_025_대치한티,대치동영어,10,0,0.0,0
2026-08-01,02-1_FC,O_025_대치한티,대치동수학,8,0,0.0,0
2026-08-01,02-1_FC,O_128_테크노,관평동학원,1,0,0.0,0
2026-08-01,02-1_FC,O_128_테크노,관평동국어학원,1,0,0.0,0
2026-08-01,02-1_FC,O_128_테크노,관평동영어학원,4,0,0.0,0
2026-08-01,02-1_FC,O_062_분평_1/2,청주학원,8,0,0.0,0
2026-08-01,02-1_FC,O_062_분평_1/2,청주과외,2,0,0.0,0
2026-08-01,02-1_FC,O_062_분평_1/2,청주영어과외,1,0,0.0,0
2026-08-01,02-1_FC,O_062_분평_1/2,분평동수학과외,4,0,0.0,0
2026-08-01,02-1_FC,O_062_분평_1/2,산남동영어과외,1,0,0.0,0
2026-08-01,02-1_FC,O_048_방배,방배동영어학원,2,0,0.0,0
2026-08-01,02-1_FC,O_048_방배,방배동수학학원,4,0,0.0,0
2026-08-01,02-1_FC,O_048_방배,방배동수학,3,0,0.0,0
2026-08-01,02-1_FC,O_048_방배,방배동수학과외,1,0,0.0,0
2026-08-01,02-1_FC,O_048_방배,방배동영어과외,1,0,0.0,0
2026-08-01,02-1_FC,O_145_하남미사,하남학원,2,0,0.0,0
2026-08-01,02-1_FC,O_145_하남미사,강일동학원,1,0,0.0,0
2026-08-01,02-1_FC,O_145_하남미사,미사수학과외,1,0,0.0,0
2026-08-01,02-1_FC,O_145_하남미사,풍산동학원,1,0,0.0,0
2026-08-01,02-1_FC,O_149_서강,용강동학원,1,0,0.0,0
2026-08-01,02-1_FC,O_150_잠실새내_1/2,송파입시학원,5,0,0.0,0
2026-08-01,02-1_FC,O_150_잠실새내_1/2,잠실관리형독서실,5,0,0.0,0
2026-08-01,02-1_FC,O_150_잠실새내_1/2,송파관리형독서실,5,0,0.0,0
2026-08-01,02-1_FC,O_150_잠실새내_1/2,송파구영어학원,2,0,0.0,0
2026-08-01,02-1_FC,O_150_잠실새내_1/2,송파구학원,3,0,0.0,0
2026-08-01,02-1_FC,O_150_잠실새내_1/2,송파국어학원,1,0,0.0,0
2026-08-01,02-1_FC,O_150_잠실새내_1/2,송파수학학원,11,0,0.0,0
2026-08-01,02-1_FC,O_150_잠실새내_1/2,송파영어학원,9,0,0.0,0
2026-08-01,02-1_FC,O_150_잠실새내_1/2,송파학원,4,0,0.0,0
2026-08-01,02-1_FC,O_150_잠실새내_1/2,잠실동영어학원,1,0,0.0,0
2026-08-01,02-1_FC,O_150_잠실새내_1/2,잠실수학학원,13,0,0.0,0
2026-08-01,02-1_FC,O_150_잠실새내_1/2,잠실영어학원,1,0,0.0,0
2026-08-01,02-1_FC,O_150_잠실새내_1/2,잠실학원,1,0,0.0,0
2026-08-01,02-1_FC,O_150_잠실새내_1/2,송파중등국어학원,1,0,0.0,0
2026-08-01,02-1_FC,O_150_잠실새내_1/2,송파동과학학원,1,1,2216.0,0
2026-08-01,02-1_FC,O_151_원효_1/3,용산구영어학원,1,0,0.0,0
2026-08-01,02-1_FC,O_151_원효_1/3,용산영어학원,1,0,0.0,0
2026-08-01,02-1_FC,O_151_원효_1/3,남영동영어과외,1,0,0.0,0
2026-08-01,02-1_FC,O_151_원효_2/3,용산동수학과외,1,0,0.0,0
2026-08-01,02-1_FC,O_151_원효_2/3,용산동중등영어학원,1,0,0.0,0
2026-08-01,02-1_FC,O_151_원효_3/3,선린중영어학원,1,0,0.0,0
2026-08-01,02-1_FC,O_152_남동탄_1/2,산척동수학학원,2,0,0.0,0
2026-08-01,02-1_FC,O_152_남동탄_1/2,중앙학원,2,0,0.0,0
2026-08-01,02-1_FC,O_152_남동탄_1/2,남동탄수학학원,13,0,0.0,0
2026-08-01,02-1_FC,O_152_남동탄_1/2,동탄국제고수학학원,1,0,0.0,0
2026-08-01,02-1_FC,O_152_남동탄_1/2,동탄중국어학원,12,0,0.0,0
2026-08-01,02-1_FC,O_027_돈암_1/3,돈암동학원,1,0,0.0,0
2026-08-01,02-1_FC,O_027_돈암_1/3,돈암동영어학원,1,0,0.0,0
2026-08-01,02-1_FC,O_064_사우_1/2,사우동고등수학학원,1,0,0.0,0
2026-08-01,02-1_FC,O_064_사우_1/2,북변동영어학원,3,0,0.0,0
2026-08-01,02-1_FC,O_064_사우_1/2,북변동국어학원,1,0,0.0,0
2026-08-01,02-1_FC,O_064_사우_1/2,풍무동수학학원,7,0,0.0,0
2026-08-01,02-1_FC,O_064_사우_1/2,풍무동영어학원,7,0,0.0,0
2026-08-01,02-1_FC,O_064_사우_1/2,사우동학원,2,0,0.0,0
2026-08-01,02-1_FC,O_064_사우_1/2,사우동영어과외,4,0,0.0,0
2026-08-01,02-1_FC,O_064_사우_1/2,사우동수학학원,18,0,0.0,0
2026-08-01,02-1_FC,O_064_사우_1/2,사우동과학학원,2,0,0.0,0
2026-08-01,02-1_FC,O_027_돈암_2/3,용문고내신,1,0,0.0,0
2026-08-01,02-1_FC,O_027_돈암_3/3,성신여고내신,1,0,0.0,0
2026-08-01,02-1_FC,O_064_사우_2/2,김포중국어학원,5,0,0.0,0
2026-08-01,02-1_FC,O_023_대방_3/3,울산중국어학원,13,0,0.0,0
2026-08-01,02-1_FC,O_153_상도_1/2,흑석동수학학원,1,0,0.0,0
2026-08-01,02-1_FC,O_153_상도_2/2,구암고수학학원,1,0,0.0,0
2026-08-01,02-1_FC,O_153_상도_2/2,동작고영어학원,1,0,0.0,0
2026-08-01,02-1_FC,O_155_다산_1/2,다산관리형독서실,1,0,0.0,0
2026-08-01,02-1_FC,O_155_다산_1/2,다산국어학원,2,0,0.0,0
2026-08-01,02-1_FC,O_155_다산_1/2,다산동수학과외,2,0,0.0,0
2026-08-01,02-1_FC,O_155_다산_1/2,다산동수학학원,9,0,0.0,0
2026-08-01,02-1_FC,O_155_다산_1/2,다산수학학원,10,0,0.0,0
2026-08-01,02-1_FC,O_155_다산_1/2,다산중등영어학원,3,0,0.0,0
2026-08-01,02-1_FC,O_155_다산_1/2,다산학원,1,0,0.0,0
2026-08-01,02-1_FC,O_155_다산_1/2,도농과학학원,2,0,0.0,0
2026-08-01,02-1_FC,O_155_다산_1/2,진건지구과학과외,1,0,0.0,0
2026-08-01,02-1_FC,O_156_광주화정_2/3,상일여고내신,1,0,0.0,0
2026-08-01,02-1_FC,O_156_광주화정_2/3,상일여고영어학원,1,0,0.0,0
2026-08-01,02-1_FC,O_156_광주화정_1/3,광주입시학원,2,0,0.0,0
2026-08-01,02-1_FC,O_156_광주화정_1/3,에듀플렉스광주화정,1,0,0.0,0
2026-08-01,02-1_FC,O_156_광주화정_1/3,광주관리형독서실,7,0,0.0,0
2026-08-01,02-1_FC,O_156_광주화정_1/3,광주고등과외,1,0,0.0,0
2026-08-01,02-1_FC,O_156_광주화정_1/3,광주과학과외,1,0,0.0,0
2026-08-01,02-1_FC,O_156_광주화정_1/3,광주국어학원,1,0,0.0,0
2026-08-01,02-1_FC,O_156_광주화정_1/3,광주수학과외,1,0,0.0,0
2026-08-01,02-1_FC,O_156_광주화정_1/3,광주영어과외,3,0,0.0,0
2026-08-01,02-1_FC,O_156_광주화정_1/3,화정동수학학원,7,0,0.0,0
2026-08-01,02-1_FC,O_158_광명소하,소하동수학과외,1,0,0.0,0
2026-08-01,02-1_FC,O_158_광명소하,광명과외,1,0,0.0,0
2026-08-01,02-1_FC,O_158_광명소하,광명수학과외,1,0,0.0,0
2026-08-01,02-1_FC,O_158_광명소하,광명수학학원,2,0,0.0,0
2026-08-01,02-1_FC,O_159_광명하안,광명과외,1,0,0.0,0
2026-08-01,02-1_FC,O_159_광명하안,광명수학학원,2,0,0.0,0
2026-08-01,02-1_FC,O_159_광명하안,광명에듀플렉스,2,0,0.0,0
2026-08-01,02-1_FC,O_159_광명하안,광명역수학,1,0,0.0,0
2026-08-01,02-1_FC,O_160_단구,원주과학과외,1,0,0.0,0
2026-08-01,02-1_FC,O_160_단구,원주관리형독서실,7,1,6555.0,0
2026-08-01,02-1_FC,O_160_단구,원주수학학원,8,0,0.0,0
2026-08-01,02-1_FC,O_160_단구,원주윈터스쿨,1,0,0.0,0
2026-08-01,02-1_FC,O_161_분당정자,정자동고등수학학원,2,0,0.0,0
2026-08-01,02-1_FC,O_161_분당정자,정자동관리형독서실,7,0,0.0,0
2026-08-01,02-1_FC,O_161_분당정자,정자동학원,1,0,0.0,0
2026-08-01,02-1_FC,O_162_불당,불당관리형독서실,1,0,0.0,0
2026-08-01,02-1_FC,O_162_불당,불당영어,1,0,0.0,0
2026-08-01,02-1_FC,O_162_불당,불당동과학학원,2,0,0.0,0
2026-08-01,02-1_FC,O_162_불당,불당동관리형독서실,3,0,0.0,0
2026-08-01,02-1_FC,O_162_불당,불당동국어학원,1,0,0.0,0
2026-08-01,02-1_FC,O_162_불당,불당동수학학원,19,0,0.0,0
2026-08-01,02-1_FC,O_162_불당,불당동영어학원,15,0,0.0,0
2026-08-01,02-1_FC,O_162_불당,불당동학원,2,0,0.0,0
2026-08-01,02-1_FC,O_162_불당,천안고등수학학원,1,0,0.0,0
2026-08-01,02-1_FC,O_162_불당,천안과학학원,4,0,0.0,0
2026-08-01,02-1_FC,O_162_불당,천안관리형독서실,7,0,0.0,0
2026-08-01,02-1_FC,O_162_불당,천안국어과외,1,0,0.0,0
2026-08-01,02-1_FC,O_162_불당,천안국어학원,2,0,0.0,0
2026-08-01,02-1_FC,O_162_불당,천안수학학원,1,0,0.0,0
2026-08-01,02-1_FC,O_162_불당,천안영어학원,7,0,0.0,0
2026-08-01,02-1_FC,O_165_유니시티,창원수학,1,0,0.0,0
2026-08-01,02-1_FC,O_165_유니시티,창원수학학원,1,0,0.0,0
2026-08-01,02-1_FC,O_165_유니시티,창원영어과외,5,1,4168.0,0
2026-08-01,02-1_FC,O_165_유니시티,창원영어학원,1,0,0.0,0
2026-08-01,02-1_FC,O_165_유니시티,창원입시상담,8,1,1820.0,0
2026-08-01,02-1_FC,O_165_유니시티,창원기숙학원,3,0,0.0,0
2026-08-01,02-1_FC,O_163_송촌,송촌동과외,1,0,0.0,0
2026-08-01,02-1_FC,O_163_송촌,송촌동수학과외,1,0,0.0,0
2026-08-01,02-1_FC,O_163_송촌,송촌동수학학원,4,0,0.0,0
2026-08-01,02-1_FC,O_163_송촌,송촌동영어학원,13,0,0.0,0
2026-08-01,02-1_FC,O_163_송촌,송촌동학원,1,0,0.0,0
2026-08-01,02-1_FC,O_163_송촌,법동과외,1,0,0.0,0
2026-08-01,02-1_FC,O_163_송촌,중리동수학과외,2,0,0.0,0
2026-08-01,02-1_FC,O_168_도안,도안에듀플렉스,2,0,0.0,0
2026-08-01,02-1_FC,O_168_도안,도안영어학원,1,0,0.0,0
2026-08-01,02-1_FC,O_168_도안,원신흥동수학,1,0,0.0,0
2026-08-01,02-1_FC,O_168_도안,원신흥동수학과외,2,0,0.0,0
2026-08-01,02-1_FC,O_168_도안,원신흥동영어,1,0,0.0,0
2026-08-01,02-1_FC,O_168_도안,유성구국어학원,1,0,0.0,0
2026-08-01,02-1_FC,O_169_분당정자,정자동관리형독서실,4,0,0.0,0
2026-08-01,02-1_FC,O_170_송파역,석촌동영어과외,1,0,0.0,0
2026-08-01,02-1_FC,O_171_개포점,개포동학원,1,0,0.0,0
2026-08-01,02-1_FC,O_172_산곡점,석남동과외,1,0,0.0,0
2026-08-01,02-1_FC,O_172_산곡점,갈산동중등영어학원,1,0,0.0,0
2026-08-01,02-1_FC,O_172_산곡점,산곡동입시학원,1,0,0.0,0
2026-08-01,02-1_FC,O_172_산곡점,인천수학학원,4,0,0.0,0
2026-08-01,02-1_FC,O_174_하계점,중계동학원,5,0,0.0,0
2026-08-01,02-1_FC,O_174_하계점,월계동국영수학원,1,0,0.0,0
2026-08-01,02-1_FC,O_174_하계점,중계동입시상담,1,0,0.0,0
2026-08-01,02-1_FC,O_173_등촌점,가양동영어과외,1,0,0.0,0
2026-08-01,02-1_FC,O_173_등촌점,염창동학원,1,0,0.0,0
2026-08-01,02-1_FC,O_175_별내점,별내동학원,1,0,0.0,0
2026-08-01,02-1_FC,O_176_문화점,오류동국어학원,1,0,0.0,0
2026-08-01,02-1_FC,O_176_문화점,유천동수학학원,1,0,0.0,0
2026-08-01,02-1_FC,O_176_문화점,태평동수학학원,1,0,0.0,0
2026-08-01,02-1_FC,O_176_문화점,용두동수학학원,1,0,0.0,0
2026-08-01,02-1_FC,O_182_행당점,왕십리수학학원,1,0,0.0,0
2026-08-01,02-1_FC,O_182_행당점,왕십리영어학원,4,0,0.0,0
2026-08-01,02-1_FC,O_191_구의점,자양동수학학원,9,0,0.0,0
2026-08-01,02-1_FC,O_191_구의점,자양동영어학원,32,0,0.0,0
2026-08-01,02-1_FC,O_191_구의점,자양동과학학원,1,0,0.0,0
2026-08-01,02-1_FC,O_191_구의점,능동수학학원,1,0,0.0,0
2026-08-01,02-1_FC,O_189_고척점,고척수학학원,1,0,0.0,0
2026-08-01,02-1_FC,O_189_고척점,광명동수학학원,1,0,0.0,0
2026-08-01,02-1_FC,O_184_비전점,동삭동학원,1,0,0.0,0
2026-08-01,02-1_FC,O_184_비전점,비전동국어학원,1,0,0.0,0
2026-08-01,02-1_FC,O_183_신정점,고척동수학학원,1,0,0.0,0
2026-08-01,02-1_FC,O_181_주엽점,주엽역영어학원,1,0,0.0,0
2026-08-01,02-1_FC,O_180_마곡점,마곡역수학학원,1,0,0.0,0
2026-08-01,02-1_FC,O_178_진관점,구파발역수학학원,2,0,0.0,0
2026-08-01,02-1_FC,O_179_신갈점,신갈동수학학원,1,0,0.0,0
2026-08-01,02-1_FC,O_179_신갈점,구갈동영어학원,2,0,0.0,0
2026-08-01,02-1_FC,O_177_운양점,운양동수학학원,2,0,0.0,0
2026-08-01,02-1_FC,O_177_운양점,운양동영어학원,9,0,0.0,0
2026-08-01,02-1_FC,O_177_운양점,운양국어학원,1,0,0.0,0
2026-08-01,02-1_FC,O_177_운양점,운양내신대비,1,0,0.0,0
2026-08-01,09_진로진학,진로진학_PC,직업상담,1,0,0.0,0
2026-08-01,09_진로진학,진로진학_PC,직업적성검사,4,0,0.0,0
2026-08-01,09_진로진학,진로진학_PC,진로,7,0,0.0,0
2026-08-01,09_진로진학,진로진학_PC,진로검사,2,0,0.0,0
2026-08-01,09_진로진학,진로진학_PC,진로교육,2,0,0.0,0
2026-08-01,09_진로진학,진로진학_PC,진로적성검사,5,0,0.0,0
2026-08-01,09_진로진학,진로진학_PC,진로찾기,1,0,0.0,0
2026-08-01,09_진로진학,진로진학_PC,진로탐색,2,0,0.0,0
2026-08-01,09_진로진학,진로진학_PC,청소년진로,1,0,0.0,0
2026-08-01,09_진로진학,진로진학_MO,나에게맞는직업찾기,1,0,0.0,0
2026-08-01,09_진로진학,진로진학_MO,진로,2,0,0.0,0
2026-08-01,09_진로진학,진로진학_MO,진로고민,6,0,0.0,0
2026-08-01,09_진로진학,진로진학_MO,진로상담,5,0,0.0,0
2026-08-01,09_진로진학,진로진학_MO,진로선택,1,0,0.0,0
2026-08-01,09_진로진학,진로진학_MO,진로적성검사,1,0,0.0,0
2026-08-01,09_진로진학,진로진학_MO,진로탐색,3,0,0.0,0
2026-08-01,09_진로진학,진로진학_MO,아이기질검사,1,0,0.0,0
2026-08-01,09_진로진학,진로진학_MO,직업상담,7,0,0.0,0
2026-08-01,00_브랜드,01 브랜드,에듀코치,3,0,0.0,0
2026-08-01,00_브랜드,01 브랜드,에듀플렉스,250,3,2908.0,0
2026-08-01,00_브랜드,01 브랜드,에듀플렉스공부방법,3,0,0.0,0
2026-08-01,00_브랜드,01 브랜드,에듀플렉스과학,1,0,0.0,0
2026-08-01,00_브랜드,01 브랜드,에듀플렉스수학,1,0,0.0,0
2026-08-01,00_브랜드,01 브랜드,에듀플렉스중학생,1,0,0.0,0
2026-08-01,00_브랜드,01 브랜드,에듀플렉스후기,6,0,0.0,0
2026-08-01,00_브랜드,01 브랜드,에듀코치개별지도,102,0,0.0,0
2026-08-01,00_브랜드,01 브랜드,고2에듀플렉스,1,0,0.0,0
2026-08-01,00_브랜드,01 브랜드,고등에듀플렉스,1,0,0.0,0
2026-08-01,00_브랜드,01 브랜드,과천에듀플렉스,1,0,0.0,0
2026-08-01,00_브랜드,01 브랜드,대구에듀플렉스,1,0,0.0,0
2026-08-01,00_브랜드,01 브랜드,대전에듀플렉스,1,0,0.0,0
2026-08-01,00_브랜드,01 브랜드,부산에듀플렉스,3,1,77.0,0
2026-08-01,00_브랜드,01 브랜드,수원에듀플렉스,1,0,0.0,0
2026-08-01,00_브랜드,01 브랜드,에듀플렉스검사,1,0,0.0,0
2026-08-01,00_브랜드,01 브랜드,에듀플렉스국어,1,0,0.0,0
2026-08-01,00_브랜드,01 브랜드,에듀플렉스수학학원,1,0,0.0,0
2026-08-01,00_브랜드,01 브랜드,에듀플렉스초등,1,0,0.0,0
2026-08-01,00_브랜드,01 브랜드,울산에듀플렉스,1,0,0.0,0
2026-08-01,00_브랜드,01 브랜드,창원에듀플렉스,1,0,0.0,0
2026-08-01,00_브랜드,01 브랜드,청주에듀플렉스,1,0,0.0,0
2026-08-01,00_브랜드,01 브랜드,VLT,14,0,0.0,0
2026-08-01,00_브랜드,01 브랜드,강동구에듀플렉스,2,0,0.0,0
2026-08-01,00_브랜드,01 브랜드,학습유형검사,50,0,0.0,0
2026-08-01,00_브랜드,01 브랜드,학습전략검사,1,0,0.0,0
2026-08-01,00_브랜드,01 브랜드,에듀플렉스가격,3,0,0.0,0
2026-08-01,03_에듀코치_PC,01_시험,수능공부,2,0,0.0,0
2026-08-01,03_에듀코치_PC,01_시험,모의고사,74,0,0.0,0
2026-08-01,03_에듀코치_PC,01_시험,중간고사,2,0,0.0,0
2026-08-01,03_에듀코치_PC,01_시험,기말고사,1,0,0.0,0
2026-08-01,03_에듀코치_PC,01_시험,새학기준비,2,0,0.0,0
2026-08-01,03_에듀코치_PC,02_시험조합_1/2,영어시험대비,1,0,0.0,0
2026-08-01,03_에듀코치_PC,02_시험조합_1/2,고등국어공부,1,0,0.0,0
2026-08-01,03_에듀코치_PC,02_시험조합_1/2,중학생수학공부,1,0,0.0,0
2026-08-01,03_에듀코치_PC,02_시험조합_1/2,영어공부,30,0,0.0,0
2026-08-01,03_에듀코치_PC,02_시험조합_1/2,중1공부,1,0,0.0,0
2026-08-01,03_에듀코치_PC,02_시험조합_1/2,고등영어공부법,1,0,0.0,0
2026-08-01,03_에듀코치_PC,02_시험조합_1/2,중3공부법,2,0,0.0,0
2026-08-01,03_에듀코치_PC,02_시험조합_1/2,중학생공부법,1,0,0.0,0
2026-08-01,03_에듀코치_PC,02_시험조합_1/2,영어학습,10,0,0.0,0
2026-08-01,03_에듀코치_PC,02_시험조합_1/2,학습,7,0,0.0,0
2026-08-01,03_에듀코치_PC,02_시험조합_1/2,중1국어,1,0,0.0,0
2026-08-01,03_에듀코치_PC,02_시험조합_1/2,중등국어,2,0,0.0,0
2026-08-01,03_에듀코치_PC,02_시험조합_1/2,고등국어,1,0,0.0,0
2026-08-01,03_에듀코치_PC,02_시험조합_1/2,예비고1국어,1,0,0.0,0
2026-08-01,03_에듀코치_PC,02_시험조합_1/2,중1수학,5,0,0.0,0
2026-08-01,03_에듀코치_PC,02_시험조합_1/2,중3수학,1,0,0.0,0
2026-08-01,03_에듀코치_PC,02_시험조합_1/2,중학생수학,8,0,0.0,0
2026-08-01,03_에듀코치_PC,02_시험조합_1/2,고1수학,1,0,0.0,0
2026-08-01,03_에듀코치_PC,02_시험조합_1/2,영어,1,0,0.0,0
2026-08-01,03_에듀코치_PC,02_시험조합_1/2,중1영어,1,0,0.0,0
2026-08-01,03_에듀코치_PC,02_시험조합_1/2,중2영어,2,0,0.0,0
2026-08-01,03_에듀코치_PC,02_시험조합_1/2,중학생영어,4,0,0.0,0
2026-08-01,03_에듀코치_PC,02_시험조합_1/2,과학공부,1,0,0.0,0
2026-08-01,03_에듀코치_PC,02_시험조합_1/2,중등영어내신,1,0,0.0,0
2026-08-01,03_에듀코치_PC,02_시험조합_1/2,고등수학공부법,1,0,0.0,0
2026-08-01,03_에듀코치_PC,02_시험조합_1/2,과학학습,3,0,0.0,0
2026-08-01,03_에듀코치_PC,02_시험조합_1/2,수학기출,1,0,0.0,0
2026-08-01,03_에듀코치_PC,02_시험조합_1/2,중2수학기출,4,0,0.0,0
2026-08-01,03_에듀코치_PC,02_시험조합_1/2,중3수학기출,1,0,0.0,0
2026-08-01,03_에듀코치_PC,02_시험조합_1/2,수학시험,2,0,0.0,0
2026-08-01,03_에듀코치_PC,02_시험조합_1/2,영어시험,3,0,0.0,0
2026-08-01,03_에듀코치_PC,02_시험조합_2/2,중등사회,3,0,0.0,0
2026-08-01,03_에듀코치_PC,02_시험조합_2/2,중등,1,0,0.0,0
2026-08-01,03_에듀코치_PC,02_시험조합_2/2,고등영어내신,8,0,0.0,0
2026-08-01,03_에듀코치_PC,02_시험조합_2/2,중1내신,1,0,0.0,0
2026-08-01,03_에듀코치_PC,02_시험조합_2/2,중3내신,1,0,0.0,0
2026-08-01,03_에듀코치_PC,02_시험조합_2/2,중학생내신,1,0,0.0,0
2026-08-01,03_에듀코치_PC,02_시험조합_2/2,고2내신,3,0,0.0,0
2026-08-01,03_에듀코치_PC,02_시험조합_2/2,고3내신,4,0,0.0,0
2026-08-01,03_에듀코치_PC,02_시험조합_2/2,고등수학내신,1,0,0.0,0
2026-08-01,03_에듀코치_PC,02_시험조합_2/2,고등영어내신대비,1,0,0.0,0
2026-08-01,03_에듀코치_PC,02_시험조합_2/2,고3수학기출,1,0,0.0,0
2026-08-01,03_에듀코치_PC,02_시험조합_2/2,중학생시험,3,0,0.0,0
2026-08-01,03_에듀코치_PC,03_학원_1/2,고1국어,3,0,0.0,0
2026-08-01,03_에듀코치_PC,03_학원_1/2,고3국어,1,0,0.0,0
2026-08-01,03_에듀코치_PC,03_학원_1/2,사회,14,0,0.0,0
2026-08-01,03_에듀코치_PC,03_학원_1/2,중1사회,6,0,0.0,0
2026-08-01,03_에듀코치_PC,03_학원_1/2,수학,13,0,0.0,0
2026-08-01,03_에듀코치_PC,03_학원_1/2,고1수학,5,0,0.0,0
2026-08-01,03_에듀코치_PC,03_학원_1/2,중등영어,11,0,0.0,0
2026-08-01,03_에듀코치_PC,03_학원_1/2,고1영어,1,0,0.0,0
2026-08-01,03_에듀코치_PC,03_학원_1/2,중등,4,0,0.0,0
2026-08-01,03_에듀코치_PC,03_학원_1/2,수학학원,6,0,0.0,0
2026-08-01,03_에듀코치_PC,03_학원_1/2,영어학원,3,0,0.0,0
2026-08-01,03_에듀코치_PC,03_학원_1/2,수학학원추천,4,0,0.0,0
2026-08-01,03_에듀코치_PC,03_학원_1/2,영어학원추천,7,0,0.0,0
2026-08-01,03_에듀코치_PC,03_학원_1/2,학원추천,3,0,0.0,0
2026-08-01,03_에듀코치_PC,03_학원_1/2,영어전문학원,1,0,0.0,0
2026-08-01,03_에듀코치_PC,03_학원_1/2,소수정예,1,0,0.0,0
2026-08-01,03_에듀코치_PC,03_학원_2/2,고2수학,2,0,0.0,0
2026-08-01,03_에듀코치_MO,01_시험,기말고사준비,1,0,0.0,0
2026-08-01,03_에듀코치_MO,01_시험,수능공부,3,0,0.0,0
2026-08-01,03_에듀코치_MO,01_시험,기말고사공부,2,0,0.0,0
2026-08-01,03_에듀코치_MO,01_시험,중간고사대비,1,0,0.0,0
2026-08-01,03_에듀코치_MO,01_시험,기말고사대비,1,0,0.0,0
2026-08-01,03_에듀코치_MO,01_시험,기말대비,1,0,0.0,0
2026-08-01,03_에듀코치_MO,01_시험,기말고사공부법,1,0,0.0,0
2026-08-01,03_에듀코치_MO,01_시험,모의고사,8,0,0.0,0
2026-08-01,03_에듀코치_MO,01_시험,기말고사,5,0,0.0,0
2026-08-01,03_에듀코치_MO,01_시험,수학능력시험,8,0,0.0,0
2026-08-01,03_에듀코치_MO,01_시험,서술형,3,0,0.0,0
2026-08-01,03_에듀코치_MO,01_시험,기말,1,0,0.0,0
2026-08-01,03_에듀코치_MO,02_시험조합_1/2,수학시험대비,50,0,0.0,0
2026-08-01,03_에듀코치_MO,02_시험조합_1/2,예비중1국어공부,2,0,0.0,0
2026-08-01,03_에듀코치_MO,02_시험조합_1/2,고2국어공부,1,0,0.0,0
2026-08-01,03_에듀코치_MO,02_시험조합_1/2,고3국어공부,6,0,0.0,0
2026-08-01,03_에듀코치_MO,02_시험조합_1/2,중등수학공부,1,0,0.0,0
2026-08-01,03_에듀코치_MO,02_시험조합_1/2,예비중1수학공부,14,0,0.0,0
2026-08-01,03_에듀코치_MO,02_시험조합_1/2,영어공부,67,0,0.0,0
2026-08-01,03_에듀코치_MO,02_시험조합_1/2,중학생영어공부,9,0,0.0,0
2026-08-01,03_에듀코치_MO,02_시험조합_1/2,고등영어공부,81,0,0.0,0
2026-08-01,03_에듀코치_MO,02_시험조합_1/2,예비고3영어공부,3,0,0.0,0
2026-08-01,03_에듀코치_MO,02_시험조합_1/2,사회공부,9,0,0.0,0
2026-08-01,03_에듀코치_MO,02_시험조합_1/2,중1공부,3,0,0.0,0
2026-08-01,03_에듀코치_MO,02_시험조합_1/2,중2공부,9,0,0.0,0
2026-08-01,03_에듀코치_MO,02_시험조합_1/2,중등공부,1,0,0.0,0
2026-08-01,03_에듀코치_MO,02_시험조합_1/2,예비중1공부,13,0,0.0,0
2026-08-01,03_에듀코치_MO,02_시험조합_1/2,중학생공부,35,0,0.0,0
2026-08-01,03_에듀코치_MO,02_시험조합_1/2,예비고3국어공부법,3,0,0.0,0
2026-08-01,03_에듀코치_MO,02_시험조합_1/2,고등학생국어공부법,20,0,0.0,0
2026-08-01,03_에듀코치_MO,02_시험조합_1/2,고등영어공부법,44,0,0.0,0
2026-08-01,03_에듀코치_MO,02_시험조합_1/2,고등학생영어공부법,2,0,0.0,0
2026-08-01,03_에듀코치_MO,02_시험조합_1/2,중등공부법,5,0,0.0,0
2026-08-01,03_에듀코치_MO,02_시험조합_1/2,예비중1공부법,8,0,0.0,0
2026-08-01,03_에듀코치_MO,02_시험조합_1/2,고등국어학습,16,1,921.0,0
2026-08-01,03_에듀코치_MO,02_시험조합_1/2,예비고1국어학습,2,0,0.0,0
2026-08-01,03_에듀코치_MO,02_시험조합_1/2,사회학습,5,0,0.0,0
2026-08-01,03_에듀코치_MO,02_시험조합_1/2,중등학습,1,0,0.0,0
2026-08-01,03_에듀코치_MO,02_시험조합_1/2,고등시험대비,4,0,0.0,0
2026-08-01,03_에듀코치_MO,02_시험조합_1/2,국어,8,0,0.0,0
2026-08-01,03_에듀코치_MO,02_시험조합_1/2,고1국어,66,0,0.0,0
2026-08-01,03_에듀코치_MO,02_시험조합_1/2,고2국어,99,0,0.0,0
2026-08-01,03_에듀코치_MO,02_시험조합_1/2,수학,167,0,0.0,0
2026-08-01,03_에듀코치_MO,02_시험조합_1/2,고2국영수,1,0,0.0,0
2026-08-01,03_에듀코치_MO,02_시험조합_1/2,영어,29,1,614.0,0
2026-08-01,03_에듀코치_MO,02_시험조합_1/2,고1영어,10,0,0.0,0
2026-08-01,03_에듀코치_MO,02_시험조합_1/2,예비고3공부,5,0,0.0,0
2026-08-01,03_에듀코치_MO,02_시험조합_1/2,고등수학공부,70,0,0.0,0
2026-08-01,03_에듀코치_MO,02_시험조합_1/2,예비고3수학공부,29,0,0.0,0
2026-08-01,03_에듀코치_MO,02_시험조합_1/2,고1국어내신,1,0,0.0,0
2026-08-01,03_에듀코치_MO,02_시험조합_1/2,고2국어내신,1,0,0.0,0
2026-08-01,03_에듀코치_MO,02_시험조합_1/2,고3국어내신,46,0,0.0,0
2026-08-01,03_에듀코치_MO,02_시험조합_1/2,고등국어내신,19,1,305.0,0
2026-08-01,03_에듀코치_MO,02_시험조합_1/2,고1수학내신,16,0,0.0,0
2026-08-01,03_에듀코치_MO,02_시험조합_1/2,중등영어내신,2,0,0.0,0
2026-08-01,03_에듀코치_MO,02_시험조합_1/2,고1영어내신,16,0,0.0,0
2026-08-01,03_에듀코치_MO,02_시험조합_1/2,고2영어내신,4,0,0.0,0
2026-08-01,03_에듀코치_MO,02_시험조합_1/2,고3영어내신,10,0,0.0,0
2026-08-01,03_에듀코치_MO,02_시험조합_1/2,고등과학공부법,2,0,0.0,0
2026-08-01,03_에듀코치_MO,02_시험조합_1/2,예비고3공부법,8,0,0.0,0
2026-08-01,03_에듀코치_MO,02_시험조합_1/2,고등수학공부법,24,0,0.0,0
2026-08-01,03_에듀코치_MO,02_시험조합_1/2,국어내신대비,3,0,0.0,0
2026-08-01,03_에듀코치_MO,02_시험조합_1/2,고2국어내신대비,3,0,0.0,0
2026-08-01,03_에듀코치_MO,02_시험조합_1/2,고등국어내신대비,31,1,1194.0,0
2026-08-01,03_에듀코치_MO,02_시험조합_1/2,영어내신대비,3,0,0.0,0
2026-08-01,03_에듀코치_MO,02_시험조합_1/2,고3영어내신대비,30,0,0.0,0
2026-08-01,03_에듀코치_MO,02_시험조합_1/2,과학학습,10,0,0.0,0
2026-08-01,03_에듀코치_MO,02_시험조합_1/2,고등학습,6,0,0.0,0
2026-08-01,03_에듀코치_MO,02_시험조합_1/2,고등학생학습,2,0,0.0,0
2026-08-01,03_에듀코치_MO,02_시험조합_1/2,국어기출,19,0,0.0,0
2026-08-01,03_에듀코치_MO,02_시험조합_1/2,고등국어기출,1,0,0.0,0
2026-08-01,03_에듀코치_MO,02_시험조합_1/2,수학기출,29,1,1081.0,0
2026-08-01,03_에듀코치_MO,02_시험조합_1/2,중2수학기출,3,0,0.0,0
2026-08-01,03_에듀코치_MO,02_시험조합_1/2,영어기출,17,0,0.0,0
2026-08-01,03_에듀코치_MO,02_시험조합_1/2,국어시험,22,0,0.0,0
2026-08-01,03_에듀코치_MO,02_시험조합_1/2,고1수학시험,12,0,0.0,0
2026-08-01,03_에듀코치_MO,02_시험조합_1/2,영어시험,10,0,0.0,0
2026-08-01,03_에듀코치_MO,03_학원_1/2,중등수학,1,0,0.0,0
2026-08-01,03_에듀코치_MO,03_학원_1/2,중학생수학,1,0,0.0,0
2026-08-01,03_에듀코치_MO,03_학원_1/2,중등영어,31,0,0.0,0
2026-08-01,03_에듀코치_MO,03_학원_1/2,고등영어,1,0,0.0,0
2026-08-01,03_에듀코치_MO,03_학원_1/2,수학학원,3,0,0.0,0
2026-08-01,03_에듀코치_MO,03_학원_1/2,영어학원추천,3,0,0.0,0
2026-08-01,03_에듀코치_MO,02_시험조합_2/2,중3과학,2,0,0.0,0
2026-08-01,03_에듀코치_MO,02_시험조합_2/2,고등영어내신,4,0,0.0,0
2026-08-01,03_에듀코치_MO,02_시험조합_2/2,중2내신,1,0,0.0,0
2026-08-01,03_에듀코치_MO,02_시험조합_2/2,고등내신,76,1,1056.0,0
2026-08-01,03_에듀코치_MO,02_시험조합_2/2,고등수학내신,2,0,0.0,0
2026-08-01,03_에듀코치_MO,03_학원_2/2,고2수학,1,0,0.0,0
2026-08-01,03_에듀코치_MO,03_학원_2/2,종합학원,1,0,0.0,0
2026-08-01,03_에듀코치_MO,03_학원_2/2,고등내신대비,1,0,0.0,0
2026-08-01,05_여름시즌_MO,03_캠프+기숙학원,썸머캠프,4,0,0.0,0
2026-08-01,05_여름시즌_MO,03_캠프+기숙학원,여름캠프,23,0,0.0,0
2026-08-01,05_여름시즌_MO,03_캠프+기숙학원,방학캠프,2,0,0.0,0
2026-08-01,05_여름시즌_MO,03_캠프+기숙학원,청소년캠프,20,0,0.0,0
2026-08-01,05_여름시즌_MO,03_캠프+기숙학원,여름방학캠프,15,0,0.0,0
2026-08-01,05_여름시즌_MO,03_캠프+기숙학원,중학생여름방학캠프,4,0,0.0,0
2026-08-01,05_여름시즌_MO,03_캠프+기숙학원,중학생캠프,12,0,0.0,0
2026-08-01,05_여름시즌_MO,03_캠프+기숙학원,기숙학원썸머스쿨,4,0,0.0,0
2026-08-01,05_여름시즌_MO,03_캠프+기숙학원,중학생방학캠프,2,0,0.0,0
2026-08-01,05_여름시즌_MO,03_캠프+기숙학원,방학기숙학원,2,0,0.0,0
2026-08-01,05_여름시즌_MO,03_캠프+기숙학원,여름기숙학원,2,1,2310.0,0
2026-08-01,05_여름시즌_MO,03_캠프+기숙학원,고등기숙학원,2,0,0.0,0
2026-08-01,05_여름시즌_MO,03_캠프+기숙학원,고3기숙학원,2,0,0.0,0
2026-08-01,05_여름시즌_MO,03_캠프+기숙학원,썸머스쿨기숙학원,6,0,0.0,0
2026-08-01,05_여름시즌_MO,03_캠프+기숙학원,재학생기숙학원,2,0,0.0,0
2026-08-01,05_여름시즌_MO,01_썸머스쿨,썸머스쿨,389,0,0.0,0
2026-08-01,05_여름시즌_MO,01_썸머스쿨,고2썸머스쿨,1,1,3895.0,0
2026-08-01,05_여름시즌_MO,01_썸머스쿨,중2썸머스쿨,2,1,974.0,0
2026-08-01,05_여름시즌_PC,01_썸머스쿨,썸머스쿨,367,2,6060.0,2
2026-08-01,05_여름시즌_PC,01_썸머스쿨,고3썸머스쿨,4,0,0.0,2
2026-08-01,05_여름시즌_PC,03_캠프+기숙학원,썸머캠프,12,0,0.0,2
2026-08-01,05_여름시즌_PC,03_캠프+기숙학원,여름캠프,9,0,0.0,2
2026-08-01,05_여름시즌_PC,03_캠프+기숙학원,방학캠프,14,0,0.0,2
2026-08-01,05_여름시즌_PC,03_캠프+기숙학원,청소년캠프,13,0,0.0,2
2026-08-01,05_여름시즌_PC,03_캠프+기숙학원,여름방학캠프,3,0,0.0,2
2026-08-01,05_여름시즌_PC,03_캠프+기숙학원,중학생여름방학캠프,17,0,0.0,2
2026-08-01,05_여름시즌_PC,03_캠프+기숙학원,중등여름방학캠프,6,0,0.0,2
2026-08-01,05_여름시즌_PC,03_캠프+기숙학원,고등학생여름방학캠프,1,0,0.0,2
2026-08-01,05_여름시즌_PC,03_캠프+기숙학원,고등학생캠프,12,0,0.0,2
2026-08-01,05_여름시즌_PC,03_캠프+기숙학원,중학교캠프,1,0,0.0,2
2026-08-01,05_여름시즌_PC,03_캠프+기숙학원,자기주도학습캠프,5,0,0.0,2
2026-08-01,05_여름시즌_PC,03_캠프+기숙학원,기숙학원썸머스쿨,12,0,0.0,2
2026-08-01,05_여름시즌_PC,03_캠프+기숙학원,수학캠프,1,0,0.0,2
2026-08-01,05_여름시즌_PC,03_캠프+기숙학원,멘토링캠프,1,0,0.0,2
2026-08-01,05_여름시즌_PC,03_캠프+기숙학원,중학생방학캠프,4,0,0.0,2
2026-08-01,05_여름시즌_PC,03_캠프+기숙학원,방학기숙학원,2,0,0.0,2
2026-08-01,05_여름시즌_PC,03_캠프+기숙학원,고등기숙학원,5,0,0.0,2
2026-08-01,05_여름시즌_PC,03_캠프+기숙학원,중등기숙학원,30,0,0.0,2
2026-08-01,05_여름시즌_PC,03_캠프+기숙학원,고3기숙학원,15,0,0.0,2
2026-08-01,05_여름시즌_PC,03_캠프+기숙학원,고1기숙학원,24,0,0.0,2
2026-08-01,05_여름시즌_PC,03_캠프+기숙학원,중3기숙학원,1,0,0.0,2
2026-08-01,05_여름시즌_PC,03_캠프+기숙학원,중2기숙학원,3,0,0.0,2
2026-08-01,05_여름시즌_PC,03_캠프+기숙학원,썸머스쿨기숙학원,3,0,0.0,2
2026-08-01,05_여름시즌_PC,03_캠프+기숙학원,재학생기숙학원,1,0,0.0,2
2026-08-01,05_여름시즌_PC,03_캠프+기숙학원,썸머기숙학원,1,0,0.0,2
2026-08-01,06_초등_MO,01_자기주도학습,초등공부,68,0,0.0,0
2026-08-01,06_초등_MO,01_자기주도학습,초등학습,2,0,0.0,0
2026-08-01,06_초등_MO,01_자기주도학습,초등공부습관,1,0,0.0,0
2026-08-01,06_초등_MO,01_자기주도학습,초등공부습관만들기,1,0,0.0,0
2026-08-01,06_초등_MO,03_인강/과외,초5과외,1,0,0.0,0
2026-08-01,06_초등_PC,03_인강/과외,초등공부방,8,0,0.0,0
2026-08-01,06_초등_PC,03_인강/과외,초등영어과외,2,0,0.0,0
2026-08-01,06_초등_PC,03_인강/과외,초등영어인강,5,0,0.0,0
2026-08-01,06_초등_PC,03_인강/과외,초등학생과외,2,0,0.0,0
2026-08-01,06_초등_PC,03_인강/과외,초등학생영어과외,2,0,0.0,0
2026-08-01,06_초등_PC,03_인강/과외,초등학생영어인강,10,0,0.0,0
2026-08-01,06_초등_PC,01_자기주도학습,초등공부,3,0,0.0,0
2026-08-01,06_초등_PC,01_자기주도학습,초등학습,1,0,0.0,0
2026-08-01,08_중등_MO,01_자기주도학습,중등공부,2,0,0.0,0
2026-08-01,08_중등_MO,01_자기주도학습,중등학습,2,0,0.0,0
2026-08-01,08_중등_MO,01_자기주도학습,중학교자기주도학습,6,0,0.0,0
2026-08-01,08_중등_MO,01_자기주도학습,중학교공부,2,0,0.0,0
2026-08-01,08_중등_MO,01_자기주도학습,중학교학습,1,0,0.0,0
2026-08-01,08_중등_MO,02_학원,중등학원,2,0,0.0,0
2026-08-01,08_중등_MO,02_학원,중등종합학원,2,0,0.0,0
2026-08-01,08_중등_MO,02_학원,중등전문학원,10,0,0.0,0
2026-08-01,08_중등_MO,02_학원,중등수학학원,24,0,0.0,0
2026-08-01,08_중등_MO,02_학원,중등국어학원,7,0,0.0,0
2026-08-01,08_중등_MO,02_학원,중등과학학원,4,0,0.0,0
2026-08-01,08_중등_MO,02_학원,중학교영어학원,3,0,0.0,0
2026-08-01,08_중등_MO,02_학원,중1학원,2,0,0.0,0
2026-08-01,08_중등_MO,02_학원,예비중1수학,1,0,0.0,0
2026-08-01,08_중등_MO,02_학원,중학생수학,5,0,0.0,0
2026-08-01,08_중등_MO,02_학원,중학생수학학원,12,0,0.0,0
2026-08-01,08_중등_MO,02_학원,중2학원,1,0,0.0,0
2026-08-01,08_중등_MO,04_중학교 내신,중학교내신,3144,8,8572.0,0
2026-08-01,08_중등_PC,01_자기주도학습,중학생공부,2,0,0.0,0
2026-08-01,08_중등_PC,01_자기주도학습,중등자기주도학습,1,0,0.0,0
2026-08-01,08_중등_PC,02_학원,중등영어학원추천,1,0,0.0,0
2026-08-01,08_중등_PC,02_학원,중등영어,1,0,0.0,0
2026-08-01,08_중등_PC,02_학원,중등수학학원,7,0,0.0,0
2026-08-01,08_중등_PC,02_학원,중등영어학원,9,0,0.0,0
2026-08-01,08_중등_PC,02_학원,중학교영어,4,0,0.0,0
2026-08-01,08_중등_PC,02_학원,중학교영어학원,2,0,0.0,0
2026-08-01,08_중등_PC,02_학원,중학생영어학원,4,0,0.0,0
2026-08-01,08_중등_PC,02_학원,중2수학,2,0,0.0,0
2026-08-01,08_중등_PC,02_학원,종합학원,8,0,0.0,0
2026-08-01,08_중등_PC,03_인강/과외,중3영어과외,4,0,0.0,0
2026-08-01,08_중등_PC,03_인강/과외,중3인강,3,0,0.0,0
2026-08-01,08_중등_PC,03_인강/과외,중3수학인강,1,0,0.0,0
2026-08-01,08_중등_PC,03_인강/과외,중등영어과외,4,0,0.0,0
2026-08-01,08_중등_PC,03_인강/과외,중등과학과외,3,0,0.0,0
2026-08-01,08_중등_PC,03_인강/과외,중등인강,3,0,0.0,0
2026-08-01,08_중등_PC,03_인강/과외,중등수학인강,3,0,0.0,0
2026-08-01,08_중등_PC,03_인강/과외,중등국어인강,27,0,0.0,0
2026-08-01,08_중등_PC,03_인강/과외,중등영어인강,2,0,0.0,0
2026-08-01,08_중등_PC,03_인강/과외,중학생수학과외,1,0,0.0,0
2026-08-01,08_중등_PC,03_인강/과외,중학생영어과외,4,0,0.0,0
2026-08-01,08_중등_PC,03_인강/과외,중학생인강,2,0,0.0,0
2026-08-01,08_중등_PC,03_인강/과외,중학교영어과외,4,0,0.0,0
2026-08-01,08_중등_PC,03_인강/과외,중학교과학과외,18,0,0.0,0
2026-08-01,08_중등_PC,03_인강/과외,중학교인강,1,0,0.0,0
2026-08-01,08_중등_PC,03_인강/과외,중학교영어인강,1,0,0.0,0
2026-08-01,08_중등_PC,03_인강/과외,중1영어과외,4,0,0.0,0
2026-08-01,08_중등_PC,03_인강/과외,중1인강,14,0,0.0,0
2026-08-01,08_중등_PC,03_인강/과외,중2영어과외,3,0,0.0,0
2026-08-01,08_중등_PC,04_중학교 내신,중학교내신,104,0,0.0,0
2026-08-01,16_특정 키워드,02_참고서키워드,개념원리수학,6,0,0.0,0
2026-08-01,16_특정 키워드,02_참고서키워드,참고서,1,0,0.0,0
2026-08-01,16_특정 키워드,02_참고서키워드,수학문제집추천,2,0,0.0,0
2026-08-01,16_특정 키워드,02_참고서키워드,한국사문제집,3,0,0.0,0
2026-08-01,16_특정 키워드,02_참고서키워드,개념원리수1,4,0,0.0,0
2026-08-01,16_특정 키워드,02_참고서키워드,개념원리수2,7,0,0.0,0
2026-08-01,16_특정 키워드,02_참고서키워드,주니어리딩튜터,2,0,0.0,0
2026-08-01,16_특정 키워드,02_참고서키워드,미래엔교과서구입,8,0,0.0,0
2026-08-01,16_특정 키워드,02_참고서키워드,개념원리미적분,6,0,0.0,0
2026-08-01,16_특정 키워드,02_참고서키워드,EBS초등수학,2,0,0.0,0
2026-08-01,16_특정 키워드,02_참고서키워드,수학의정석,71,0,0.0,0
2026-08-01,16_특정 키워드,02_참고서키워드,완자화학1,2,0,0.0,0
2026-08-01,16_특정 키워드,02_참고서키워드,미래엔영어,4,0,0.0,0
2026-08-01,16_특정 키워드,02_참고서키워드,미래엔수학,14,0,0.0,0
2026-08-01,16_특정 키워드,02_참고서키워드,자습서,2,0,0.0,0
2026-08-01,16_특정 키워드,03_이슈키워드,티쳐스후기,1,0,0.0,0
2026-08-01,16_특정 키워드,04_유리스마,웩슬러검사,12,0,0.0,0
2026-08-01,16_특정 키워드,04_유리스마,지능검사,18,0,0.0,0
2026-08-01,16_특정 키워드,04_유리스마,유리스마,4,0,0.0,0
2026-08-01,16_특정 키워드,미미미누 콜라보,미3누,13,0,0.0,0
2026-08-01,16_특정 키워드,미미미누 콜라보,VLT,21,1,204.0,0
2026-08-01,16_특정 키워드,미미미누 콜라보,에듀플렉스후기,10,0,0.0,0
2026-08-01,11_예비고1_MO,예비고1+관리/준비,예비고1공부,134,0,0.0,0
2026-08-01,11_예비고1_MO,예비고1+관리/준비,고등진학상담,8,0,0.0,0
2026-08-01,11_예비고1_MO,예비고1+학원/과외,예비고1학원,70,0,0.0,0
2026-08-01,11_예비고1_MO,예비고1+학원/과외,예비고1영어과외,125,0,0.0,0
2026-08-01,11_예비고1_MO,예비고1+학원/과외,예비고1영어학원,19,0,0.0,0
2026-08-01,11_예비고1_MO,예비고1+학원/과외,예비고1국어학원,31,0,0.0,0
2026-08-01,11_예비고1_MO,예비고1+학원/과외,예비고1인강,4,0,0.0,0
2026-08-01,11_예비고1_PC,예비고1+관리/준비,예비고1준비,11,0,0.0,0
2026-08-01,11_예비고1_PC,예비고1+학원/과외,예비고1과외,1,0,0.0,0
2026-08-01,11_예비고1_PC,예비고1+학원/과외,예비고1수학과외,5,0,0.0,0
2026-08-01,11_예비고1_PC,예비고1+학원/과외,예비고1국어학원,2,0,0.0,0
2026-08-01,12_예비중1_MO,3. 예비중1+학원/과외,예비중1수학학원,5,0,0.0,0
2026-08-01,12_예비중1_MO,3. 예비중1+학원/과외,예비중1영어과외,4,0,0.0,0
2026-08-01,12_예비중1_MO,3. 예비중1+학원/과외,예비중1종합학원,4,0,0.0,0
2026-08-01,12_예비중1_MO,3. 예비중1+학원/과외,예비중1학원,52,0,0.0,0
2026-08-01,12_예비중1_PC,예비중1+학원/과외,예비중1영어과외,17,0,0.0,0
2026-08-01,10_고등_MO,01_자기주도학습,고등학생공부,2,0,0.0,0
2026-08-01,10_고등_MO,01_자기주도학습,고등학생학습관리,1,0,0.0,0
2026-08-01,10_고등_MO,02_학원,고등과학학원,1,0,0.0,0
2026-08-01,10_고등_MO,02_학원,고등국어학원,2,0,0.0,0
2026-08-01,10_고등_MO,02_학원,고등수학,16,0,0.0,0
2026-08-01,10_고등_MO,02_학원,고등수학학원,38,1,3899.0,0
2026-08-01,10_고등_MO,02_학원,고등영어,10,0,0.0,0
2026-08-01,10_고등_MO,02_학원,고등영어학원,12,0,0.0,0
2026-08-01,10_고등_MO,02_학원,고등학원,4,0,0.0,0
2026-08-01,10_고등_MO,02_학원,고등학교수학,2,0,0.0,0
2026-08-01,10_고등_MO,02_학원,고등학교영어,1,0,0.0,0
2026-08-01,10_고등_MO,02_학원,고등학교학원,2,0,0.0,0
2026-08-01,10_고등_MO,02_학원,고등학생수학,5,0,0.0,0
2026-08-01,10_고등_MO,02_학원,고등학생수학학원,2,0,0.0,0
2026-08-01,10_고등_MO,02_학원,고등학생영어,2,0,0.0,0
2026-08-01,10_고등_MO,02_학원,고등학생영어학원,2,0,0.0,0
2026-08-01,10_고등_MO,02_학원,고등학생학원,3,0,0.0,0
2026-08-01,10_고등_MO,02_학원,고1수학,8,0,0.0,0
2026-08-01,10_고등_MO,02_학원,고1영어,2,0,0.0,0
2026-08-01,10_고등_MO,02_학원,고1영어학원,1,0,0.0,0
2026-08-01,10_고등_MO,02_학원,고2수학,16,0,0.0,0
2026-08-01,10_고등_MO,02_학원,고2영어,1,0,0.0,0
2026-08-01,10_고등_MO,02_학원,고2학원,1,0,0.0,0
2026-08-01,10_고등_MO,02_학원,고3수학,4,0,0.0,0
2026-08-01,10_고등_MO,02_학원,고3영어,1,0,0.0,0
2026-08-01,10_고등_MO,02_학원,고3학원,2,0,0.0,0
2026-08-01,10_고등_MO,02_학원,종합학원,7,0,0.0,0
2026-08-01,10_고등_MO,03_인강과외,고등국어,8,0,0.0,0
2026-08-01,10_고등_MO,03_인강과외,고등과외,2,0,0.0,0
2026-08-01,10_고등_MO,03_인강과외,고등과학과외,1,0,0.0,0
2026-08-01,10_고등_MO,03_인강과외,고등수학과외,4,0,0.0,0
2026-08-01,10_고등_MO,03_인강과외,고등수학인강,2,0,0.0,0
2026-08-01,10_고등_MO,03_인강과외,고등영어과외,3,0,0.0,0
2026-08-01,10_고등_MO,03_인강과외,고등학생수학과외,1,0,0.0,0
2026-08-01,10_고등_MO,03_인강과외,고등학생인강,5,0,0.0,0
2026-08-01,10_고등_MO,03_인강과외,고등학교인강,3,0,0.0,0
2026-08-01,10_고등_MO,03_인강과외,고3국어과외,3,0,0.0,0
2026-08-01,10_고등_MO,03_인강과외,고3수학과외,1,0,0.0,0
2026-08-01,10_고등_MO,03_인강과외,고등온라인강의,2,0,0.0,0
2026-08-01,10_고등_MO,04_입시,대입학원,1,0,0.0,0
2026-08-01,10_고등_MO,04_입시,면접학원,28,0,0.0,0
2026-08-01,10_고등_MO,04_입시,대입상담,2,0,0.0,0
2026-08-01,10_고등_MO,04_입시,고교입학설명회,3,0,0.0,0
2026-08-01,10_고등_MO,04_입시,고입설명회,2,0,0.0,0
2026-08-01,10_고등_MO,04_입시,예비고1설명회,1,0,0.0,0
2026-08-01,10_고등_MO,04_입시,수능,690,0,0.0,0
2026-08-01,10_고등_MO,04_입시,모의,4,0,0.0,0
2026-08-01,10_고등_MO,04_입시,모의고사,2,0,0.0,0
2026-08-01,10_고등_MO,05_고등 내신,고등학교내신,1,0,0.0,0
2026-08-01,10_고등_MO,05_고등 내신,고등내신,8,0,0.0,0
2026-08-01,10_고등_MO,05_고등 내신,고1내신,1,0,0.0,0
2026-08-01,10_고등_PC,01_자기주도학습,고1멘토링,3,0,0.0,0
2026-08-01,10_고등_PC,01_자기주도학습,고등학생멘토링,2,0,0.0,0
2026-08-01,10_고등_PC,01_자기주도학습,고등공부,7,0,0.0,0
2026-08-01,10_고등_PC,02_학원,고등과학학원,5,0,0.0,0
2026-08-01,10_고등_PC,02_학원,고등수학,9,0,0.0,0
2026-08-01,10_고등_PC,02_학원,고등영어학원,32,0,0.0,0
2026-08-01,10_고등_PC,02_학원,고등학교영어학원,1,0,0.0,0
2026-08-01,10_고등_PC,02_학원,고2수학학원,11,0,0.0,0
2026-08-01,10_고등_PC,02_학원,종합학원,7,0,0.0,0
2026-08-01,10_고등_PC,03_인강과외,고등내신,3,0,0.0,0
2026-08-01,10_고등_PC,03_인강과외,고등수학,1,0,0.0,0
2026-08-01,10_고등_PC,03_인강과외,고등국어,2,0,0.0,0
2026-08-01,10_고등_PC,03_인강과외,고등과학과외,1,0,0.0,0
2026-08-01,10_고등_PC,03_인강과외,고등국어인강,1,0,0.0,0
2026-08-01,10_고등_PC,03_인강과외,고등영어과외,1,0,0.0,0
2026-08-01,10_고등_PC,03_인강과외,고등학생영어과외,10,0,0.0,0
2026-08-01,10_고등_PC,03_인강과외,고등학생인강,5,0,0.0,0
2026-08-01,10_고등_PC,03_인강과외,고등학교인강,27,0,0.0,0
2026-08-01,10_고등_PC,03_인강과외,고1수학인강,1,0,0.0,0
2026-08-01,10_고등_PC,03_인강과외,고1영어과외,3,0,0.0,0
2026-08-01,10_고등_PC,03_인강과외,고2영어과외,1,0,0.0,0
2026-08-01,10_고등_PC,03_인강과외,고3국어,4,0,0.0,0
2026-08-01,10_고등_PC,03_인강과외,고3영어과외,4,0,0.0,0
2026-08-01,10_고등_PC,03_인강과외,고등온라인학습,2,0,0.0,0
2026-08-01,10_고등_PC,04_입시,대입입시컨설팅,3,0,0.0,0
2026-08-01,10_고등_PC,04_입시,대입학원,5,0,0.0,0
2026-08-01,10_고등_PC,04_입시,대입면접,5,0,0.0,0
2026-08-01,10_고등_PC,04_입시,대학교상담,2,0,0.0,0
2026-08-01,10_고등_PC,04_입시,대학교입시,8,0,0.0,0
2026-08-01,10_고등_PC,04_입시,대학교입시컨설팅,6,0,0.0,0
2026-08-01,10_고등_PC,04_입시,대학교면접,8,0,0.0,0
2026-08-01,10_고등_PC,04_입시,대학교자기소개서,1,0,0.0,0
2026-08-01,10_고등_PC,04_입시,입시학원,7,0,0.0,0
2026-08-01,10_고등_PC,04_입시,입시컨설팅학원,4,0,0.0,0
2026-08-01,10_고등_PC,04_입시,면접학원,8,0,0.0,0
2026-08-01,10_고등_PC,04_입시,대입상담,3,0,0.0,0
2026-08-01,10_고등_PC,04_입시,예비고1설명회,2,0,0.0,0
2026-08-01,10_고등_PC,04_입시,내신등급계산,1,0,0.0,0
2026-08-01,10_고등_PC,04_입시,수학능력시험,25,0,0.0,0
2026-08-01,10_고등_PC,04_입시,모의,1,0,0.0,0
2026-08-01,10_고등_PC,04_입시,수능공부,13,0,0.0,0
2026-08-01,10_고등_PC,05_고등 내신,고등학교내신,102,0,0.0,0
2026-08-01,B_브랜드검색,04_MO_브랜드검색,EDUPLEX,1,0,0.0,0
2026-08-01,B_브랜드검색,04_MO_브랜드검색,에듀플렉스,300,27,0.0,0
2026-08-01,B_브랜드검색,04_MO_브랜드검색,애듀플렉스,7,1,0.0,0
2026-08-01,B_브랜드검색,04_MO_브랜드검색,에듀플랙스,5,0,0.0,0
2026-08-01,B_브랜드검색,04_MO_브랜드검색,에듀플렉스검사,1,0,0.0,0
2026-08-01,B_브랜드검색,04_PC_브랜드검색,에듀플렉스,26,5,0.0,0
2026-08-01,B_브랜드검색,04_PC_브랜드검색,에듀플렉스후기,1,0,0.0,0
2026-08-02,02-1_FC,O_002_개금,개금동영어과외,5,0,0.0,0
2026-08-02,02-1_FC,O_003_계산,계양구국어학원,24,0,0.0,0
2026-08-02,02-1_FC,O_003_계산,계양구수학학원,10,0,0.0,0
2026-08-02,02-1_FC,O_003_계산,작전동과외,1,0,0.0,0
2026-08-02,02-1_FC,O_003_계산,계산동과외,1,0,0.0,0
2026-08-02,02-1_FC,O_006_공덕2,대흥역수학학원,1,0,0.0,0
2026-08-02,02-1_FC,O_010_교동,교동과외,1,0,0.0,0
2026-08-02,02-1_FC,O_010_교동,강릉과외,2,0,0.0,0
2026-08-02,02-1_FC,O_010_교동,강릉수학과외,1,0,0.0,0
2026-08-02,02-1_FC,O_010_교동,강릉영어과외,1,0,0.0,0
2026-08-02,02-1_FC,O_011_구서,구서동영어학원,9,0,0.0,0
2026-08-02,02-1_FC,O_011_구서,구서동초등영어학원,1,0,0.0,0
2026-08-02,02-1_FC,O_011_구서,구서동과외,1,0,0.0,0
2026-08-02,02-1_FC,O_011_구서,금정구고등영어학원,2,0,0.0,0
2026-08-02,02-1_FC,O_012_구월,구월동수학학원,5,0,0.0,0
2026-08-02,02-1_FC,O_012_구월,구월동과외,1,0,0.0,0
2026-08-02,02-1_FC,O_012_구월,구월동영어과외,1,0,0.0,0
2026-08-02,02-1_FC,O_014_금오,의정부학원,6,0,0.0,0
2026-08-02,02-1_FC,O_014_금오,의정부수학학원,1,0,0.0,0
2026-08-02,02-1_FC,O_014_금오,의정부독서실,2,0,0.0,0
2026-08-02,02-1_FC,O_014_금오,의정부국어과외,1,0,0.0,0
2026-08-02,02-1_FC,O_015_금호,금호학원,1,0,0.0,0
2026-08-02,02-1_FC,O_017_내외,김해영어,2,0,0.0,0
2026-08-02,02-1_FC,O_017_내외,김해수학과외,2,0,0.0,0
2026-08-02,02-1_FC,O_017_내외,김해영어과외,6,0,0.0,0
2026-08-02,02-1_FC,O_020_다대포,사하구과외,1,0,0.0,0
2026-08-02,02-1_FC,O_020_다대포,사하구수학과외,2,0,0.0,0
2026-08-02,02-1_FC,O_022_당산,당산영어,1,0,0.0,0
2026-08-02,02-1_FC,O_022_당산,당산동영어학원,1,0,0.0,0
2026-08-02,02-1_FC,O_022_당산,영등포영어과외,1,0,0.0,0
2026-08-02,02-1_FC,O_023_대방_1/3,신길동수학학원,1,0,0.0,0
2026-08-02,02-1_FC,O_023_대방_1/3,대방동국어학원,1,0,0.0,0
2026-08-02,02-1_FC,O_023_대방_1/3,대방동수학학원,1,0,0.0,0
2026-08-02,02-1_FC,O_023_대방_1/3,상남동과외,1,0,0.0,0
2026-08-02,02-1_FC,O_023_대방_1/3,상남동수학학원,2,0,0.0,0
2026-08-02,02-1_FC,O_029_동춘,동춘동국어학원,62,0,0.0,0
2026-08-02,02-1_FC,O_029_동춘,동춘동영어학원,15,0,0.0,0
2026-08-02,02-1_FC,O_029_동춘,동춘동수학학원,28,0,0.0,0
2026-08-02,02-1_FC,O_034_만수,만수동영어,1,0,0.0,0
2026-08-02,02-1_FC,O_034_만수,서창동공부방,7,0,0.0,0
2026-08-02,02-1_FC,O_034_만수,서창동과외,1,0,0.0,0
2026-08-02,02-1_FC,O_034_만수,서창동영어학원,4,0,0.0,0
2026-08-02,02-1_FC,"O_037_명일, 고덕 ",명일동초등영어학원,2,0,0.0,0
2026-08-02,02-1_FC,"O_037_명일, 고덕 ",강동구수학과외,1,0,0.0,0
2026-08-02,02-1_FC,"O_037_명일, 고덕 ",강동구방학특강,1,0,0.0,0
2026-08-02,02-1_FC,O_050_범어,수성구학원,1,0,0.0,0
2026-08-02,02-1_FC,O_050_범어,수성구고등수학학원,1,0,0.0,0
2026-08-02,02-1_FC,O_050_범어,수성구윈터스쿨,1,0,0.0,0
2026-08-02,02-1_FC,O_052_봉곡,구미과외,1,0,0.0,0
2026-08-02,02-1_FC,O_052_봉곡,구미수학,1,0,0.0,0
2026-08-02,02-1_FC,O_052_봉곡,구미수학과외,3,0,0.0,0
2026-08-02,02-1_FC,O_052_봉곡,구미영어과외,2,0,0.0,0
2026-08-02,02-1_FC,O_053_봉선,봉선동국어학원,3,0,0.0,0
2026-08-02,02-1_FC,O_053_봉선,봉선동영어학원,6,0,0.0,0
2026-08-02,02-1_FC,O_053_봉선,봉선동수학학원,30,0,0.0,0
2026-08-02,02-1_FC,O_053_봉선,봉선동고등영어학원,1,0,0.0,0
2026-08-02,02-1_FC,O_053_봉선,봉선동과외,1,0,0.0,0
2026-08-02,02-1_FC,O_053_봉선,광주봉선동영어학원,1,0,0.0,0
2026-08-02,02-1_FC,O_053_봉선,광주봉선동수학학원,1,0,0.0,0
2026-08-02,02-1_FC,O_053_봉선,봉선동영어과외,4,0,0.0,0
2026-08-02,02-1_FC,O_056_부평,부평학원,1,1,4557.0,0
2026-08-02,02-1_FC,O_056_부평,부평수학학원,2,0,0.0,0
2026-08-02,02-1_FC,O_070_상동,부천상동영어학원,4,0,0.0,0
2026-08-02,02-1_FC,O_070_상동,부천상동수학학원,5,0,0.0,0
2026-08-02,02-1_FC,O_070_상동,상동학원,2,0,0.0,0
2026-08-02,02-1_FC,O_070_상동,상동국어학원,1,0,0.0,0
2026-08-02,02-1_FC,O_070_상동,상동영어학원,10,0,0.0,0
2026-08-02,02-1_FC,O_070_상동,상동수학학원,7,0,0.0,0
2026-08-02,02-1_FC,O_070_상동,상동수학,10,0,0.0,0
2026-08-02,02-1_FC,O_070_상동,상동역수학,2,0,0.0,0
2026-08-02,02-1_FC,O_070_상동,부천과외,5,0,0.0,0
2026-08-02,02-1_FC,O_070_상동,부천영어과외,1,0,0.0,0
2026-08-02,02-1_FC,O_076_서초2,서초동초등영어학원,1,0,0.0,0
2026-08-02,02-1_FC,O_078_센텀,센텀수학학원,7,0,0.0,0
2026-08-02,02-1_FC,O_079_송도,송도학원,1,0,0.0,0
2026-08-02,02-1_FC,O_079_송도,송도수학학원,17,0,0.0,0
2026-08-02,02-1_FC,O_079_송도,송도독서실,8,0,0.0,0
2026-08-02,02-1_FC,O_079_송도,송도중등영어학원,1,0,0.0,0
2026-08-02,02-1_FC,O_079_송도,송도과외,3,0,0.0,0
2026-08-02,02-1_FC,O_079_송도,송도영어,2,0,0.0,0
2026-08-02,02-1_FC,O_079_송도,송도수학,1,0,0.0,0
2026-08-02,02-1_FC,O_079_송도,송도수학과외,2,0,0.0,0
2026-08-02,02-1_FC,O_079_송도,송도영어과외,7,0,0.0,0
2026-08-02,02-1_FC,O_079_송도,송도윈터스쿨,7,0,0.0,0
2026-08-02,02-1_FC,O_083_수지,수지학원,1,0,0.0,0
2026-08-02,02-1_FC,O_083_수지,수지수학학원,18,0,0.0,0
2026-08-02,02-1_FC,O_083_수지,수지중등영어학원,1,0,0.0,0
2026-08-02,02-1_FC,O_083_수지,수지고등수학학원,1,0,0.0,0
2026-08-02,02-1_FC,O_083_수지,풍덕천동영어학원,1,0,0.0,0
2026-08-02,02-1_FC,O_083_수지,수지영어과외,1,0,0.0,0
2026-08-02,02-1_FC,O_083_수지,수지구청역학원,1,1,1373.0,0
2026-08-02,02-1_FC,O_084_수택,구리과외,1,0,0.0,0
2026-08-02,02-1_FC,O_084_수택,구리고등영어학원,1,0,0.0,0
2026-08-02,02-1_FC,O_084_수택,구리중등영어학원,15,0,0.0,0
2026-08-02,02-1_FC,O_084_수택,구리영어과외,1,0,0.0,0
2026-08-02,02-1_FC,O_091_양산,양산수학학원,24,0,0.0,0
2026-08-02,02-1_FC,O_091_양산,양산영어학원,7,0,0.0,0
2026-08-02,02-1_FC,O_091_양산,양산과외,1,0,0.0,0
2026-08-02,02-1_FC,O_091_양산,양산수학과외,2,0,0.0,0
2026-08-02,02-1_FC,O_091_양산,물금수학과외,1,0,0.0,0
2026-08-02,02-1_FC,O_102_월성,월성동영어학원,12,0,0.0,0
2026-08-02,02-1_FC,O_102_월성,월성동수학학원,15,0,0.0,0
2026-08-02,02-1_FC,O_104_위례,위례영어학원,7,0,0.0,0
2026-08-02,02-1_FC,O_104_위례,위례수학학원,2,0,0.0,0
2026-08-02,02-1_FC,O_104_위례,위례과외,1,0,0.0,0
2026-08-02,02-1_FC,O_105_율하,율하국어학원,1,0,0.0,0
2026-08-02,02-1_FC,O_105_율하,율하영어학원,5,0,0.0,0
2026-08-02,02-1_FC,O_105_율하,율하고등수학학원,3,0,0.0,0
2026-08-02,02-1_FC,O_105_율하,김해독서실,1,0,0.0,0
2026-08-02,02-1_FC,O_105_율하,율하동영어과외,1,0,0.0,0
2026-08-02,02-1_FC,O_107_인천삼산,삼산동수학학원,35,0,0.0,0
2026-08-02,02-1_FC,O_107_인천삼산,삼산동영어,1,0,0.0,0
2026-08-02,02-1_FC,O_110_장기,김포학원,2,0,0.0,0
2026-08-02,02-1_FC,O_110_장기,김포수학학원,1,0,0.0,0
2026-08-02,02-1_FC,O_110_장기,김포국어학원추천,1,0,0.0,0
2026-08-02,02-1_FC,O_110_장기,김포영어학원추천,1,0,0.0,0
2026-08-02,02-1_FC,O_110_장기,김포과외,1,0,0.0,0
2026-08-02,02-1_FC,O_110_장기,장기동수학학원,11,0,0.0,0
2026-08-02,02-1_FC,O_110_장기,장기동과외,1,0,0.0,0
2026-08-02,02-1_FC,O_110_장기,장기동수학과외,1,0,0.0,0
2026-08-02,02-1_FC,O_110_장기,장기동영어과외,1,0,0.0,0
2026-08-02,02-1_FC,O_114_제주이도,제주도수학학원,3,0,0.0,0
2026-08-02,02-1_FC,O_114_제주이도,제주자기주도학습센터,1,0,0.0,0
2026-08-02,02-1_FC,O_118_중동,중동영어학원,1,0,0.0,0
2026-08-02,02-1_FC,O_123_철산,철산동초등영어학원,1,0,0.0,0
2026-08-02,02-1_FC,O_125_청라,청라고등수학학원,1,0,0.0,0
2026-08-02,02-1_FC,O_125_청라,청라독서실,6,0,0.0,0
2026-08-02,02-1_FC,O_125_청라,청라수학,2,0,0.0,0
2026-08-02,02-1_FC,O_125_청라,청라수학학원,11,0,0.0,0
2026-08-02,02-1_FC,O_125_청라,청라영어학원,1,0,0.0,0
2026-08-02,02-1_FC,O_125_청라,청라중등수학학원,6,0,0.0,0
2026-08-02,02-1_FC,O_125_청라,청라중등영어학원,1,0,0.0,0
2026-08-02,02-1_FC,O_125_청라,청라초등수학학원,1,0,0.0,0
2026-08-02,02-1_FC,O_125_청라,청라초등영어학원,1,0,0.0,0
2026-08-02,02-1_FC,O_125_청라,청라수학과외,1,0,0.0,0
2026-08-02,02-1_FC,O_127_침산,침산영어학원,1,0,0.0,0
2026-08-02,02-1_FC,O_127_침산,침산프리미엄독서실,1,0,0.0,0
2026-08-02,02-1_FC,O_127_침산,침산동국어학원,11,0,0.0,0
2026-08-02,02-1_FC,O_127_침산,침산동영어학원,1,0,0.0,0
2026-08-02,02-1_FC,O_127_침산,침산동수학학원,11,0,0.0,0
2026-08-02,02-1_FC,O_127_침산,침산동영어학원추천,1,0,0.0,0
2026-08-02,02-1_FC,O_127_침산,침산동수학학원추천,1,0,0.0,0
2026-08-02,02-1_FC,O_127_침산,침산동국어,1,0,0.0,0
2026-08-02,02-1_FC,O_127_침산,침산동영어,1,0,0.0,0
2026-08-02,02-1_FC,O_129_평거,평거동영어과외,1,0,0.0,0
2026-08-02,02-1_FC,O_138_황금,지산동영어학원,1,0,0.0,0
2026-08-02,02-1_FC,O_016_남천,남천동학원,1,0,0.0,0
2026-08-02,02-1_FC,O_016_남천,남천동영어학원,6,0,0.0,0
2026-08-02,02-1_FC,O_016_남천,남천동수학학원,1,0,0.0,0
2026-08-02,02-1_FC,O_101_운정,운정국어학원,11,0,0.0,0
2026-08-02,02-1_FC,O_101_운정,운정수학학원,14,0,0.0,0
2026-08-02,02-1_FC,O_101_운정,운정초등영어학원,1,0,0.0,0
2026-08-02,02-1_FC,O_101_운정,운정초등수학학원,2,0,0.0,0
2026-08-02,02-1_FC,O_101_운정,운정중등수학학원,1,0,0.0,0
2026-08-02,02-1_FC,O_101_운정,운정수학,1,0,0.0,0
2026-08-02,02-1_FC,O_101_운정,운정국어과외,2,0,0.0,0
2026-08-02,02-1_FC,O_101_운정,파주학원,6,0,0.0,0
2026-08-02,02-1_FC,O_101_운정,파주수학과외,1,0,0.0,0
2026-08-02,02-1_FC,O_101_운정,파주영어과외,2,0,0.0,0
2026-08-02,02-1_FC,O_101_운정,파주국어과외,1,0,0.0,0
2026-08-02,02-1_FC,O_101_운정,파주윈터스쿨,1,0,0.0,0
2026-08-02,02-1_FC,O_055_부산대,부산대학원,9,0,0.0,0
2026-08-02,02-1_FC,O_055_부산대,부산대수학,4,0,0.0,0
2026-08-02,02-1_FC,O_055_부산대,부곡동중등영어학원,3,0,0.0,0
2026-08-02,02-1_FC,O_055_부산대,부곡동수학과외,1,0,0.0,0
2026-08-02,02-1_FC,O_137_화정,화정고등영어학원,1,0,0.0,0
2026-08-02,02-1_FC,O_137_화정,화정영어학원,1,0,0.0,0
2026-08-02,02-1_FC,O_137_화정,화정중등영어학원,1,0,0.0,0
2026-08-02,02-1_FC,O_137_화정,행신동학원,5,0,0.0,0
2026-08-02,02-1_FC,O_137_화정,행신동수학과외,2,0,0.0,0
2026-08-02,02-1_FC,O_057_분당미금,미금역수학학원,1,0,0.0,0
2026-08-02,02-1_FC,O_057_분당미금,동천동과외,1,0,0.0,0
2026-08-02,02-1_FC,O_072_상현,용인수지수학학원,1,0,0.0,0
2026-08-02,02-1_FC,O_072_상현,상현동국어학원,3,0,0.0,0
2026-08-02,02-1_FC,O_072_상현,상현동영어학원,3,0,0.0,0
2026-08-02,02-1_FC,O_072_상현,상현동수학학원,2,0,0.0,0
2026-08-02,02-1_FC,O_072_상현,상현동고등수학학원,2,0,0.0,0
2026-08-02,02-1_FC,O_072_상현,성복동영어과외,1,0,0.0,0
2026-08-02,02-1_FC,O_087_신제주,노형동영어과외,1,0,0.0,0
2026-08-02,02-1_FC,O_096_옥계,옥계동영어학원,2,0,0.0,0
2026-08-02,02-1_FC,O_044_민락,민락수학학원,1,0,0.0,0
2026-08-02,02-1_FC,O_044_민락,수영과외,4,0,0.0,0
2026-08-02,02-1_FC,O_032_둔산,둔산국어학원,1,0,0.0,0
2026-08-02,02-1_FC,O_032_둔산,둔산영어학원,1,0,0.0,0
2026-08-02,02-1_FC,O_032_둔산,둔산수학학원,1,0,0.0,0
2026-08-02,02-1_FC,O_032_둔산,둔산고등영어학원,1,0,0.0,0
2026-08-02,02-1_FC,O_032_둔산,둔산동학원,7,0,0.0,0
2026-08-02,02-1_FC,O_032_둔산,둔산동국어학원,11,0,0.0,0
2026-08-02,02-1_FC,O_032_둔산,둔산동영어학원,1,0,0.0,0
2026-08-02,02-1_FC,O_032_둔산,둔산동수학학원,4,0,0.0,0
2026-08-02,02-1_FC,O_032_둔산,둔산동국어,1,0,0.0,0
2026-08-02,02-1_FC,O_032_둔산,둔산동수학,2,0,0.0,0
2026-08-02,02-1_FC,O_032_둔산,둔산동고등학원,1,0,0.0,0
2026-08-02,02-1_FC,O_032_둔산,대전시청영어,1,0,0.0,0
2026-08-02,02-1_FC,O_031_동탄청계,청계동과외,1,0,0.0,0
2026-08-02,02-1_FC,O_049_방이,방이역수학학원,1,0,0.0,0
2026-08-02,02-1_FC,O_049_방이,오금동수학학원,1,0,0.0,0
2026-08-02,02-1_FC,O_049_방이,방이동중등영어학원,1,0,0.0,0
2026-08-02,02-1_FC,O_049_방이,방이동윈터스쿨,1,0,0.0,0
2026-08-02,02-1_FC,O_028_동백,동백수학학원,1,0,0.0,0
2026-08-02,02-1_FC,O_028_동백,동백영어학원,2,0,0.0,0
2026-08-02,02-1_FC,O_041_무실,원주영어학원,1,0,0.0,0
2026-08-02,02-1_FC,O_041_무실,원주독서실,2,0,0.0,0
2026-08-02,02-1_FC,O_041_무실,원주수학학원추천,4,0,0.0,0
2026-08-02,02-1_FC,O_041_무실,무실동독서실,3,0,0.0,0
2026-08-02,02-1_FC,O_041_무실,원주영어과외,5,0,0.0,0
2026-08-02,02-1_FC,O_041_무실,무실동영어과외,1,0,0.0,0
2026-08-02,02-1_FC,O_019_논현,인천논현동수학학원,2,0,0.0,0
2026-08-02,02-1_FC,O_019_논현,인천논현동영어,10,0,0.0,0
2026-08-02,02-1_FC,O_103_월평,월평동영어학원,21,0,0.0,0
2026-08-02,02-1_FC,O_103_월평,월평동수학학원,6,0,0.0,0
2026-08-02,02-1_FC,O_103_월평,대전학원,11,0,0.0,0
2026-08-02,02-1_FC,O_103_월평,대전수학과외,6,0,0.0,0
2026-08-02,02-1_FC,O_103_월평,대전영어과외,9,0,0.0,0
2026-08-02,02-1_FC,O_103_월평,대전과학과외,1,0,0.0,0
2026-08-02,02-1_FC,O_103_월평,대전진로상담,1,0,0.0,0
2026-08-02,02-1_FC,O_103_월평,대전썸머스쿨,1,0,0.0,0
2026-08-02,02-1_FC,O_103_월평,대전방학특강,1,0,0.0,0
2026-08-02,02-1_FC,O_018_노은,지족동영어과외,1,0,0.0,0
2026-08-02,02-1_FC,O_099_용호_1/2,대연동과외,1,0,0.0,0
2026-08-02,02-1_FC,O_099_용호_1/2,대연동영어과외,1,0,0.0,0
2026-08-02,02-1_FC,O_136_화명2,화명동영어과외,1,0,0.0,0
2026-08-02,02-1_FC,O_136_화명2,화명동수학학원,3,0,0.0,0
2026-08-02,02-1_FC,O_136_화명2,화명동국어학원,6,0,0.0,0
2026-08-02,02-1_FC,O_136_화명2,화명동수학,2,0,0.0,0
2026-08-02,02-1_FC,O_136_화명2,화명동영어학원,15,0,0.0,0
2026-08-02,02-1_FC,O_136_화명2,화명동전과목학원,1,0,0.0,0
2026-08-02,02-1_FC,O_098_왕지,순천공부방,1,0,0.0,0
2026-08-02,02-1_FC,O_098_왕지,순천과외,4,0,0.0,0
2026-08-02,02-1_FC,O_098_왕지,순천영어과외,2,0,0.0,0
2026-08-02,02-1_FC,O_065_사직,사직동국어학원,1,0,0.0,0
2026-08-02,02-1_FC,O_065_사직,사직동영어학원,2,0,0.0,0
2026-08-02,02-1_FC,O_065_사직,사직동수학학원,5,0,0.0,0
2026-08-02,02-1_FC,O_065_사직,사직동영어,2,0,0.0,0
2026-08-02,02-1_FC,O_094_연제1,거제학원,2,0,0.0,0
2026-08-02,02-1_FC,O_092_양정,부산양정국어학원,1,0,0.0,0
2026-08-02,02-1_FC,O_111_전농,동대문구진로상담,2,0,0.0,0
2026-08-02,02-1_FC,O_069_상계,상계동학원,1,0,0.0,0
2026-08-02,02-1_FC,O_069_상계,상계동과외,1,0,0.0,0
2026-08-02,02-1_FC,O_069_상계,노원구학원,1,0,0.0,0
2026-08-02,02-1_FC,O_069_상계,노원학원,5,0,0.0,0
2026-08-02,02-1_FC,O_069_상계,노원역학원,3,0,0.0,0
2026-08-02,02-1_FC,O_051_보라매,영등포구수학과외,1,0,0.0,0
2026-08-02,02-1_FC,O_093_연신내,은평구학원,2,0,0.0,0
2026-08-02,02-1_FC,O_093_연신내,은평구과외,1,0,0.0,0
2026-08-02,02-1_FC,O_093_연신내,진관동영어과외,1,0,0.0,0
2026-08-02,02-1_FC,O_001_가좌,가좌동영어학원,3,0,0.0,0
2026-08-02,02-1_FC,O_001_가좌,신사동학원,1,0,0.0,0
2026-08-02,02-1_FC,O_061_분당이매,이매동과외,1,0,0.0,0
2026-08-02,02-1_FC,O_088_쌍용,충남학원,1,0,0.0,0
2026-08-02,02-1_FC,O_088_쌍용,천안학원,5,0,0.0,0
2026-08-02,02-1_FC,O_088_쌍용,천안국어학원,3,0,0.0,0
2026-08-02,02-1_FC,O_088_쌍용,천안수학학원,1,0,0.0,0
2026-08-02,02-1_FC,O_088_쌍용,천안과외,1,0,0.0,0
2026-08-02,02-1_FC,O_088_쌍용,천안영어,18,0,0.0,0
2026-08-02,02-1_FC,O_088_쌍용,불당학원,1,0,0.0,0
2026-08-02,02-1_FC,O_088_쌍용,불당고등수학학원,1,0,0.0,0
2026-08-02,02-1_FC,O_025_대치한티,대치동학원,6,0,0.0,0
2026-08-02,02-1_FC,O_025_대치한티,대치동국어학원,12,0,0.0,0
2026-08-02,02-1_FC,O_025_대치한티,대치동수학학원,7,0,0.0,0
2026-08-02,02-1_FC,O_025_대치한티,대치동독서실,2,0,0.0,0
2026-08-02,02-1_FC,O_025_대치한티,대치동초등수학학원,3,0,0.0,0
2026-08-02,02-1_FC,O_025_대치한티,대치동중등수학학원,4,0,0.0,0
2026-08-02,02-1_FC,O_025_대치한티,대치동고등수학학원,2,0,0.0,0
2026-08-02,02-1_FC,O_025_대치한티,대치동과외,2,0,0.0,0
2026-08-02,02-1_FC,O_025_대치한티,대치동국어,35,0,0.0,0
2026-08-02,02-1_FC,O_025_대치한티,대치동영어,1,0,0.0,0
2026-08-02,02-1_FC,O_143_장유,장유수학과외,1,0,0.0,0
2026-08-02,02-1_FC,O_128_테크노,관평동국어학원,1,0,0.0,0
2026-08-02,02-1_FC,O_128_테크노,관평동영어학원,2,0,0.0,0
2026-08-02,02-1_FC,O_128_테크노,관평동수학학원,8,0,0.0,0
2026-08-02,02-1_FC,O_128_테크노,유성구영어과외,1,0,0.0,0
2026-08-02,02-1_FC,O_062_분평_1/2,청주학원,5,0,0.0,0
2026-08-02,02-1_FC,O_062_분평_1/2,청주과외,9,0,0.0,0
2026-08-02,02-1_FC,O_062_분평_1/2,청주영어학원추천,1,0,0.0,0
2026-08-02,02-1_FC,O_062_분평_1/2,청주수학과외,6,0,0.0,0
2026-08-02,02-1_FC,O_062_분평_1/2,청주영어과외,8,0,0.0,0
2026-08-02,02-1_FC,O_062_분평_2/2,청주윈터스쿨,4,0,0.0,0
2026-08-02,02-1_FC,O_048_방배,방배동수학학원,10,0,0.0,0
2026-08-02,02-1_FC,O_145_하남미사,하남학원,1,0,0.0,0
2026-08-02,02-1_FC,O_145_하남미사,강일동국어과외,1,0,0.0,0
2026-08-02,02-1_FC,O_145_하남미사,미사고등수학학원,1,0,0.0,0
2026-08-02,02-1_FC,O_150_잠실새내_1/2,송파윈터스쿨,2,0,0.0,0
2026-08-02,02-1_FC,O_150_잠실새내_1/2,송파입시학원,6,0,0.0,0
2026-08-02,02-1_FC,O_150_잠실새내_1/2,송파구관리형독서실,1,0,0.0,0
2026-08-02,02-1_FC,O_150_잠실새내_1/2,송파관리형독서실,12,0,0.0,0
2026-08-02,02-1_FC,O_150_잠실새내_1/2,송파과외,1,0,0.0,0
2026-08-02,02-1_FC,O_150_잠실새내_1/2,송파구과학학원,1,0,0.0,0
2026-08-02,02-1_FC,O_150_잠실새내_1/2,송파구중등수학학원,1,0,0.0,0
2026-08-02,02-1_FC,O_150_잠실새내_1/2,송파구학원,6,0,0.0,0
2026-08-02,02-1_FC,O_150_잠실새내_1/2,송파국어학원,1,0,0.0,0
2026-08-02,02-1_FC,O_150_잠실새내_1/2,송파동수학학원,1,0,0.0,0
2026-08-02,02-1_FC,O_150_잠실새내_1/2,송파수학학원,4,0,0.0,0
2026-08-02,02-1_FC,O_150_잠실새내_1/2,송파영어학원,6,0,0.0,0
2026-08-02,02-1_FC,O_150_잠실새내_1/2,송파학원,5,0,0.0,0
2026-08-02,02-1_FC,O_150_잠실새내_1/2,잠실수학학원,8,0,0.0,0
2026-08-02,02-1_FC,O_150_잠실새내_1/2,잠실학원,2,0,0.0,0
2026-08-02,02-1_FC,O_151_원효_2/3,성심여고내신,1,0,0.0,0
2026-08-02,02-1_FC,O_151_원효_2/3,신광여고수학,2,0,0.0,0
2026-08-02,02-1_FC,O_151_원효_3/3,원효초학원,1,0,0.0,0
2026-08-02,02-1_FC,O_152_남동탄_1/2,남동탄수학학원,11,0,0.0,0
2026-08-02,02-1_FC,O_152_남동탄_1/2,동탄중국어학원,3,0,0.0,0
2026-08-02,02-1_FC,O_152_남동탄_2/2,방교중국어학원,1,0,0.0,0
2026-08-02,02-1_FC,O_027_돈암_1/3,돈암동영어학원,3,0,0.0,0
2026-08-02,02-1_FC,O_027_돈암_1/3,보문동과외,1,0,0.0,0
2026-08-02,02-1_FC,O_064_사우_1/2,풍무동학원,1,0,0.0,0
2026-08-02,02-1_FC,O_064_사우_1/2,풍무동과외,1,0,0.0,0
2026-08-02,02-1_FC,O_064_사우_1/2,풍무동수학학원,9,0,0.0,0
2026-08-02,02-1_FC,O_064_사우_1/2,풍무동영어학원,8,0,0.0,0
2026-08-02,02-1_FC,O_064_사우_1/2,사우동학원,1,0,0.0,0
2026-08-02,02-1_FC,O_064_사우_1/2,사우동수학학원,8,0,0.0,0
2026-08-02,02-1_FC,O_064_사우_1/2,사우동과학학원,1,0,0.0,0
2026-08-02,02-1_FC,O_064_사우_1/2,풍무동자기주도학습,1,0,0.0,0
2026-08-02,02-1_FC,O_027_돈암_2/3,경신고수학학원,2,0,0.0,0
2026-08-02,02-1_FC,O_064_사우_2/2,운양고영어,1,0,0.0,0
2026-08-02,02-1_FC,O_023_대방_3/3,울산중국어학원,5,0,0.0,0
2026-08-02,02-1_FC,O_099_용호_2/2,성지고수학,1,0,0.0,0
2026-08-02,02-1_FC,O_153_상도_1/2,상도영어학원,2,0,0.0,0
2026-08-02,02-1_FC,O_153_상도_1/2,흑석동과외,1,0,0.0,0
2026-08-02,02-1_FC,O_155_다산_1/2,에듀플렉스다산,1,0,0.0,0
2026-08-02,02-1_FC,O_155_다산_1/2,다산동과외,1,0,0.0,0
2026-08-02,02-1_FC,O_155_다산_1/2,다산동수학과외,2,0,0.0,0
2026-08-02,02-1_FC,O_155_다산_1/2,다산동수학학원,3,0,0.0,0
2026-08-02,02-1_FC,O_155_다산_1/2,다산수학학원,6,0,0.0,0
2026-08-02,02-1_FC,O_155_다산_1/2,다산신도시영어학원,3,0,0.0,0
2026-08-02,02-1_FC,O_155_다산_1/2,다산학원,4,0,0.0,0
2026-08-02,02-1_FC,O_155_다산_1/2,동구수학학원,1,0,0.0,0
2026-08-02,02-1_FC,O_156_광주화정_1/3,광주입시학원,3,0,0.0,0
2026-08-02,02-1_FC,O_156_광주화정_1/3,광주관리형독서실,9,0,0.0,0
2026-08-02,02-1_FC,O_156_광주화정_1/3,광주국어과외,1,0,0.0,0
2026-08-02,02-1_FC,O_156_광주화정_1/3,광주국어학원,5,0,0.0,0
2026-08-02,02-1_FC,O_156_광주화정_1/3,광주수학과외,1,0,0.0,0
2026-08-02,02-1_FC,O_156_광주화정_1/3,광주영어과외,6,0,0.0,0
2026-08-02,02-1_FC,O_156_광주화정_1/3,농성동영어과외,1,0,0.0,0
2026-08-02,02-1_FC,O_156_광주화정_1/3,월산동영어과외,1,0,0.0,0
2026-08-02,02-1_FC,O_156_광주화정_1/3,화정동수학학원,9,0,0.0,0
2026-08-02,02-1_FC,O_158_광명소하,소하동국어학원,1,0,0.0,0
2026-08-02,02-1_FC,O_158_광명소하,광명관리형독서실,1,0,0.0,0
2026-08-02,02-1_FC,O_158_광명소하,광명국어과외,1,0,0.0,0
2026-08-02,02-1_FC,O_158_광명소하,광명수학과외,1,0,0.0,0
2026-08-02,02-1_FC,O_158_광명소하,광명수학학원,2,0,0.0,0
2026-08-02,02-1_FC,O_159_광명하안,광명하안에듀플렉스,2,0,0.0,0
2026-08-02,02-1_FC,O_159_광명하안,하안동수학학원,1,0,0.0,0
2026-08-02,02-1_FC,O_159_광명하안,광명수학학원,6,0,0.0,0
2026-08-02,02-1_FC,O_159_광명하안,광명에듀플렉스,1,0,0.0,0
2026-08-02,02-1_FC,O_159_광명하안,광명역에듀플렉스,1,0,0.0,0
2026-08-02,02-1_FC,O_160_단구,원주과외,3,0,0.0,0
2026-08-02,02-1_FC,O_160_단구,원주관리형독서실,16,0,0.0,0
2026-08-02,02-1_FC,O_160_단구,원주수학학원,2,0,0.0,0
2026-08-02,02-1_FC,O_160_단구,원주수학학원추천,1,0,0.0,0
2026-08-02,02-1_FC,O_160_단구,원주영어과외,1,0,0.0,0
2026-08-02,02-1_FC,O_161_분당정자,정자동과학학원,1,0,0.0,0
2026-08-02,02-1_FC,O_161_분당정자,정자동관리형독서실,1,0,0.0,0
2026-08-02,02-1_FC,O_161_분당정자,정자동국영수학원,1,0,0.0,0
2026-08-02,02-1_FC,O_161_분당정자,정자역영어,1,0,0.0,0
2026-08-02,02-1_FC,O_162_불당,불당학원,1,0,0.0,0
2026-08-02,02-1_FC,O_162_불당,불당동과학학원,4,0,0.0,0
2026-08-02,02-1_FC,O_162_불당,불당동관리형독서실,1,0,0.0,0
2026-08-02,02-1_FC,O_162_불당,불당동수학학원,19,0,0.0,0
2026-08-02,02-1_FC,O_162_불당,불당동영어학원,9,0,0.0,0
2026-08-02,02-1_FC,O_162_불당,천안고등수학학원,1,0,0.0,0
2026-08-02,02-1_FC,O_162_불당,천안과학학원,10,0,0.0,0
2026-08-02,02-1_FC,O_162_불당,천안관리형독서실,17,0,0.0,0
2026-08-02,02-1_FC,O_162_불당,천안국어과외,2,0,0.0,0
2026-08-02,02-1_FC,O_162_불당,천안수능학원,1,0,0.0,0
2026-08-02,02-1_FC,O_162_불당,천안수시컨설팅,3,0,0.0,0
2026-08-02,02-1_FC,O_162_불당,천안수학학원,1,0,0.0,0
2026-08-02,02-1_FC,O_162_불당,천안에듀플렉스,1,0,0.0,0
2026-08-02,02-1_FC,O_162_불당,천안영어학원,2,0,0.0,0
2026-08-02,02-1_FC,O_162_불당,천안기숙학원,3,0,0.0,0
2026-08-02,02-1_FC,O_165_유니시티,창원국어과외,1,0,0.0,0
2026-08-02,02-1_FC,O_165_유니시티,창원수학과외,1,0,0.0,0
2026-08-02,02-1_FC,O_165_유니시티,창원수학학원,1,0,0.0,0
2026-08-02,02-1_FC,O_165_유니시티,창원윈터스쿨,4,0,0.0,0
2026-08-02,02-1_FC,O_165_유니시티,창원입시상담,1,0,0.0,0
2026-08-02,02-1_FC,O_165_유니시티,창원기숙학원,6,0,0.0,0
2026-08-02,02-1_FC,O_163_송촌,송촌동수학학원,3,0,0.0,0
2026-08-02,02-1_FC,O_163_송촌,송촌동영어학원,6,0,0.0,0
2026-08-02,02-1_FC,O_168_도안,원신흥동수학학원,1,0,0.0,0
2026-08-02,02-1_FC,O_168_도안,유성구과외,1,0,0.0,0
2026-08-02,02-1_FC,O_168_도안,도안학원,2,0,0.0,0
2026-08-02,02-1_FC,O_169_분당정자,정자동관리형독서실,3,0,0.0,0
2026-08-02,02-1_FC,O_170_송파역,석촌동영어과외,1,0,0.0,0
2026-08-02,02-1_FC,O_171_개포점,개포동과외,1,0,0.0,0
2026-08-02,02-1_FC,O_172_산곡점,가좌동학원,12,0,0.0,0
2026-08-02,02-1_FC,O_172_산곡점,청천동과외,1,0,0.0,0
2026-08-02,02-1_FC,O_172_산곡점,갈산동중등영어학원,1,0,0.0,0
2026-08-02,02-1_FC,O_172_산곡점,인천수학학원,1,0,0.0,0
2026-08-02,02-1_FC,O_172_산곡점,인천학원,3,0,0.0,0
2026-08-02,02-1_FC,O_174_하계점,중계동학원,3,0,0.0,0
2026-08-02,02-1_FC,O_174_하계점,중계동영수학원,1,0,0.0,0
2026-08-02,02-1_FC,O_174_하계점,중계동학원추천,1,0,0.0,0
2026-08-02,02-1_FC,O_174_하계점,월계동학원,1,0,0.0,0
2026-08-02,02-1_FC,O_174_하계점,월계동영수학원,2,0,0.0,0
2026-08-02,02-1_FC,O_174_하계점,중계동입시학원,2,0,0.0,0
2026-08-02,02-1_FC,O_175_별내점,별내동수학학원,2,0,0.0,0
2026-08-02,02-1_FC,O_176_문화점,오류동수학학원,1,0,0.0,0
2026-08-02,02-1_FC,O_176_문화점,태평동수학학원,2,0,0.0,0
2026-08-02,02-1_FC,O_176_문화점,은행동국어학원,1,0,0.0,0
2026-08-02,02-1_FC,O_176_문화점,용두동수학학원,1,0,0.0,0
2026-08-02,02-1_FC,O_182_행당점,왕십리수학학원,1,0,0.0,0
2026-08-02,02-1_FC,O_191_구의점,자양동수학학원,9,0,0.0,0
2026-08-02,02-1_FC,O_191_구의점,자양동영어학원,4,0,0.0,0
2026-08-02,02-1_FC,O_191_구의점,능동수학학원,5,0,0.0,0
2026-08-02,02-1_FC,O_191_구의점,능동영어학원,7,0,0.0,0
2026-08-02,02-1_FC,O_184_비전점,동삭동학원,1,0,0.0,0
2026-08-02,02-1_FC,O_184_비전점,비전동수학학원,4,0,0.0,0
2026-08-02,02-1_FC,O_184_비전점,비전동내신대비,11,0,0.0,0
2026-08-02,02-1_FC,O_184_비전점,동삭동국어학원,2,0,0.0,0
2026-08-02,02-1_FC,O_184_비전점,세교동수학학원,1,0,0.0,0
2026-08-02,02-1_FC,O_183_신정점,고척동학원,3,0,0.0,0
2026-08-02,02-1_FC,O_183_신정점,고척동수학학원,3,0,0.0,0
2026-08-02,02-1_FC,O_183_신정점,고척동영어학원,1,0,0.0,0
2026-08-02,02-1_FC,O_181_주엽점,주엽역영어학원,2,0,0.0,0
2026-08-02,02-1_FC,O_180_마곡점,마곡과학학원,2,0,0.0,0
2026-08-02,02-1_FC,O_180_마곡점,마곡역수학학원,0,1,975.0,0
2026-08-02,02-1_FC,O_180_마곡점,마곡나루수학학원,1,0,0.0,0
2026-08-02,02-1_FC,O_178_진관점,구파발역수학학원,3,0,0.0,0
2026-08-02,02-1_FC,O_178_진관점,진관동과학학원,1,0,0.0,0
2026-08-02,02-1_FC,O_178_진관점,지축동수학학원,2,0,0.0,0
2026-08-02,02-1_FC,O_177_운양점,운양역학원,1,0,0.0,0
2026-08-02,02-1_FC,O_177_운양점,운양동수학학원,4,0,0.0,0
2026-08-02,02-1_FC,O_177_운양점,운양동영어학원,6,0,0.0,0
2026-08-02,09_진로진학,진로진학_PC,강남진로상담,1,0,0.0,0
2026-08-02,09_진로진학,진로진학_PC,고등학생진로,2,0,0.0,0
2026-08-02,09_진로진학,진로진학_PC,라이프코칭,2,0,0.0,0
2026-08-02,09_진로진학,진로진학_PC,무료적성검사,1,0,0.0,0
2026-08-02,09_진로진학,진로진학_PC,지문적성검사,5,0,0.0,0
2026-08-02,09_진로진학,진로진학_PC,직업적성검사,14,0,0.0,0
2026-08-02,09_진로진학,진로진학_PC,진로,7,0,0.0,0
2026-08-02,09_진로진학,진로진학_PC,진로고민,1,0,0.0,0
2026-08-02,09_진로진학,진로진학_PC,진로상담,1,0,0.0,0
2026-08-02,09_진로진학,진로진학_PC,진로선택,1,0,0.0,0
2026-08-02,09_진로진학,진로진학_PC,진로적성,1,0,0.0,0
2026-08-02,09_진로진학,진로진학_PC,진로적성검사,5,0,0.0,0
2026-08-02,09_진로진학,진로진학_PC,진로탐색,1,0,0.0,0
2026-08-02,09_진로진학,진로진학_PC,청소년상담,2,0,0.0,0
2026-08-02,09_진로진학,진로진학_MO,직업적성검사,1,0,0.0,0
2026-08-02,09_진로진학,진로진학_MO,진로,2,0,0.0,0
2026-08-02,09_진로진학,진로진학_MO,진로검사,2,0,0.0,0
2026-08-02,09_진로진학,진로진학_MO,진로상담,6,0,0.0,0
2026-08-02,09_진로진학,진로진학_MO,진로선택,1,0,0.0,0
2026-08-02,09_진로진학,진로진학_MO,진로적성검사,1,0,0.0,0
2026-08-02,09_진로진학,진로진학_MO,진로찾기,1,0,0.0,0
2026-08-02,09_진로진학,진로진학_MO,진로탐색,1,0,0.0,0
2026-08-02,09_진로진학,진로진학_MO,진로프로그램,1,0,0.0,0
2026-08-02,09_진로진학,진로진학_MO,상상코치,1,0,0.0,0
2026-08-02,09_진로진학,진로진학_MO,지문적성검사,2,0,0.0,0
2026-08-02,09_진로진학,진로진학_MO,직업상담,1,0,0.0,0
2026-08-02,00_브랜드,01 브랜드,에듀코치,12,0,0.0,0
2026-08-02,00_브랜드,01 브랜드,에듀플렉스,201,10,9793.0,0
2026-08-02,00_브랜드,01 브랜드,에듀플렉스공부방법,1,0,0.0,0
2026-08-02,00_브랜드,01 브랜드,에듀플렉스과학,1,0,0.0,0
2026-08-02,00_브랜드,01 브랜드,에듀플렉스수학,4,0,0.0,0
2026-08-02,00_브랜드,01 브랜드,에듀플렉스중학생,1,0,0.0,0
2026-08-02,00_브랜드,01 브랜드,에듀플렉스후기,6,0,0.0,0
2026-08-02,00_브랜드,01 브랜드,에듀코치개별지도,213,0,0.0,0
2026-08-02,00_브랜드,01 브랜드,고2에듀플렉스,1,0,0.0,0
2026-08-02,00_브랜드,01 브랜드,고등에듀플렉스,1,0,0.0,0
2026-08-02,00_브랜드,01 브랜드,광주에듀플렉스,1,0,0.0,0
2026-08-02,00_브랜드,01 브랜드,대구에듀플렉스,2,0,0.0,0
2026-08-02,00_브랜드,01 브랜드,대전에듀플렉스,1,0,0.0,0
2026-08-02,00_브랜드,01 브랜드,부산에듀플렉스,1,0,0.0,0
2026-08-02,00_브랜드,01 브랜드,세종에듀플렉스,1,0,0.0,0
2026-08-02,00_브랜드,01 브랜드,수원에듀플렉스,1,0,0.0,0
2026-08-02,00_브랜드,01 브랜드,에듀플렉스검사,1,0,0.0,0
2026-08-02,00_브랜드,01 브랜드,에듀플렉스고등,3,0,0.0,0
2026-08-02,00_브랜드,01 브랜드,에듀플렉스내신,1,0,0.0,0
2026-08-02,00_브랜드,01 브랜드,에듀플렉스수학학원,1,0,0.0,0
2026-08-02,00_브랜드,01 브랜드,에듀플렉스학습매니저,1,0,0.0,0
2026-08-02,00_브랜드,01 브랜드,창원에듀플렉스,2,0,0.0,0
2026-08-02,00_브랜드,01 브랜드,강남에듀플렉스,1,0,0.0,0
2026-08-02,00_브랜드,01 브랜드,VLT,8,0,0.0,0
2026-08-02,00_브랜드,01 브랜드,강동구에듀플렉스,1,0,0.0,0
2026-08-02,00_브랜드,01 브랜드,서대문에듀플렉스,1,0,0.0,0
2026-08-02,00_브랜드,01 브랜드,에듀플렉스추천,1,0,0.0,0
2026-08-02,00_브랜드,01 브랜드,학습유형검사,36,1,369.0,0
2026-08-02,00_브랜드,01 브랜드,학습전략검사,9,0,0.0,0
2026-08-02,00_브랜드,01 브랜드,에듀플렉스가격,15,0,0.0,0
2026-08-02,03_에듀코치_PC,01_시험,수능공부,1,0,0.0,0
2026-08-02,03_에듀코치_PC,01_시험,모의고사,63,0,0.0,0
2026-08-02,03_에듀코치_PC,01_시험,기말고사,4,0,0.0,0
2026-08-02,03_에듀코치_PC,01_시험,서술형,1,0,0.0,0
2026-08-02,03_에듀코치_PC,02_시험조합_1/2,수학시험대비,1,0,0.0,0
2026-08-02,03_에듀코치_PC,02_시험조합_1/2,영어시험대비,1,0,0.0,0
2026-08-02,03_에듀코치_PC,02_시험조합_1/2,시험대비,1,0,0.0,0
2026-08-02,03_에듀코치_PC,02_시험조합_1/2,고등국어공부,1,0,0.0,0
2026-08-02,03_에듀코치_PC,02_시험조합_1/2,중학생수학공부,1,0,0.0,0
2026-08-02,03_에듀코치_PC,02_시험조합_1/2,영어공부,1,0,0.0,0
2026-08-02,03_에듀코치_PC,02_시험조합_1/2,중2영어공부,1,0,0.0,0
2026-08-02,03_에듀코치_PC,02_시험조합_1/2,중1공부,1,0,0.0,0
2026-08-02,03_에듀코치_PC,02_시험조합_1/2,중2공부,1,0,0.0,0
2026-08-02,03_에듀코치_PC,02_시험조합_1/2,중2영어공부법,1,0,0.0,0
2026-08-02,03_에듀코치_PC,02_시험조합_1/2,중1공부법,4,0,0.0,0
2026-08-02,03_에듀코치_PC,02_시험조합_1/2,학습,12,0,0.0,0
2026-08-02,03_에듀코치_PC,02_시험조합_1/2,중1수학,6,0,0.0,0
2026-08-02,03_에듀코치_PC,02_시험조합_1/2,중3수학,10,0,0.0,0
2026-08-02,03_에듀코치_PC,02_시험조합_1/2,중학생수학,1,0,0.0,0
2026-08-02,03_에듀코치_PC,02_시험조합_1/2,영어,2,0,0.0,0
2026-08-02,03_에듀코치_PC,02_시험조합_1/2,중학생영어,9,0,0.0,0
2026-08-02,03_에듀코치_PC,02_시험조합_1/2,고3영어,1,0,0.0,0
2026-08-02,03_에듀코치_PC,02_시험조합_1/2,과학공부,1,0,0.0,0
2026-08-02,03_에듀코치_PC,02_시험조합_1/2,예비고3공부,1,0,0.0,0
2026-08-02,03_에듀코치_PC,02_시험조합_1/2,국어기출,1,0,0.0,0
2026-08-02,03_에듀코치_PC,02_시험조합_1/2,수학기출,1,0,0.0,0
2026-08-02,03_에듀코치_PC,02_시험조합_1/2,수학시험,1,0,0.0,0
2026-08-02,03_에듀코치_PC,02_시험조합_1/2,영어시험,1,0,0.0,0
2026-08-02,03_에듀코치_PC,02_시험조합_2/2,중학생사회,1,0,0.0,0
2026-08-02,03_에듀코치_PC,02_시험조합_2/2,중등,2,0,0.0,0
2026-08-02,03_에듀코치_PC,02_시험조합_2/2,중등과학,1,0,0.0,0
2026-08-02,03_에듀코치_PC,02_시험조합_2/2,고등영어내신,4,0,0.0,0
2026-08-02,03_에듀코치_PC,02_시험조합_2/2,사회내신,1,0,0.0,0
2026-08-02,03_에듀코치_PC,02_시험조합_2/2,중3내신,1,0,0.0,0
2026-08-02,03_에듀코치_PC,02_시험조합_2/2,중등내신,3,0,0.0,0
2026-08-02,03_에듀코치_PC,02_시험조합_2/2,과학내신,1,0,0.0,0
2026-08-02,03_에듀코치_PC,02_시험조합_2/2,고3내신,5,0,0.0,0
2026-08-02,03_에듀코치_PC,02_시험조합_2/2,고등수학내신,3,0,0.0,0
2026-08-02,03_에듀코치_PC,02_시험조합_2/2,기출,3,0,0.0,0
2026-08-02,03_에듀코치_PC,02_시험조합_2/2,시험,5,0,0.0,0
2026-08-02,03_에듀코치_PC,02_시험조합_2/2,중3과학시험,1,0,0.0,0
2026-08-02,03_에듀코치_PC,03_학원_1/2,고1국어,4,0,0.0,0
2026-08-02,03_에듀코치_PC,03_학원_1/2,사회,13,0,0.0,0
2026-08-02,03_에듀코치_PC,03_학원_1/2,중1사회,2,0,0.0,0
2026-08-02,03_에듀코치_PC,03_학원_1/2,중2사회,1,0,0.0,0
2026-08-02,03_에듀코치_PC,03_학원_1/2,중학생사회,1,0,0.0,0
2026-08-02,03_에듀코치_PC,03_학원_1/2,고2사회,1,0,0.0,0
2026-08-02,03_에듀코치_PC,03_학원_1/2,수학,15,0,0.0,0
2026-08-02,03_에듀코치_PC,03_학원_1/2,고1수학,10,0,0.0,0
2026-08-02,03_에듀코치_PC,03_학원_1/2,중등,2,0,0.0,0
2026-08-02,03_에듀코치_PC,03_학원_1/2,수학학원,4,0,0.0,0
2026-08-02,03_에듀코치_PC,03_학원_1/2,수학전문학원,1,0,0.0,0
2026-08-02,03_에듀코치_PC,03_학원_1/2,소수정예,5,0,0.0,0
2026-08-02,03_에듀코치_PC,03_학원_2/2,전과목학원,1,0,0.0,0
2026-08-02,03_에듀코치_PC,03_학원_2/2,고2수학,6,0,0.0,0
2026-08-02,03_에듀코치_MO,01_시험,기말고사준비,2,0,0.0,0
2026-08-02,03_에듀코치_MO,01_시험,수능공부,3,0,0.0,0
2026-08-02,03_에듀코치_MO,01_시험,기말고사공부,6,0,0.0,0
2026-08-02,03_에듀코치_MO,01_시험,기말고사대비,2,0,0.0,0
2026-08-02,03_에듀코치_MO,01_시험,기말대비,4,0,0.0,0
2026-08-02,03_에듀코치_MO,01_시험,기말고사공부법,2,0,0.0,0
2026-08-02,03_에듀코치_MO,01_시험,모의고사,8,0,0.0,0
2026-08-02,03_에듀코치_MO,01_시험,중간고사,1,0,0.0,0
2026-08-02,03_에듀코치_MO,01_시험,기말고사,4,0,0.0,0
2026-08-02,03_에듀코치_MO,01_시험,수학능력시험,9,0,0.0,0
2026-08-02,03_에듀코치_MO,01_시험,서술형,18,0,0.0,0
2026-08-02,03_에듀코치_MO,01_시험,새학기준비,1,0,0.0,0
2026-08-02,03_에듀코치_MO,02_시험조합_1/2,수학시험대비,37,0,0.0,0
2026-08-02,03_에듀코치_MO,02_시험조합_1/2,시험대비,80,0,0.0,0
2026-08-02,03_에듀코치_MO,02_시험조합_1/2,고3국어공부,1,0,0.0,0
2026-08-02,03_에듀코치_MO,02_시험조합_1/2,예비중1수학공부,7,0,0.0,0
2026-08-02,03_에듀코치_MO,02_시험조합_1/2,영어공부,40,0,0.0,0
2026-08-02,03_에듀코치_MO,02_시험조합_1/2,중학생영어공부,11,0,0.0,0
2026-08-02,03_에듀코치_MO,02_시험조합_1/2,고등영어공부,74,0,0.0,0
2026-08-02,03_에듀코치_MO,02_시험조합_1/2,예비고3영어공부,6,0,0.0,0
2026-08-02,03_에듀코치_MO,02_시험조합_1/2,사회공부,12,0,0.0,0
2026-08-02,03_에듀코치_MO,02_시험조합_1/2,중1공부,2,0,0.0,0
2026-08-02,03_에듀코치_MO,02_시험조합_1/2,중2공부,3,0,0.0,0
2026-08-02,03_에듀코치_MO,02_시험조합_1/2,예비중1공부,13,0,0.0,0
2026-08-02,03_에듀코치_MO,02_시험조합_1/2,중학생공부,28,0,0.0,0
2026-08-02,03_에듀코치_MO,02_시험조합_1/2,예비고1국어공부법,2,0,0.0,0
2026-08-02,03_에듀코치_MO,02_시험조합_1/2,예비고3국어공부법,2,0,0.0,0
2026-08-02,03_에듀코치_MO,02_시험조합_1/2,고등학생국어공부법,7,0,0.0,0
2026-08-02,03_에듀코치_MO,02_시험조합_1/2,고등영어공부법,40,0,0.0,0
2026-08-02,03_에듀코치_MO,02_시험조합_1/2,고등학생영어공부법,1,0,0.0,0
2026-08-02,03_에듀코치_MO,02_시험조합_1/2,중등공부법,3,0,0.0,0
2026-08-02,03_에듀코치_MO,02_시험조합_1/2,예비중1공부법,6,0,0.0,0
2026-08-02,03_에듀코치_MO,02_시험조합_1/2,고등국어학습,18,0,0.0,0
2026-08-02,03_에듀코치_MO,02_시험조합_1/2,예비고1국어학습,1,0,0.0,0
2026-08-02,03_에듀코치_MO,02_시험조합_1/2,고등영어학습,1,0,0.0,0
2026-08-02,03_에듀코치_MO,02_시험조합_1/2,사회학습,1,0,0.0,0
2026-08-02,03_에듀코치_MO,02_시험조합_1/2,국어,9,0,0.0,0
2026-08-02,03_에듀코치_MO,02_시험조합_1/2,고1국어,8,0,0.0,0
2026-08-02,03_에듀코치_MO,02_시험조합_1/2,고2국어,322,1,3025.0,0
2026-08-02,03_에듀코치_MO,02_시험조합_1/2,수학,161,1,5221.0,0
2026-08-02,03_에듀코치_MO,02_시험조합_1/2,고2국영수,3,0,0.0,0
2026-08-02,03_에듀코치_MO,02_시험조합_1/2,영어,40,0,0.0,0
2026-08-02,03_에듀코치_MO,02_시험조합_1/2,고1영어,9,0,0.0,0
2026-08-02,03_에듀코치_MO,02_시험조합_1/2,예비고3공부,2,0,0.0,0
2026-08-02,03_에듀코치_MO,02_시험조합_1/2,고등수학공부,42,0,0.0,0
2026-08-02,03_에듀코치_MO,02_시험조합_1/2,예비고3수학공부,14,0,0.0,0
2026-08-02,03_에듀코치_MO,02_시험조합_1/2,고2국어내신,1,0,0.0,0
2026-08-02,03_에듀코치_MO,02_시험조합_1/2,고3국어내신,35,0,0.0,0
2026-08-02,03_에듀코치_MO,02_시험조합_1/2,고등국어내신,20,0,0.0,0
2026-08-02,03_에듀코치_MO,02_시험조합_1/2,고1수학내신,19,0,0.0,0
2026-08-02,03_에듀코치_MO,02_시험조합_1/2,중등영어내신,1,0,0.0,0
2026-08-02,03_에듀코치_MO,02_시험조합_1/2,고1영어내신,15,0,0.0,0
2026-08-02,03_에듀코치_MO,02_시험조합_1/2,고2영어내신,5,0,0.0,0
2026-08-02,03_에듀코치_MO,02_시험조합_1/2,고3영어내신,16,0,0.0,0
2026-08-02,03_에듀코치_MO,02_시험조합_1/2,고등과학공부법,4,0,0.0,0
2026-08-02,03_에듀코치_MO,02_시험조합_1/2,예비고3공부법,6,0,0.0,0
2026-08-02,03_에듀코치_MO,02_시험조합_1/2,고등수학공부법,7,0,0.0,0
2026-08-02,03_에듀코치_MO,02_시험조합_1/2,국어내신대비,1,0,0.0,0
2026-08-02,03_에듀코치_MO,02_시험조합_1/2,고2국어내신대비,8,0,0.0,0
2026-08-02,03_에듀코치_MO,02_시험조합_1/2,고등국어내신대비,29,0,0.0,0
2026-08-02,03_에듀코치_MO,02_시험조합_1/2,영어내신대비,17,0,0.0,0
2026-08-02,03_에듀코치_MO,02_시험조합_1/2,고3영어내신대비,22,0,0.0,0
2026-08-02,03_에듀코치_MO,02_시험조합_1/2,과학학습,2,0,0.0,0
2026-08-02,03_에듀코치_MO,02_시험조합_1/2,고등학습,4,0,0.0,0
2026-08-02,03_에듀코치_MO,02_시험조합_1/2,고등학생학습,1,0,0.0,0
2026-08-02,03_에듀코치_MO,02_시험조합_1/2,국어기출,26,0,0.0,0
2026-08-02,03_에듀코치_MO,02_시험조합_1/2,수학기출,27,0,0.0,0
2026-08-02,03_에듀코치_MO,02_시험조합_1/2,영어기출,36,0,0.0,0
2026-08-02,03_에듀코치_MO,02_시험조합_1/2,국어시험,13,0,0.0,0
2026-08-02,03_에듀코치_MO,02_시험조합_1/2,수학시험,1,0,0.0,0
2026-08-02,03_에듀코치_MO,02_시험조합_1/2,고1수학시험,5,0,0.0,0
2026-08-02,03_에듀코치_MO,02_시험조합_1/2,영어시험,6,0,0.0,0
2026-08-02,03_에듀코치_MO,03_학원_1/2,중등수학,4,0,0.0,0
2026-08-02,03_에듀코치_MO,03_학원_1/2,중학생영어,4,0,0.0,0
2026-08-02,03_에듀코치_MO,03_학원_1/2,수학학원,4,0,0.0,0
2026-08-02,03_에듀코치_MO,03_학원_1/2,영어학원,1,0,0.0,0
2026-08-02,03_에듀코치_MO,02_시험조합_2/2,고등영어내신,1,0,0.0,0
2026-08-02,03_에듀코치_MO,02_시험조합_2/2,중등내신,2,0,0.0,0
2026-08-02,03_에듀코치_MO,02_시험조합_2/2,고3내신,1,0,0.0,0
2026-08-02,03_에듀코치_MO,02_시험조합_2/2,고등내신,123,0,0.0,0
2026-08-02,03_에듀코치_MO,02_시험조합_2/2,고2수학내신,1,0,0.0,0
2026-08-02,03_에듀코치_MO,02_시험조합_2/2,고등수학내신,1,0,0.0,0
2026-08-02,03_에듀코치_MO,03_학원_2/2,전과목학원,1,0,0.0,0
2026-08-02,03_에듀코치_MO,03_학원_2/2,고2수학,1,0,0.0,0
2026-08-02,03_에듀코치_MO,03_학원_2/2,내신대비학원,1,0,0.0,0
2026-08-02,05_여름시즌_MO,03_캠프+기숙학원,썸머캠프,7,0,0.0,0
2026-08-02,05_여름시즌_MO,03_캠프+기숙학원,여름캠프,21,0,0.0,0
2026-08-02,05_여름시즌_MO,03_캠프+기숙학원,방학캠프,3,0,0.0,0
2026-08-02,05_여름시즌_MO,03_캠프+기숙학원,청소년캠프,21,1,3845.0,0
2026-08-02,05_여름시즌_MO,03_캠프+기숙학원,여름방학캠프,16,0,0.0,0
2026-08-02,05_여름시즌_MO,03_캠프+기숙학원,중학생여름방학캠프,7,0,0.0,0
2026-08-02,05_여름시즌_MO,03_캠프+기숙학원,중학생캠프,5,0,0.0,0
2026-08-02,05_여름시즌_MO,03_캠프+기숙학원,수학캠프,3,0,0.0,0
2026-08-02,05_여름시즌_MO,03_캠프+기숙학원,중학생방학캠프,2,0,0.0,0
2026-08-02,05_여름시즌_MO,03_캠프+기숙학원,여름기숙학원,1,0,0.0,0
2026-08-02,05_여름시즌_MO,03_캠프+기숙학원,고등기숙학원,1,0,0.0,0
2026-08-02,05_여름시즌_MO,03_캠프+기숙학원,중2기숙학원,1,0,0.0,0
2026-08-02,05_여름시즌_MO,01_썸머스쿨,썸머스쿨,246,1,742.0,0
2026-08-02,05_여름시즌_MO,01_썸머스쿨,고2썸머스쿨,2,0,0.0,0
2026-08-02,05_여름시즌_MO,01_썸머스쿨,고1썸머스쿨,5,0,0.0,0
2026-08-02,05_여름시즌_PC,01_썸머스쿨,썸머스쿨,380,0,0.0,0
2026-08-02,05_여름시즌_PC,01_썸머스쿨,고2썸머스쿨,1,0,0.0,0
2026-08-02,05_여름시즌_PC,01_썸머스쿨,고1썸머스쿨,4,0,0.0,0
2026-08-02,05_여름시즌_PC,03_캠프+기숙학원,썸머캠프,13,0,0.0,0
2026-08-02,05_여름시즌_PC,03_캠프+기숙학원,여름캠프,11,0,0.0,0
2026-08-02,05_여름시즌_PC,03_캠프+기숙학원,방학캠프,15,0,0.0,0
2026-08-02,05_여름시즌_PC,03_캠프+기숙학원,청소년캠프,32,0,0.0,0
2026-08-02,05_여름시즌_PC,03_캠프+기숙학원,여름방학캠프,5,0,0.0,0
2026-08-02,05_여름시즌_PC,03_캠프+기숙학원,중학생여름방학캠프,16,1,904.0,0
2026-08-02,05_여름시즌_PC,03_캠프+기숙학원,중등여름방학캠프,7,0,0.0,0
2026-08-02,05_여름시즌_PC,03_캠프+기숙학원,고등학생여름방학캠프,2,0,0.0,0
2026-08-02,05_여름시즌_PC,03_캠프+기숙학원,고등여름방학캠프,4,0,0.0,0
2026-08-02,05_여름시즌_PC,03_캠프+기숙학원,고등학생캠프,38,0,0.0,0
2026-08-02,05_여름시즌_PC,03_캠프+기숙학원,자기주도학습캠프,3,0,0.0,0
2026-08-02,05_여름시즌_PC,03_캠프+기숙학원,기숙학원썸머스쿨,6,0,0.0,0
2026-08-02,05_여름시즌_PC,03_캠프+기숙학원,수학캠프,1,0,0.0,0
2026-08-02,05_여름시즌_PC,03_캠프+기숙학원,멘토링캠프,1,0,0.0,0
2026-08-02,05_여름시즌_PC,03_캠프+기숙학원,중학생방학캠프,8,0,0.0,0
2026-08-02,05_여름시즌_PC,03_캠프+기숙학원,방학기숙학원,4,0,0.0,0
2026-08-02,05_여름시즌_PC,03_캠프+기숙학원,고등기숙학원,1,0,0.0,0
2026-08-02,05_여름시즌_PC,03_캠프+기숙학원,중등기숙학원,31,0,0.0,0
2026-08-02,05_여름시즌_PC,03_캠프+기숙학원,고3기숙학원,24,0,0.0,0
2026-08-02,05_여름시즌_PC,03_캠프+기숙학원,고2기숙학원,7,0,0.0,0
2026-08-02,05_여름시즌_PC,03_캠프+기숙학원,고1기숙학원,17,0,0.0,0
2026-08-02,05_여름시즌_PC,03_캠프+기숙학원,중3기숙학원,1,0,0.0,0
2026-08-02,05_여름시즌_PC,03_캠프+기숙학원,중2기숙학원,16,0,0.0,0
2026-08-02,05_여름시즌_PC,03_캠프+기숙학원,재학생기숙학원,1,0,0.0,0
2026-08-02,06_초등_MO,01_자기주도학습,초등공부,26,0,0.0,0
2026-08-02,06_초등_MO,01_자기주도학습,초등학습,3,0,0.0,0
2026-08-02,06_초등_MO,01_자기주도학습,초등공부습관,1,0,0.0,0
2026-08-02,06_초등_MO,03_인강/과외,초5수학인강,4,0,0.0,0
2026-08-02,06_초등_MO,03_인강/과외,초5영어인강,2,0,0.0,0
2026-08-02,06_초등_PC,03_인강/과외,초등수학인강,1,0,0.0,0
2026-08-02,06_초등_PC,01_자기주도학습,초등학습,2,0,0.0,0
2026-08-02,08_중등_MO,01_자기주도학습,중학교자기주도학습,1,0,0.0,0
2026-08-02,08_중등_MO,01_자기주도학습,중학교공부,5,0,0.0,0
2026-08-02,08_중등_MO,02_학원,중등학원,20,0,0.0,0
2026-08-02,08_중등_MO,02_학원,중등종합학원,1,0,0.0,0
2026-08-02,08_중등_MO,02_학원,중등전문학원,5,0,0.0,0
2026-08-02,08_중등_MO,02_학원,중등수학학원,17,0,0.0,0
2026-08-02,08_중등_MO,02_학원,중등국어학원,9,0,0.0,0
2026-08-02,08_중등_MO,02_학원,중등과학학원,4,0,0.0,0
2026-08-02,08_중등_MO,02_학원,중학교학원,1,0,0.0,0
2026-08-02,08_중등_MO,02_학원,중학교영어학원,5,0,0.0,0
2026-08-02,08_중등_MO,02_학원,중1수학,4,0,0.0,0
2026-08-02,08_중등_MO,02_학원,예비중1수학,1,0,0.0,0
2026-08-02,08_중등_MO,02_학원,중학생학원,2,0,0.0,0
2026-08-02,08_중등_MO,02_학원,중학생수학,7,0,0.0,0
2026-08-02,08_중등_MO,02_학원,중학생수학학원,2,0,0.0,0
2026-08-02,08_중등_MO,04_중학교 내신,중학교내신,2735,12,17637.0,0
2026-08-02,08_중등_PC,01_자기주도학습,중학생학습코칭,2,0,0.0,0
2026-08-02,08_중등_PC,01_자기주도학습,중학생공부,2,0,0.0,0
2026-08-02,08_중등_PC,01_자기주도학습,중등공부,7,0,0.0,0
2026-08-02,08_중등_PC,01_자기주도학습,중등학습,1,0,0.0,0
2026-08-02,08_중등_PC,01_자기주도학습,중학교자기주도학습,3,0,0.0,0
2026-08-02,08_중등_PC,01_자기주도학습,중학교공부,4,0,0.0,0
2026-08-02,08_중등_PC,02_학원,중3수학,4,0,0.0,0
2026-08-02,08_중등_PC,02_학원,중등수학학원,12,0,0.0,0
2026-08-02,08_중등_PC,02_학원,중학교영어학원,4,0,0.0,0
2026-08-02,08_중등_PC,02_학원,중1수학,4,0,0.0,0
2026-08-02,08_중등_PC,02_학원,중2수학,5,0,0.0,0
2026-08-02,08_중등_PC,02_학원,종합학원,15,0,0.0,0
2026-08-02,08_중등_PC,03_인강/과외,중3인강,4,0,0.0,0
2026-08-02,08_중등_PC,03_인강/과외,중3수학인강,1,0,0.0,0
2026-08-02,08_중등_PC,03_인강/과외,중3영어인강,2,1,1383.0,0
2026-08-02,08_중등_PC,03_인강/과외,중등과학과외,3,0,0.0,0
2026-08-02,08_중등_PC,03_인강/과외,중등인강,8,0,0.0,0
2026-08-02,08_중등_PC,03_인강/과외,중등국어인강,43,0,0.0,0
2026-08-02,08_중등_PC,03_인강/과외,중학생영어과외,3,0,0.0,0
2026-08-02,08_중등_PC,03_인강/과외,중학생국어과외,1,0,0.0,0
2026-08-02,08_중등_PC,03_인강/과외,중학생인강,6,0,0.0,0
2026-08-02,08_중등_PC,03_인강/과외,중학교과학과외,3,0,0.0,0
2026-08-02,08_중등_PC,03_인강/과외,중학교인강,4,0,0.0,0
2026-08-02,08_중등_PC,03_인강/과외,중학교수학인강,3,0,0.0,0
2026-08-02,08_중등_PC,03_인강/과외,중1수학인강,1,0,0.0,0
2026-08-02,08_중등_PC,03_인강/과외,중2영어과외,12,0,0.0,0
2026-08-02,08_중등_PC,03_인강/과외,중2국어과외,1,0,0.0,0
2026-08-02,08_중등_PC,03_인강/과외,중등홈스쿨링,1,0,0.0,0
2026-08-02,08_중등_PC,04_중학교 내신,중학교내신,110,0,0.0,0
2026-08-02,16_특정 키워드,02_참고서키워드,개념원리수학,2,0,0.0,0
2026-08-02,16_특정 키워드,02_참고서키워드,수학문제집추천,2,0,0.0,0
2026-08-02,16_특정 키워드,02_참고서키워드,과학문제집,4,0,0.0,0
2026-08-02,16_특정 키워드,02_참고서키워드,한국사문제집,4,0,0.0,0
2026-08-02,16_특정 키워드,02_참고서키워드,개념원리인강,6,0,0.0,0
2026-08-02,16_특정 키워드,02_참고서키워드,개념유형,5,0,0.0,0
2026-08-02,16_특정 키워드,02_참고서키워드,개념원리고등수학상,1,0,0.0,0
2026-08-02,16_특정 키워드,02_참고서키워드,개념원리고등수학,1,0,0.0,0
2026-08-02,16_특정 키워드,02_참고서키워드,메가스터디N제,6,0,0.0,0
2026-08-02,16_특정 키워드,02_참고서키워드,로즈리그래머홀릭,2,0,0.0,0
2026-08-02,16_특정 키워드,02_참고서키워드,미래엔교과서구입,23,0,0.0,0
2026-08-02,16_특정 키워드,02_참고서키워드,개념원리수학2,1,0,0.0,0
2026-08-02,16_특정 키워드,02_참고서키워드,개념원리미적분,4,0,0.0,0
2026-08-02,16_특정 키워드,02_참고서키워드,EBS초등수학,9,0,0.0,0
2026-08-02,16_특정 키워드,02_참고서키워드,수학의정석,74,0,0.0,0
2026-08-02,16_특정 키워드,02_참고서키워드,국어문법,1,0,0.0,0
2026-08-02,16_특정 키워드,02_참고서키워드,기적의영어리딩,4,0,0.0,0
2026-08-02,16_특정 키워드,02_참고서키워드,미래엔수학,18,0,0.0,0
2026-08-02,16_특정 키워드,02_참고서키워드,미래엔한국사,1,0,0.0,0
2026-08-02,16_특정 키워드,02_참고서키워드,그래머인사이드,1,0,0.0,0
2026-08-02,16_특정 키워드,02_참고서키워드,쎈수1,1,0,0.0,0
2026-08-02,16_특정 키워드,02_참고서키워드,자습서,1,0,0.0,0
2026-08-02,16_특정 키워드,03_이슈키워드,성적을부탁해,1,0,0.0,0
2026-08-02,16_특정 키워드,04_유리스마,웩슬러검사,34,0,0.0,0
2026-08-02,16_특정 키워드,04_유리스마,지능검사,52,0,0.0,0
2026-08-02,16_특정 키워드,04_유리스마,유리스마,7,0,0.0,0
2026-08-02,16_특정 키워드,미미미누 콜라보,미3누,8,0,0.0,0
2026-08-02,16_특정 키워드,미미미누 콜라보,VLT,18,0,0.0,0
2026-08-02,16_특정 키워드,미미미누 콜라보,에듀플렉스후기,12,0,0.0,0
2026-08-02,11_예비고1_MO,예비고1+관리/준비,예비고1공부,112,0,0.0,0
2026-08-02,11_예비고1_MO,예비고1+관리/준비,고등진학상담,4,0,0.0,0
2026-08-02,11_예비고1_MO,예비고1+학원/과외,예비고1학원,101,0,0.0,0
2026-08-02,11_예비고1_MO,예비고1+학원/과외,예비고1영어과외,112,1,1974.0,0
2026-08-02,11_예비고1_MO,예비고1+학원/과외,예비고1영어학원,22,0,0.0,0
2026-08-02,11_예비고1_MO,예비고1+학원/과외,예비고1국어학원,18,0,0.0,0
2026-08-02,11_예비고1_MO,예비고1+학원/과외,예비고1인강,1,0,0.0,0
2026-08-02,11_예비고1_PC,예비고1+관리/준비,예비고1준비,38,0,0.0,0
2026-08-02,11_예비고1_PC,예비고1+자기주도학습,예비고1독서실,2,0,0.0,0
2026-08-02,11_예비고1_PC,예비고1+학원/과외,예비고1과외,2,0,0.0,0
2026-08-02,11_예비고1_PC,예비고1+학원/과외,예비고1수학과외,14,0,0.0,0
2026-08-02,11_예비고1_PC,예비고1+학원/과외,예비고1국어학원,1,0,0.0,0
2026-08-02,12_예비중1_MO,2. 예비중1+자기주도학습,예비중1독서실추천,2,0,0.0,0
2026-08-02,12_예비중1_MO,3. 예비중1+학원/과외,예비중1수학학원,6,0,0.0,0
2026-08-02,12_예비중1_MO,3. 예비중1+학원/과외,예비중1영어과외,2,0,0.0,0
2026-08-02,12_예비중1_MO,3. 예비중1+학원/과외,예비중1종합학원,5,0,0.0,0
2026-08-02,12_예비중1_MO,3. 예비중1+학원/과외,예비중1학원,47,0,0.0,0
2026-08-02,12_예비중1_PC,예비중1+관리/준비,예비중1학습,1,0,0.0,0
2026-08-02,12_예비중1_PC,예비중1+학원/과외,예비중1수학과외,1,0,0.0,0
2026-08-02,12_예비중1_PC,예비중1+학원/과외,예비중1영어과외,14,0,0.0,0
2026-08-02,12_예비중1_PC,예비중1+학원/과외,예비중1영어학원,6,0,0.0,0
2026-08-02,10_고등_MO,01_자기주도학습,고2학습코칭,1,0,0.0,0
2026-08-02,10_고등_MO,01_자기주도학습,고등학생공부계획,1,0,0.0,0
2026-08-02,10_고등_MO,01_자기주도학습,고등학생자기주도학습,1,0,0.0,0
2026-08-02,10_고등_MO,01_자기주도학습,고등자기주도학습,1,0,0.0,0
2026-08-02,10_고등_MO,02_학원,고등과학학원,1,0,0.0,0
2026-08-02,10_고등_MO,02_학원,고등국어학원,6,0,0.0,0
2026-08-02,10_고등_MO,02_학원,고등수학,14,0,0.0,0
2026-08-02,10_고등_MO,02_학원,고등수학학원,32,1,4370.0,0
2026-08-02,10_고등_MO,02_학원,고등영어,4,0,0.0,0
2026-08-02,10_고등_MO,02_학원,고등영어학원,16,0,0.0,0
2026-08-02,10_고등_MO,02_학원,고등학원,1,0,0.0,0
2026-08-02,10_고등_MO,02_학원,고등학교수학,7,0,0.0,0
2026-08-02,10_고등_MO,02_학원,고등학교학원,1,0,0.0,0
2026-08-02,10_고등_MO,02_학원,고등학생국어학원,1,0,0.0,0
2026-08-02,10_고등_MO,02_학원,고등학생수학학원,1,0,0.0,0
2026-08-02,10_고등_MO,02_학원,고등학생영어,1,0,0.0,0
2026-08-02,10_고등_MO,02_학원,고등학생학원,2,0,0.0,0
2026-08-02,10_고등_MO,02_학원,고1수학,14,0,0.0,0
2026-08-02,10_고등_MO,02_학원,고1영어,3,0,0.0,0
2026-08-02,10_고등_MO,02_학원,고2수학,15,0,0.0,0
2026-08-02,10_고등_MO,02_학원,고3수학,4,0,0.0,0
2026-08-02,10_고등_MO,02_학원,고3영어,1,0,0.0,0
2026-08-02,10_고등_MO,02_학원,종합학원,1,0,0.0,0
2026-08-02,10_고등_MO,03_인강과외,고등국어,4,0,0.0,0
2026-08-02,10_고등_MO,03_인강과외,고등기말고사,1,0,0.0,0
2026-08-02,10_고등_MO,03_인강과외,고등과외,7,0,0.0,0
2026-08-02,10_고등_MO,03_인강과외,고등과학과외,1,0,0.0,0
2026-08-02,10_고등_MO,03_인강과외,고등국어과외,1,0,0.0,0
2026-08-02,10_고등_MO,03_인강과외,고등국어인강,6,0,0.0,0
2026-08-02,10_고등_MO,03_인강과외,고등수학과외,3,0,0.0,0
2026-08-02,10_고등_MO,03_인강과외,고등수학인강,5,0,0.0,0
2026-08-02,10_고등_MO,03_인강과외,고등영어과외,2,0,0.0,0
2026-08-02,10_고등_MO,03_인강과외,고등영어인강,1,0,0.0,0
2026-08-02,10_고등_MO,03_인강과외,고등인강,16,0,0.0,0
2026-08-02,10_고등_MO,03_인강과외,고등학생수학과외,1,0,0.0,0
2026-08-02,10_고등_MO,03_인강과외,고등학생영어과외,1,0,0.0,0
2026-08-02,10_고등_MO,03_인강과외,고등학교국어,1,0,0.0,0
2026-08-02,10_고등_MO,03_인강과외,고1중간고사,2,0,0.0,0
2026-08-02,10_고등_MO,03_인강과외,고1수학인강,2,0,0.0,0
2026-08-02,10_고등_MO,03_인강과외,고3과외,2,0,0.0,0
2026-08-02,10_고등_MO,03_인강과외,고3국어과외,10,0,0.0,0
2026-08-02,10_고등_MO,03_인강과외,고3수학과외,5,0,0.0,0
2026-08-02,10_고등_MO,03_인강과외,고3인강,1,0,0.0,0
2026-08-02,10_고등_MO,03_인강과외,고등인강추천,4,0,0.0,0
2026-08-02,10_고등_MO,04_입시,대학교입시,4,0,0.0,0
2026-08-02,10_고등_MO,04_입시,입시학원,3,0,0.0,0
2026-08-02,10_고등_MO,04_입시,면접학원,27,2,6458.0,0
2026-08-02,10_고등_MO,04_입시,대입상담,3,0,0.0,0
2026-08-02,10_고등_MO,04_입시,고교입시설명회,1,0,0.0,0
2026-08-02,10_고등_MO,04_입시,고교입학설명회,6,0,0.0,0
2026-08-02,10_고등_MO,04_입시,고등입학설명회,1,0,0.0,0
2026-08-02,10_고등_MO,04_입시,고입설명회,1,0,0.0,0
2026-08-02,10_고등_MO,04_입시,수능,728,0,0.0,0
2026-08-02,10_고등_MO,04_입시,모의,5,0,0.0,0
2026-08-02,10_고등_MO,04_입시,평가원모의고사,3,0,0.0,0
2026-08-02,10_고등_MO,05_고등 내신,고등내신,1,0,0.0,0
2026-08-02,10_고등_MO,05_고등 내신,고1내신,1,0,0.0,0
2026-08-02,10_고등_MO,05_고등 내신,고2내신,2,0,0.0,0
2026-08-02,10_고등_PC,01_자기주도학습,고등공부,2,0,0.0,0
2026-08-02,10_고등_PC,02_학원,고등수학,5,0,0.0,0
2026-08-02,10_고등_PC,02_학원,고등수학학원,1,0,0.0,0
2026-08-02,10_고등_PC,02_학원,고등영어학원,16,0,0.0,0
2026-08-02,10_고등_PC,02_학원,고등학생수학학원,1,0,0.0,0
2026-08-02,10_고등_PC,02_학원,고2수학학원,1,0,0.0,0
2026-08-02,10_고등_PC,02_학원,고3영어학원,1,0,0.0,0
2026-08-02,10_고등_PC,02_학원,종합학원,6,0,0.0,0
2026-08-02,10_고등_PC,03_인강과외,고등과외,2,0,0.0,0
2026-08-02,10_고등_PC,03_인강과외,고등국어과외,1,0,0.0,0
2026-08-02,10_고등_PC,03_인강과외,고등국어인강,3,0,0.0,0
2026-08-02,10_고등_PC,03_인강과외,고등수학과외,1,0,0.0,0
2026-08-02,10_고등_PC,03_인강과외,고등학생국어,1,0,0.0,0
2026-08-02,10_고등_PC,03_인강과외,고등학생수학학원,1,0,0.0,0
2026-08-02,10_고등_PC,03_인강과외,고등학생과외,1,0,0.0,0
2026-08-02,10_고등_PC,03_인강과외,고등학생인강,1,0,0.0,0
2026-08-02,10_고등_PC,03_인강과외,고등학교기출,1,0,0.0,0
2026-08-02,10_고등_PC,03_인강과외,고등학교인강,21,0,0.0,0
2026-08-02,10_고등_PC,03_인강과외,고3국어과외,5,0,0.0,0
2026-08-02,10_고등_PC,03_인강과외,고3수학과외,5,0,0.0,0
2026-08-02,10_고등_PC,04_입시,대입입시컨설팅,3,0,0.0,0
2026-08-02,10_고등_PC,04_입시,대입학원,3,0,0.0,0
2026-08-02,10_고등_PC,04_입시,대입면접,3,0,0.0,0
2026-08-02,10_고등_PC,04_입시,대학교상담,1,0,0.0,0
2026-08-02,10_고등_PC,04_입시,대학교입시,12,0,0.0,0
2026-08-02,10_고등_PC,04_입시,대학교입시컨설팅,7,0,0.0,0
2026-08-02,10_고등_PC,04_입시,대학교면접,4,0,0.0,0
2026-08-02,10_고등_PC,04_입시,대학교자기소개서,1,0,0.0,0
2026-08-02,10_고등_PC,04_입시,입시학원,7,0,0.0,0
2026-08-02,10_고등_PC,04_입시,입시컨설팅학원,3,0,0.0,0
2026-08-02,10_고등_PC,04_입시,면접학원,3,0,0.0,0
2026-08-02,10_고등_PC,04_입시,자기소개서학원,1,0,0.0,0
2026-08-02,10_고등_PC,04_입시,대입상담,3,0,0.0,0
2026-08-02,10_고등_PC,04_입시,예비고1설명회,4,0,0.0,0
2026-08-02,10_고등_PC,04_입시,내신등급계산,4,0,0.0,0
2026-08-02,10_고등_PC,04_입시,수학능력시험,25,0,0.0,0
2026-08-02,10_고등_PC,04_입시,모의,1,0,0.0,0
2026-08-02,10_고등_PC,04_입시,수능공부,20,0,0.0,0
2026-08-02,10_고등_PC,05_고등 내신,고등학교내신,147,0,0.0,0
2026-08-02,B_브랜드검색,04_MO_브랜드검색,에듀플렉스,230,27,0.0,0
2026-08-02,B_브랜드검색,04_MO_브랜드검색,애듀플렉스,7,1,0.0,0
2026-08-02,B_브랜드검색,04_MO_브랜드검색,에듀플랙스,8,2,0.0,0
2026-08-02,B_브랜드검색,04_MO_브랜드검색,애듀플랙스,1,0,0.0,0
2026-08-02,B_브랜드검색,04_MO_브랜드검색,에듀플렉스검사,1,0,0.0,0
2026-08-02,B_브랜드검색,04_MO_브랜드검색,에듀플렉스윈터스쿨,2,0,0.0,0
2026-08-02,B_브랜드검색,04_PC_브랜드검색,애듀플랙스,2,0,0.0,0
2026-08-02,B_브랜드검색,04_PC_브랜드검색,에듀플렉스,18,9,0.0,0
2026-08-03,02-1_FC,O_003_계산,계양구국어학원,28,0,0.0,0
2026-08-03,02-1_FC,O_003_계산,계양구영어학원,3,0,0.0,0
2026-08-03,02-1_FC,O_003_계산,계양구수학학원,7,0,0.0,0
2026-08-03,02-1_FC,O_003_계산,작전동과외,2,0,0.0,0
2026-08-03,02-1_FC,O_003_계산,계산동과외,1,0,0.0,0
2026-08-03,02-1_FC,O_003_계산,작전동영어과외,1,0,0.0,0
2026-08-03,02-1_FC,O_005_공덕,공덕국어학원,1,0,0.0,0
2026-08-03,02-1_FC,O_005_공덕,마포공부방,1,0,0.0,0
2026-08-03,02-1_FC,O_005_공덕,용산과외,3,0,0.0,0
2026-08-03,02-1_FC,O_005_공덕,용산수학과외,1,0,0.0,0
2026-08-03,02-1_FC,O_005_공덕,용산영어과외,1,0,0.0,0
2026-08-03,02-1_FC,O_005_공덕,용산과학과외,1,0,0.0,0
2026-08-03,02-1_FC,O_006_공덕2,대흥역수학학원,6,0,0.0,0
2026-08-03,02-1_FC,O_006_공덕2,마포구과외,1,0,0.0,0
2026-08-03,02-1_FC,O_008_광교,광교수학학원,3,0,0.0,0
2026-08-03,02-1_FC,O_008_광교,광교초등수학학원,1,0,0.0,0
2026-08-03,02-1_FC,O_008_광교,광교수학과외,1,0,0.0,0
2026-08-03,02-1_FC,O_008_광교,광교영어과외,2,0,0.0,0
2026-08-03,02-1_FC,O_010_교동,강릉수학과외,1,0,0.0,0
2026-08-03,02-1_FC,O_010_교동,강릉영어과외,2,0,0.0,0
2026-08-03,02-1_FC,O_010_교동,강릉국어과외,1,0,0.0,0
2026-08-03,02-1_FC,O_010_교동,강릉과학과외,1,0,0.0,0
2026-08-03,02-1_FC,O_010_교동,강릉교동중등수학학원,2,0,0.0,0
2026-08-03,02-1_FC,O_010_교동,교동내신대비학원,2,0,0.0,0
2026-08-03,02-1_FC,O_011_구서,구서동학원,1,0,0.0,0
2026-08-03,02-1_FC,O_011_구서,구서동영어학원,59,0,0.0,0
2026-08-03,02-1_FC,O_011_구서,구서동수학학원,1,0,0.0,0
2026-08-03,02-1_FC,O_011_구서,구서동초등영어학원,1,0,0.0,0
2026-08-03,02-1_FC,O_011_구서,구서동중등영어학원,18,0,0.0,0
2026-08-03,02-1_FC,O_011_구서,구서동영어,3,0,0.0,0
2026-08-03,02-1_FC,O_011_구서,금정구학원,2,0,0.0,0
2026-08-03,02-1_FC,O_012_구월,구월동수학학원,6,0,0.0,0
2026-08-03,02-1_FC,O_012_구월,구월동과외,1,0,0.0,0
2026-08-03,02-1_FC,O_012_구월,구월동국어과외,2,0,0.0,0
2026-08-03,02-1_FC,O_014_금오,의정부학원,13,0,0.0,0
2026-08-03,02-1_FC,O_014_금오,의정부영어학원,8,0,0.0,0
2026-08-03,02-1_FC,O_014_금오,의정부수학학원,5,0,0.0,0
2026-08-03,02-1_FC,O_014_금오,의정부독서실,6,0,0.0,0
2026-08-03,02-1_FC,O_014_금오,의정부초등영어학원,2,0,0.0,0
2026-08-03,02-1_FC,O_014_금오,의정부고등영어학원,2,0,0.0,0
2026-08-03,02-1_FC,O_014_금오,신곡동학원,1,0,0.0,0
2026-08-03,02-1_FC,O_014_금오,금오동과외,1,0,0.0,0
2026-08-03,02-1_FC,O_014_금오,의정부국어과외,1,0,0.0,0
2026-08-03,02-1_FC,O_014_금오,의정부고등학생학원,1,0,0.0,0
2026-08-03,02-1_FC,O_015_금호,금호동과외,1,0,0.0,0
2026-08-03,02-1_FC,O_017_내외,김해수학학원,5,0,0.0,0
2026-08-03,02-1_FC,O_017_내외,김해과외,5,0,0.0,0
2026-08-03,02-1_FC,O_017_내외,김해수학과외,1,0,0.0,0
2026-08-03,02-1_FC,O_017_내외,김해영어과외,18,0,0.0,0
2026-08-03,02-1_FC,O_017_내외,김해국어과외,1,0,0.0,0
2026-08-03,02-1_FC,O_020_다대포,사하구과외,1,0,0.0,0
2026-08-03,02-1_FC,O_020_다대포,사하구고등과학학원,1,0,0.0,0
2026-08-03,02-1_FC,O_022_당산,당산역수학학원,1,0,0.0,0
2026-08-03,02-1_FC,O_022_당산,당산동초등영어학원,1,0,0.0,0
2026-08-03,02-1_FC,O_022_당산,영등포구수학과외,1,0,0.0,0
2026-08-03,02-1_FC,O_022_당산,당산삼성타운학원,1,0,0.0,0
2026-08-03,02-1_FC,O_023_대방_1/3,신길동과외,1,0,0.0,0
2026-08-03,02-1_FC,O_023_대방_1/3,대방동학원,1,0,0.0,0
2026-08-03,02-1_FC,O_023_대방_1/3,대방동국어학원,1,0,0.0,0
2026-08-03,02-1_FC,O_023_대방_1/3,대방동수학학원,2,0,0.0,0
2026-08-03,02-1_FC,O_023_대방_1/3,상남동수학학원,1,0,0.0,0
2026-08-03,02-1_FC,O_023_대방_1/3,상남동영어학원,2,0,0.0,0
2026-08-03,02-1_FC,O_023_대방_1/3,상남동학원,1,0,0.0,0
2026-08-03,02-1_FC,O_029_동춘,동춘학원,1,0,0.0,0
2026-08-03,02-1_FC,O_029_동춘,동춘동국어학원,68,1,403.0,0
2026-08-03,02-1_FC,O_029_동춘,동춘동영어학원,27,0,0.0,0
2026-08-03,02-1_FC,O_029_동춘,동춘동수학학원,44,0,0.0,0
2026-08-03,02-1_FC,O_029_동춘,동춘동초등수학학원,5,0,0.0,0
2026-08-03,02-1_FC,O_029_동춘,동춘동중등영어학원,1,0,0.0,0
2026-08-03,02-1_FC,O_029_동춘,동춘동중등수학학원,1,0,0.0,0
2026-08-03,02-1_FC,O_029_동춘,동춘동고등수학학원,4,0,0.0,0
2026-08-03,02-1_FC,O_029_동춘,동춘동영어과외,1,0,0.0,0
2026-08-03,02-1_FC,O_029_동춘,연수구영어과외,16,0,0.0,0
2026-08-03,02-1_FC,O_034_만수,서창동과외,1,0,0.0,0
2026-08-03,02-1_FC,"O_037_명일, 고덕 ",명일동수학학원,2,0,0.0,0
2026-08-03,02-1_FC,"O_037_명일, 고덕 ",명일동영어학원,2,0,0.0,0
2026-08-03,02-1_FC,"O_037_명일, 고덕 ",명일동중등수학학원,4,0,0.0,0
2026-08-03,02-1_FC,"O_037_명일, 고덕 ",명일동초등영어학원,1,0,0.0,0
2026-08-03,02-1_FC,"O_037_명일, 고덕 ",명일동고등학원,1,0,0.0,0
2026-08-03,02-1_FC,"O_037_명일, 고덕 ",강동구중등영어학원,1,0,0.0,0
2026-08-03,02-1_FC,"O_037_명일, 고덕 ",강동구수학과외,6,0,0.0,0
2026-08-03,02-1_FC,"O_037_명일, 고덕 ",강동구영어과외,5,0,0.0,0
2026-08-03,02-1_FC,"O_037_명일, 고덕 ",강동구자기주도학습센터,1,0,0.0,0
2026-08-03,02-1_FC,"O_037_명일, 고덕 ",명일동공부방,1,0,0.0,0
2026-08-03,02-1_FC,"O_037_명일, 고덕 ",미사중등수학학원,2,0,0.0,0
2026-08-03,02-1_FC,"O_037_명일, 고덕 ",미사중등영어학원,1,0,0.0,0
2026-08-03,02-1_FC,"O_037_명일, 고덕 ",하남영어과외,2,0,0.0,0
2026-08-03,02-1_FC,O_038_명지,명지수학학원,3,0,0.0,0
2026-08-03,02-1_FC,O_038_명지,명지동영어학원,4,0,0.0,0
2026-08-03,02-1_FC,O_038_명지,명지동수학과외,1,0,0.0,0
2026-08-03,02-1_FC,O_050_범어,만촌동학원,1,0,0.0,0
2026-08-03,02-1_FC,O_050_범어,만촌동초등영어학원,1,0,0.0,0
2026-08-03,02-1_FC,O_050_범어,만촌동초등수학학원,1,0,0.0,0
2026-08-03,02-1_FC,O_050_범어,수성구학원,1,0,0.0,0
2026-08-03,02-1_FC,O_050_범어,수성구과외,1,0,0.0,0
2026-08-03,02-1_FC,O_050_범어,수성구고등수학학원,6,0,0.0,0
2026-08-03,02-1_FC,O_050_범어,수성구고등국어학원,4,0,0.0,0
2026-08-03,02-1_FC,O_050_범어,수성구국어과외,4,0,0.0,0
2026-08-03,02-1_FC,O_052_봉곡,구미영어학원,3,0,0.0,0
2026-08-03,02-1_FC,O_052_봉곡,구미초등수학학원,9,0,0.0,0
2026-08-03,02-1_FC,O_052_봉곡,구미영수학원,2,0,0.0,0
2026-08-03,02-1_FC,O_052_봉곡,구미영어과외,21,0,0.0,0
2026-08-03,02-1_FC,O_052_봉곡,구미국어과외,1,0,0.0,0
2026-08-03,02-1_FC,O_053_봉선,봉선동국어학원,5,0,0.0,0
2026-08-03,02-1_FC,O_053_봉선,봉선동영어학원,17,0,0.0,0
2026-08-03,02-1_FC,O_053_봉선,봉선동수학학원,42,0,0.0,0
2026-08-03,02-1_FC,O_053_봉선,봉선동고등영어학원,6,0,0.0,0
2026-08-03,02-1_FC,O_053_봉선,봉선동고등국어학원,1,0,0.0,0
2026-08-03,02-1_FC,O_053_봉선,봉선동과외,1,0,0.0,0
2026-08-03,02-1_FC,O_053_봉선,봉선동국어,1,0,0.0,0
2026-08-03,02-1_FC,O_053_봉선,광주봉선동영어학원,1,0,0.0,0
2026-08-03,02-1_FC,O_053_봉선,봉선동영어과외,2,0,0.0,0
2026-08-03,02-1_FC,O_056_부평,부평학원,1,0,0.0,0
2026-08-03,02-1_FC,O_056_부평,부평영어학원,2,0,0.0,0
2026-08-03,02-1_FC,O_056_부평,부평수학학원,4,0,0.0,0
2026-08-03,02-1_FC,O_056_부평,부평초등수학학원,1,0,0.0,0
2026-08-03,02-1_FC,O_056_부평,부평중등수학학원,3,0,0.0,0
2026-08-03,02-1_FC,O_056_부평,부평고등수학학원,2,0,0.0,0
2026-08-03,02-1_FC,O_056_부평,부평과외,1,0,0.0,0
2026-08-03,02-1_FC,O_056_부평,부평동영어학원,2,0,0.0,0
2026-08-03,02-1_FC,O_056_부평,부평동고등수학학원,1,0,0.0,0
2026-08-03,02-1_FC,O_056_부평,부평수학과외,1,0,0.0,0
2026-08-03,02-1_FC,O_056_부평,부평영어과외,6,1,5045.0,0
2026-08-03,02-1_FC,O_056_부평,부평방학특강,1,0,0.0,0
2026-08-03,02-1_FC,O_066_사하1,괴정동수학학원,1,0,0.0,0
2026-08-03,02-1_FC,O_066_사하1,괴정동영어학원,2,0,0.0,0
2026-08-03,02-1_FC,O_070_상동,부천상동학원,1,0,0.0,0
2026-08-03,02-1_FC,O_070_상동,부천상동영어학원,12,0,0.0,0
2026-08-03,02-1_FC,O_070_상동,부천상동수학학원,5,0,0.0,0
2026-08-03,02-1_FC,O_070_상동,부천상동중등영어학원,1,0,0.0,0
2026-08-03,02-1_FC,O_070_상동,부천상동고등수학학원,1,0,0.0,0
2026-08-03,02-1_FC,O_070_상동,상동학원,1,0,0.0,0
2026-08-03,02-1_FC,O_070_상동,상동국어학원,4,0,0.0,0
2026-08-03,02-1_FC,O_070_상동,상동영어학원,43,0,0.0,0
2026-08-03,02-1_FC,O_070_상동,상동수학학원,31,0,0.0,0
2026-08-03,02-1_FC,O_070_상동,상동고등영어학원,1,0,0.0,0
2026-08-03,02-1_FC,O_070_상동,상동수학,2,0,0.0,0
2026-08-03,02-1_FC,O_070_상동,상동역수학학원,2,0,0.0,0
2026-08-03,02-1_FC,O_070_상동,상동역수학,1,0,0.0,0
2026-08-03,02-1_FC,O_070_상동,부천과외,1,0,0.0,0
2026-08-03,02-1_FC,O_070_상동,부천중등영어학원,1,0,0.0,0
2026-08-03,02-1_FC,O_070_상동,부천영어과외,10,0,0.0,0
2026-08-03,02-1_FC,O_070_상동,상동수학과외,1,1,3599.0,0
2026-08-03,02-1_FC,O_070_상동,부천윈터스쿨,1,0,0.0,0
2026-08-03,02-1_FC,O_071_상모,임은동영어과외,1,0,0.0,0
2026-08-03,02-1_FC,O_076_서초2,서초동수학학원,8,0,0.0,0
2026-08-03,02-1_FC,O_076_서초2,서초구학원,2,0,0.0,0
2026-08-03,02-1_FC,O_076_서초2,서초구수학과외,1,0,0.0,0
2026-08-03,02-1_FC,O_076_서초2,서초구국어과외,1,0,0.0,0
2026-08-03,02-1_FC,O_076_서초2,서초동영어과외,1,0,0.0,0
2026-08-03,02-1_FC,O_076_서초2,서초수학과외,2,0,0.0,0
2026-08-03,02-1_FC,O_076_서초2,서초영어과외,2,0,0.0,0
2026-08-03,02-1_FC,O_078_센텀,센텀영어학원,3,0,0.0,0
2026-08-03,02-1_FC,O_078_센텀,센텀수학학원,29,0,0.0,0
2026-08-03,02-1_FC,O_078_센텀,센텀초등수학학원,1,0,0.0,0
2026-08-03,02-1_FC,O_078_센텀,재송동수학과외,1,0,0.0,0
2026-08-03,02-1_FC,O_079_송도,송도수학학원,28,0,0.0,0
2026-08-03,02-1_FC,O_079_송도,송도독서실,1,0,0.0,0
2026-08-03,02-1_FC,O_079_송도,송도중등영어학원,3,0,0.0,0
2026-08-03,02-1_FC,O_079_송도,송도고등영어학원,2,0,0.0,0
2026-08-03,02-1_FC,O_079_송도,송도과외,2,0,0.0,0
2026-08-03,02-1_FC,O_079_송도,송도영어,25,0,0.0,0
2026-08-03,02-1_FC,O_079_송도,송도수학,1,0,0.0,0
2026-08-03,02-1_FC,O_079_송도,인천송도과외,2,0,0.0,0
2026-08-03,02-1_FC,O_079_송도,송도수학과외,7,0,0.0,0
2026-08-03,02-1_FC,O_079_송도,송도영어과외,4,0,0.0,0
2026-08-03,02-1_FC,O_079_송도,송도국어과외,3,0,0.0,0
2026-08-03,02-1_FC,O_079_송도,송도방학특강,5,0,0.0,0
2026-08-03,02-1_FC,O_079_송도,송도윈터스쿨,8,0,0.0,0
2026-08-03,02-1_FC,O_083_수지,수지학원,1,0,0.0,0
2026-08-03,02-1_FC,O_083_수지,수지수학학원,20,0,0.0,0
2026-08-03,02-1_FC,O_083_수지,수지고등수학학원,2,0,0.0,0
2026-08-03,02-1_FC,O_083_수지,풍덕천동중등영어학원,1,0,0.0,0
2026-08-03,02-1_FC,O_083_수지,풍덕천동영어,1,0,0.0,0
2026-08-03,02-1_FC,O_083_수지,수지단과학원,1,0,0.0,0
2026-08-03,02-1_FC,O_083_수지,수지고등과학학원,2,0,0.0,0
2026-08-03,02-1_FC,O_083_수지,수지수학과외,1,0,0.0,0
2026-08-03,02-1_FC,O_083_수지,수지영어과외,1,0,0.0,0
2026-08-03,02-1_FC,O_083_수지,풍덕천동수학과외,2,0,0.0,0
2026-08-03,02-1_FC,O_083_수지,수지구청영어학원추천,1,0,0.0,0
2026-08-03,02-1_FC,O_083_수지,신봉동과외,1,0,0.0,0
2026-08-03,02-1_FC,O_084_수택,구리학원,2,0,0.0,0
2026-08-03,02-1_FC,O_084_수택,구리과외,6,0,0.0,0
2026-08-03,02-1_FC,O_084_수택,구리중등영어학원,8,0,0.0,0
2026-08-03,02-1_FC,O_084_수택,구리수학과외,2,0,0.0,0
2026-08-03,02-1_FC,O_084_수택,구리영어과외,2,0,0.0,0
2026-08-03,02-1_FC,O_084_수택,구리국어과외,1,0,0.0,0
2026-08-03,02-1_FC,O_091_양산,양산국어학원,2,0,0.0,0
2026-08-03,02-1_FC,O_091_양산,양산수학학원,32,0,0.0,0
2026-08-03,02-1_FC,O_091_양산,양산영어학원,30,0,0.0,0
2026-08-03,02-1_FC,O_091_양산,양산초등수학학원,1,0,0.0,0
2026-08-03,02-1_FC,O_091_양산,양산과외,1,0,0.0,0
2026-08-03,02-1_FC,O_091_양산,양산수학과외,2,0,0.0,0
2026-08-03,02-1_FC,O_091_양산,양산국어과외,1,0,0.0,0
2026-08-03,02-1_FC,O_102_월성,월성동영어학원,13,0,0.0,0
2026-08-03,02-1_FC,O_102_월성,월성동수학학원,19,0,0.0,0
2026-08-03,02-1_FC,O_102_월성,월성동초등수학학원,1,0,0.0,0
2026-08-03,02-1_FC,O_104_위례,위례학원,1,0,0.0,0
2026-08-03,02-1_FC,O_104_위례,위례국어학원,1,0,0.0,0
2026-08-03,02-1_FC,O_104_위례,위례영어학원,17,0,0.0,0
2026-08-03,02-1_FC,O_104_위례,위례수학학원,9,0,0.0,0
2026-08-03,02-1_FC,O_104_위례,위례초등영어학원,1,0,0.0,0
2026-08-03,02-1_FC,O_104_위례,위례중등영어학원,1,0,0.0,0
2026-08-03,02-1_FC,O_104_위례,위례과외,2,0,0.0,0
2026-08-03,02-1_FC,O_104_위례,위례수학과외,1,0,0.0,0
2026-08-03,02-1_FC,O_104_위례,위례국어과외,1,0,0.0,0
2026-08-03,02-1_FC,O_104_위례,위례윈터스쿨,1,0,0.0,0
2026-08-03,02-1_FC,O_105_율하,율하영어학원,12,0,0.0,0
2026-08-03,02-1_FC,O_105_율하,율하고등수학학원,1,0,0.0,0
2026-08-03,02-1_FC,O_105_율하,율하동초등수학학원,1,0,0.0,0
2026-08-03,02-1_FC,O_105_율하,김해독서실,9,0,0.0,0
2026-08-03,02-1_FC,O_105_율하,율하수학과외,1,0,0.0,0
2026-08-03,02-1_FC,O_105_율하,율하동수학과외,2,0,0.0,0
2026-08-03,02-1_FC,O_107_인천삼산,삼산동독서실,2,0,0.0,0
2026-08-03,02-1_FC,O_107_인천삼산,삼산동수학학원,47,0,0.0,0
2026-08-03,02-1_FC,O_107_인천삼산,삼산동영어학원,1,0,0.0,0
2026-08-03,02-1_FC,O_107_인천삼산,삼산동학원,1,0,0.0,0
2026-08-03,02-1_FC,O_110_장기,김포학원,3,0,0.0,0
2026-08-03,02-1_FC,O_110_장기,김포영어학원,2,0,0.0,0
2026-08-03,02-1_FC,O_110_장기,김포수학학원,1,0,0.0,0
2026-08-03,02-1_FC,O_110_장기,김포중등영어학원,1,0,0.0,0
2026-08-03,02-1_FC,O_110_장기,김포과외,2,0,0.0,0
2026-08-03,02-1_FC,O_110_장기,김포수학,1,0,0.0,0
2026-08-03,02-1_FC,O_110_장기,장기동학원,1,0,0.0,0
2026-08-03,02-1_FC,O_110_장기,장기동수학학원,15,0,0.0,0
2026-08-03,02-1_FC,O_110_장기,장기동영어학원,16,0,0.0,0
2026-08-03,02-1_FC,O_110_장기,장기동과외,3,0,0.0,0
2026-08-03,02-1_FC,O_110_장기,장기동수학과외,3,0,0.0,0
2026-08-03,02-1_FC,O_110_장기,장기동영어과외,4,0,0.0,0
2026-08-03,02-1_FC,O_114_제주이도,제주도수학학원,2,0,0.0,0
2026-08-03,02-1_FC,O_114_제주이도,제주시자기주도학습,1,0,0.0,0
2026-08-03,02-1_FC,O_114_제주이도,제주시자기주도학습센터,1,0,0.0,0
2026-08-03,02-1_FC,O_114_제주이도,제주영어과외,2,0,0.0,0
2026-08-03,02-1_FC,O_114_제주이도,제주자기주도학습센터,4,0,0.0,0
2026-08-03,02-1_FC,O_114_제주이도,제주학습코칭,1,0,0.0,0
2026-08-03,02-1_FC,O_120_진월,진월동중등영어학원,4,0,0.0,0
2026-08-03,02-1_FC,O_120_진월,진월동과외,1,0,0.0,0
2026-08-03,02-1_FC,O_120_진월,진월동영어,1,0,0.0,0
2026-08-03,02-1_FC,O_123_철산,철산동수학학원,6,0,0.0,0
2026-08-03,02-1_FC,O_123_철산,철산동학원,2,0,0.0,0
2026-08-03,02-1_FC,O_123_철산,철산수학학원,3,0,0.0,0
2026-08-03,02-1_FC,O_123_철산,철산수학과외,1,0,0.0,0
2026-08-03,02-1_FC,O_125_청라,청라독서실,7,0,0.0,0
2026-08-03,02-1_FC,O_125_청라,청라수학,3,0,0.0,0
2026-08-03,02-1_FC,O_125_청라,청라수학학원,5,0,0.0,0
2026-08-03,02-1_FC,O_125_청라,청라영어,1,0,0.0,0
2026-08-03,02-1_FC,O_125_청라,청라영어학원,2,0,0.0,0
2026-08-03,02-1_FC,O_125_청라,청라영어학원추천,1,0,0.0,0
2026-08-03,02-1_FC,O_125_청라,청라중등수학학원,11,0,0.0,0
2026-08-03,02-1_FC,O_125_청라,청라중등영어학원,1,0,0.0,0
2026-08-03,02-1_FC,O_125_청라,청라초등수학학원,3,0,0.0,0
2026-08-03,02-1_FC,O_125_청라,청라초등영어학원,1,0,0.0,0
2026-08-03,02-1_FC,O_125_청라,청라고등과학학원,2,0,0.0,0
2026-08-03,02-1_FC,O_125_청라,청라수학과외,4,0,0.0,0
2026-08-03,02-1_FC,O_125_청라,청라영어과외,1,0,0.0,0
2026-08-03,02-1_FC,O_125_청라,청라과학과외,2,0,0.0,0
2026-08-03,02-1_FC,O_125_청라,청라방학특강,2,0,0.0,0
2026-08-03,02-1_FC,O_127_침산,침산수학학원,1,0,0.0,0
2026-08-03,02-1_FC,O_127_침산,침산프리미엄독서실,1,0,0.0,0
2026-08-03,02-1_FC,O_127_침산,침산동학원,1,0,0.0,0
2026-08-03,02-1_FC,O_127_침산,침산동국어학원,15,0,0.0,0
2026-08-03,02-1_FC,O_127_침산,침산동영어학원,30,0,0.0,0
2026-08-03,02-1_FC,O_127_침산,침산동수학학원,34,0,0.0,0
2026-08-03,02-1_FC,O_127_침산,침산동초등수학학원,9,0,0.0,0
2026-08-03,02-1_FC,O_127_침산,침산동고등수학학원,1,0,0.0,0
2026-08-03,02-1_FC,O_127_침산,침산동과외,1,0,0.0,0
2026-08-03,02-1_FC,O_127_침산,침산동영어,1,0,0.0,0
2026-08-03,02-1_FC,O_127_침산,침산동수학,8,0,0.0,0
2026-08-03,02-1_FC,O_129_평거,진주시과외,1,0,0.0,0
2026-08-03,02-1_FC,O_129_평거,진주시진학상담,1,0,0.0,0
2026-08-03,02-1_FC,O_138_황금,지산동수학학원,6,0,0.0,0
2026-08-03,02-1_FC,O_138_황금,지산동영어학원,4,1,4717.0,0
2026-08-03,02-1_FC,O_016_남천,남천동학원,4,0,0.0,0
2026-08-03,02-1_FC,O_016_남천,남천동영어학원,10,0,0.0,0
2026-08-03,02-1_FC,O_016_남천,남천동수학학원,7,0,0.0,0
2026-08-03,02-1_FC,O_016_남천,남천동영어과외,1,0,0.0,0
2026-08-03,02-1_FC,O_016_남천,남천동과외,2,0,0.0,0
2026-08-03,02-1_FC,O_101_운정,파주운정영어학원,1,0,0.0,0
2026-08-03,02-1_FC,O_101_운정,운정국어학원,4,0,0.0,0
2026-08-03,02-1_FC,O_101_운정,운정수학학원,42,0,0.0,0
2026-08-03,02-1_FC,O_101_운정,운정중등영어학원,4,0,0.0,0
2026-08-03,02-1_FC,O_101_운정,운정고등영어학원,4,0,0.0,0
2026-08-03,02-1_FC,O_101_운정,운정고등수학학원,3,0,0.0,0
2026-08-03,02-1_FC,O_101_운정,운정고등국어학원,2,0,0.0,0
2026-08-03,02-1_FC,O_101_운정,운정과외,1,0,0.0,0
2026-08-03,02-1_FC,O_101_운정,운정수학,1,0,0.0,0
2026-08-03,02-1_FC,O_101_운정,동패동중등수학학원,2,0,0.0,0
2026-08-03,02-1_FC,O_101_운정,동패동고등영어학원,1,0,0.0,0
2026-08-03,02-1_FC,O_101_운정,운정수학과외,1,0,0.0,0
2026-08-03,02-1_FC,O_101_운정,운정영어과외,1,0,0.0,0
2026-08-03,02-1_FC,O_101_운정,운정국어과외,1,0,0.0,0
2026-08-03,02-1_FC,O_101_운정,파주과외,4,0,0.0,0
2026-08-03,02-1_FC,O_101_운정,파주영어과외,3,0,0.0,0
2026-08-03,02-1_FC,O_101_운정,파주국어과외,1,0,0.0,0
2026-08-03,02-1_FC,O_101_운정,파주윈터스쿨,3,1,913.0,0
2026-08-03,02-1_FC,O_055_부산대,부산대학원,13,0,0.0,0
2026-08-03,02-1_FC,O_055_부산대,부산대영어,18,0,0.0,0
2026-08-03,02-1_FC,O_055_부산대,부산대수학,21,0,0.0,0
2026-08-03,02-1_FC,O_055_부산대,장전동영어학원,1,0,0.0,0
2026-08-03,02-1_FC,O_055_부산대,부곡동국어과외,1,0,0.0,0
2026-08-03,02-1_FC,O_137_화정,화정동수학,1,0,0.0,0
2026-08-03,02-1_FC,O_137_화정,행신동학원,8,0,0.0,0
2026-08-03,02-1_FC,O_137_화정,행신동고등영어학원,1,0,0.0,0
2026-08-03,02-1_FC,O_137_화정,행신동수학과외,2,0,0.0,0
2026-08-03,02-1_FC,O_057_분당미금,미금역수학학원,4,0,0.0,0
2026-08-03,02-1_FC,O_072_상현,상현수학학원,1,0,0.0,0
2026-08-03,02-1_FC,O_072_상현,상현동영어학원,8,0,0.0,0
2026-08-03,02-1_FC,O_072_상현,상현동수학학원,3,0,0.0,0
2026-08-03,02-1_FC,O_072_상현,상현동과외,2,0,0.0,0
2026-08-03,02-1_FC,O_072_상현,용인시학원,2,0,0.0,0
2026-08-03,02-1_FC,O_087_신제주,노형동중등수학학원,7,0,0.0,0
2026-08-03,02-1_FC,O_087_신제주,제주노형수학학원,1,0,0.0,0
2026-08-03,02-1_FC,O_096_옥계,옥계학원,1,0,0.0,0
2026-08-03,02-1_FC,O_096_옥계,옥계동영어학원,3,0,0.0,0
2026-08-03,02-1_FC,O_096_옥계,옥계동수학학원,1,0,0.0,0
2026-08-03,02-1_FC,O_044_민락,수영과외,6,0,0.0,0
2026-08-03,02-1_FC,O_032_둔산,둔산국어학원,2,0,0.0,0
2026-08-03,02-1_FC,O_032_둔산,둔산영어학원,15,0,0.0,0
2026-08-03,02-1_FC,O_032_둔산,둔산수학학원,7,0,0.0,0
2026-08-03,02-1_FC,O_032_둔산,둔산중등영어학원,1,0,0.0,0
2026-08-03,02-1_FC,O_032_둔산,둔산동학원,5,0,0.0,0
2026-08-03,02-1_FC,O_032_둔산,둔산동국어학원,5,0,0.0,0
2026-08-03,02-1_FC,O_032_둔산,둔산동영어학원,18,0,0.0,0
2026-08-03,02-1_FC,O_032_둔산,둔산동수학학원,13,0,0.0,0
2026-08-03,02-1_FC,O_032_둔산,둔산동학원추천,1,0,0.0,0
2026-08-03,02-1_FC,O_032_둔산,둔산동초등영어학원,4,0,0.0,0
2026-08-03,02-1_FC,O_032_둔산,둔산동중등영어학원,6,0,0.0,0
2026-08-03,02-1_FC,O_032_둔산,둔산동중등수학학원,1,0,0.0,0
2026-08-03,02-1_FC,O_032_둔산,둔산동고등영어학원,2,0,0.0,0
2026-08-03,02-1_FC,O_032_둔산,둔산동고등수학학원,2,0,0.0,0
2026-08-03,02-1_FC,O_032_둔산,둔산동중등국어학원,1,0,0.0,0
2026-08-03,02-1_FC,O_032_둔산,둔산동수학,1,0,0.0,0
2026-08-03,02-1_FC,O_032_둔산,둔산수학과외,1,0,0.0,0
2026-08-03,02-1_FC,O_032_둔산,둔산동과학학원추천,1,0,0.0,0
2026-08-03,02-1_FC,O_032_둔산,둔산동국어과외,2,0,0.0,0
2026-08-03,02-1_FC,O_031_동탄청계,화성과외,2,0,0.0,0
2026-08-03,02-1_FC,O_031_동탄청계,동탄2신도시과외,2,0,0.0,0
2026-08-03,02-1_FC,O_049_방이,방이국어학원,4,0,0.0,0
2026-08-03,02-1_FC,O_049_방이,오금동학원,4,0,0.0,0
2026-08-03,02-1_FC,O_049_방이,오금동영어학원,2,0,0.0,0
2026-08-03,02-1_FC,O_049_방이,오금동수학학원,3,0,0.0,0
2026-08-03,02-1_FC,O_049_방이,방이동고등수학학원,3,0,0.0,0
2026-08-03,02-1_FC,O_049_방이,방이동중등수학학원,1,0,0.0,0
2026-08-03,02-1_FC,O_045_반송,창원영어학원,2,0,0.0,0
2026-08-03,02-1_FC,O_045_반송,창원수학학원,2,0,0.0,0
2026-08-03,02-1_FC,O_028_동백,동백수학학원,13,0,0.0,0
2026-08-03,02-1_FC,O_028_동백,동백영어학원,6,0,0.0,0
2026-08-03,02-1_FC,O_041_무실,원주영어학원,17,0,0.0,0
2026-08-03,02-1_FC,O_041_무실,원주독서실,2,0,0.0,0
2026-08-03,02-1_FC,O_041_무실,무실동국어학원,1,0,0.0,0
2026-08-03,02-1_FC,O_041_무실,무실동독서실,4,0,0.0,0
2026-08-03,02-1_FC,O_041_무실,무실동초등영어학원,4,0,0.0,0
2026-08-03,02-1_FC,O_041_무실,무실동중등영어학원,5,0,0.0,0
2026-08-03,02-1_FC,O_041_무실,무실동고등수학학원,1,0,0.0,0
2026-08-03,02-1_FC,O_041_무실,무실동전과목학원,1,0,0.0,0
2026-08-03,02-1_FC,O_041_무실,원주영어과외,2,0,0.0,0
2026-08-03,02-1_FC,O_041_무실,원주국어과외,1,0,0.0,0
2026-08-03,02-1_FC,O_041_무실,무실동영어과외,1,0,0.0,0
2026-08-03,02-1_FC,O_019_논현,인천논현역수학학원,1,0,0.0,0
2026-08-03,02-1_FC,O_019_논현,인천논현동영어학원,12,0,0.0,0
2026-08-03,02-1_FC,O_019_논현,인천논현동수학학원,32,1,3556.0,0
2026-08-03,02-1_FC,O_019_논현,인천논현동초등수학학원,1,0,0.0,0
2026-08-03,02-1_FC,O_019_논현,인천논현동영어,11,0,0.0,0
2026-08-03,02-1_FC,O_019_논현,인천논현동수학,1,0,0.0,0
2026-08-03,02-1_FC,O_019_논현,논현영어과외,1,0,0.0,0
2026-08-03,02-1_FC,O_019_논현,논현동국어과외,1,0,0.0,0
2026-08-03,02-1_FC,O_019_논현,고잔동중등수학학원,1,0,0.0,0
2026-08-03,02-1_FC,O_019_논현,고잔동중등영어학원,2,0,0.0,0
2026-08-03,02-1_FC,O_103_월평,월평동영어학원,41,0,0.0,0
2026-08-03,02-1_FC,O_103_월평,월평동수학학원,10,0,0.0,0
2026-08-03,02-1_FC,O_103_월평,월평동과외,1,0,0.0,0
2026-08-03,02-1_FC,O_103_월평,월평동수학,2,0,0.0,0
2026-08-03,02-1_FC,O_103_월평,월평동영어과외,1,0,0.0,0
2026-08-03,02-1_FC,O_103_월평,대전학원,7,0,0.0,0
2026-08-03,02-1_FC,O_103_월평,대전특강,1,0,0.0,0
2026-08-03,02-1_FC,O_103_월평,대전과외,7,0,0.0,0
2026-08-03,02-1_FC,O_103_월평,대전수학과외,4,0,0.0,0
2026-08-03,02-1_FC,O_103_월평,대전영어과외,21,0,0.0,0
2026-08-03,02-1_FC,O_103_월평,대전학습상담,2,0,0.0,0
2026-08-03,02-1_FC,O_018_노은,지족동국어학원,1,0,0.0,0
2026-08-03,02-1_FC,O_018_노은,지족동중등수학학원,1,0,0.0,0
2026-08-03,02-1_FC,O_018_노은,노은국어학원,1,0,0.0,0
2026-08-03,02-1_FC,O_018_노은,노은영어,2,0,0.0,0
2026-08-03,02-1_FC,O_099_용호_1/2,남천동수학학원,2,0,0.0,0
2026-08-03,02-1_FC,O_099_용호_1/2,대연동수학학원,1,0,0.0,0
2026-08-03,02-1_FC,O_136_화명2,화명동고등수학학원,2,0,0.0,0
2026-08-03,02-1_FC,O_136_화명2,화명동중등수학학원,4,0,0.0,0
2026-08-03,02-1_FC,O_136_화명2,화명동수학학원,15,0,0.0,0
2026-08-03,02-1_FC,O_136_화명2,화명동국어학원,11,0,0.0,0
2026-08-03,02-1_FC,O_136_화명2,화명동수학,5,0,0.0,0
2026-08-03,02-1_FC,O_136_화명2,화명동영어학원,41,0,0.0,0
2026-08-03,02-1_FC,O_136_화명2,화명동영수학원,1,0,0.0,0
2026-08-03,02-1_FC,O_136_화명2,화명동초등수학학원,2,0,0.0,0
2026-08-03,02-1_FC,O_136_화명2,화명영어학원,1,0,0.0,0
2026-08-03,02-1_FC,O_098_왕지,순천과외,8,0,0.0,0
2026-08-03,02-1_FC,O_098_왕지,순천영어과외,11,0,0.0,0
2026-08-03,02-1_FC,O_098_왕지,순천국어과외,1,0,0.0,0
2026-08-03,02-1_FC,O_098_왕지,순천과학과외,1,0,0.0,0
2026-08-03,02-1_FC,O_065_사직,사직동국어학원,1,0,0.0,0
2026-08-03,02-1_FC,O_065_사직,사직동영어학원,32,0,0.0,0
2026-08-03,02-1_FC,O_065_사직,사직동수학학원,5,0,0.0,0
2026-08-03,02-1_FC,O_065_사직,사직동초등수학학원,1,0,0.0,0
2026-08-03,02-1_FC,O_065_사직,사직동고등영어학원,2,0,0.0,0
2026-08-03,02-1_FC,O_065_사직,사직동과외,3,0,0.0,0
2026-08-03,02-1_FC,O_065_사직,사직동영어,2,0,0.0,0
2026-08-03,02-1_FC,O_065_사직,사직동영어과외,2,0,0.0,0
2026-08-03,02-1_FC,O_094_연제1,거제학원,1,0,0.0,0
2026-08-03,02-1_FC,O_092_양정,양정동영어학원,2,0,0.0,0
2026-08-03,02-1_FC,O_111_전농,동대문구수학과외,1,0,0.0,0
2026-08-03,02-1_FC,O_069_상계,상계동고등수학학원,1,0,0.0,0
2026-08-03,02-1_FC,O_069_상계,상계동과외,2,0,0.0,0
2026-08-03,02-1_FC,O_069_상계,상계동수학,1,0,0.0,0
2026-08-03,02-1_FC,O_069_상계,노원구학원,2,0,0.0,0
2026-08-03,02-1_FC,O_069_상계,노원구수학과외,1,0,0.0,0
2026-08-03,02-1_FC,O_069_상계,노원학원,10,0,0.0,0
2026-08-03,02-1_FC,O_069_상계,노원역학원,2,0,0.0,0
2026-08-03,02-1_FC,O_051_보라매,영등포국어과외,1,0,0.0,0
2026-08-03,02-1_FC,O_051_보라매,신길동영어과외,1,0,0.0,0
2026-08-03,02-1_FC,O_093_연신내,은평구학원,1,0,0.0,0
2026-08-03,02-1_FC,O_093_연신내,은평구과외,2,0,0.0,0
2026-08-03,02-1_FC,O_093_연신내,은평구수학과외,1,0,0.0,0
2026-08-03,02-1_FC,O_093_연신내,은평구국어과외,1,0,0.0,0
2026-08-03,02-1_FC,O_093_연신내,진관동영어과외,1,0,0.0,0
2026-08-03,02-1_FC,O_093_연신내,진관동중등수학학원,1,0,0.0,0
2026-08-03,02-1_FC,O_093_연신내,은평구윈터스쿨,2,0,0.0,0
2026-08-03,02-1_FC,O_001_가좌,가좌동영어학원,42,0,0.0,0
2026-08-03,02-1_FC,O_001_가좌,홍은동수학과외,1,0,0.0,0
2026-08-03,02-1_FC,O_001_가좌,신사동학원,1,0,0.0,0
2026-08-03,02-1_FC,O_001_가좌,신사동수학과외,1,0,0.0,0
2026-08-03,02-1_FC,O_061_분당이매,이매동과외,2,0,0.0,0
2026-08-03,02-1_FC,O_061_분당이매,이매동고등수학학원,2,0,0.0,0
2026-08-03,02-1_FC,O_061_분당이매,이매동영어학원추천,1,0,0.0,0
2026-08-03,02-1_FC,O_061_분당이매,이매동수학과외,5,0,0.0,0
2026-08-03,02-1_FC,O_061_분당이매,동판교중등영어학원,1,0,0.0,0
2026-08-03,02-1_FC,O_088_쌍용,천안학원,3,0,0.0,0
2026-08-03,02-1_FC,O_088_쌍용,천안국어학원,6,0,0.0,0
2026-08-03,02-1_FC,O_088_쌍용,천안영어학원,2,0,0.0,0
2026-08-03,02-1_FC,O_088_쌍용,천안수학학원,2,0,0.0,0
2026-08-03,02-1_FC,O_088_쌍용,천안과외,1,0,0.0,0
2026-08-03,02-1_FC,O_088_쌍용,천안영어,23,0,0.0,0
2026-08-03,02-1_FC,O_088_쌍용,천안수학과외,8,0,0.0,0
2026-08-03,02-1_FC,O_088_쌍용,천안영어과외,23,0,0.0,0
2026-08-03,02-1_FC,O_088_쌍용,쌍용동과외,3,0,0.0,0
2026-08-03,02-1_FC,O_088_쌍용,불당동학원,1,0,0.0,0
2026-08-03,02-1_FC,O_088_쌍용,불당동과외,5,0,0.0,0
2026-08-03,02-1_FC,O_025_대치한티,한티역수학학원,4,0,0.0,0
2026-08-03,02-1_FC,O_025_대치한티,대치동국어학원,6,0,0.0,0
2026-08-03,02-1_FC,O_025_대치한티,대치동수학학원,4,0,0.0,0
2026-08-03,02-1_FC,O_025_대치한티,대치동독서실,7,0,0.0,0
2026-08-03,02-1_FC,O_025_대치한티,대치동초등수학학원,16,0,0.0,0
2026-08-03,02-1_FC,O_025_대치한티,대치동중등영어학원,4,0,0.0,0
2026-08-03,02-1_FC,O_025_대치한티,대치동중등수학학원,21,0,0.0,0
2026-08-03,02-1_FC,O_025_대치한티,대치동고등수학학원,11,0,0.0,0
2026-08-03,02-1_FC,O_025_대치한티,대치동과외,2,0,0.0,0
2026-08-03,02-1_FC,O_025_대치한티,대치동국어,44,0,0.0,0
2026-08-03,02-1_FC,O_025_대치한티,대치동영어,17,0,0.0,0
2026-08-03,02-1_FC,O_143_장유,장유과외,1,0,0.0,0
2026-08-03,02-1_FC,O_143_장유,장유과학과외,1,0,0.0,0
2026-08-03,02-1_FC,O_128_테크노,관평동학원,2,0,0.0,0
2026-08-03,02-1_FC,O_128_테크노,관평동국어학원,2,0,0.0,0
2026-08-03,02-1_FC,O_128_테크노,관평동영어학원,9,0,0.0,0
2026-08-03,02-1_FC,O_128_테크노,관평동수학학원,2,0,0.0,0
2026-08-03,02-1_FC,O_128_테크노,관평동중등수학학원,1,0,0.0,0
2026-08-03,02-1_FC,O_128_테크노,관평동수학과외,3,0,0.0,0
2026-08-03,02-1_FC,O_062_분평_1/2,청주학원,2,0,0.0,0
2026-08-03,02-1_FC,O_062_분평_1/2,청주과외,4,0,0.0,0
2026-08-03,02-1_FC,O_062_분평_1/2,청주고등수학학원,1,0,0.0,0
2026-08-03,02-1_FC,O_062_분평_1/2,청주중등영어학원,1,0,0.0,0
2026-08-03,02-1_FC,O_062_분평_1/2,청주수학과외,4,0,0.0,0
2026-08-03,02-1_FC,O_062_분평_1/2,청주영어과외,4,0,0.0,0
2026-08-03,02-1_FC,O_062_분평_1/2,청주국어과외,4,0,0.0,0
2026-08-03,02-1_FC,O_062_분평_1/2,청주학습코칭,1,0,0.0,0
2026-08-03,02-1_FC,O_062_분평_1/2,분평동학원,1,0,0.0,0
2026-08-03,02-1_FC,O_062_분평_1/2,산남동학원,1,0,0.0,0
2026-08-03,02-1_FC,O_062_분평_1/2,산남동과외,1,0,0.0,0
2026-08-03,02-1_FC,O_062_분평_1/2,영운동수학과외,1,0,0.0,0
2026-08-03,02-1_FC,O_062_분평_2/2,청주윈터스쿨,3,0,0.0,0
2026-08-03,02-1_FC,O_048_방배,방배동영어학원,8,0,0.0,0
2026-08-03,02-1_FC,O_048_방배,방배동수학학원,12,0,0.0,0
2026-08-03,02-1_FC,O_048_방배,방배동중등수학학원,1,0,0.0,0
2026-08-03,02-1_FC,O_048_방배,방배동과외,2,0,0.0,0
2026-08-03,02-1_FC,O_145_하남미사,하남학원,3,0,0.0,0
2026-08-03,02-1_FC,O_145_하남미사,강일동국어과외,1,0,0.0,0
2026-08-03,02-1_FC,O_145_하남미사,강일동과학과외,1,0,0.0,0
2026-08-03,02-1_FC,O_145_하남미사,미사학원,1,0,0.0,0
2026-08-03,02-1_FC,O_145_하남미사,미사고등수학학원,4,0,0.0,0
2026-08-03,02-1_FC,O_145_하남미사,미사중등수학학원,2,0,0.0,0
2026-08-03,02-1_FC,O_145_하남미사,미사중등영어학원,4,0,0.0,0
2026-08-03,02-1_FC,O_145_하남미사,미사수학과외,2,0,0.0,0
2026-08-03,02-1_FC,O_145_하남미사,미사과학과외,1,0,0.0,0
2026-08-03,02-1_FC,O_145_하남미사,덕풍동영어과외,1,0,0.0,0
2026-08-03,02-1_FC,O_145_하남미사,풍산동중등영어학원,6,0,0.0,0
2026-08-03,02-1_FC,O_145_하남미사,강일학원,1,0,0.0,0
2026-08-03,02-1_FC,O_145_하남미사,미사강변중등영어학원,1,0,0.0,0
2026-08-03,02-1_FC,O_149_서강,마포공부방,1,0,0.0,0
2026-08-03,02-1_FC,O_149_서강,마포고등국어학원,35,0,0.0,0
2026-08-03,02-1_FC,O_149_서강,마포수학과외,1,0,0.0,0
2026-08-03,02-1_FC,O_149_서강,마포입시학원,2,0,0.0,0
2026-08-03,02-1_FC,O_149_서강,신수동수학과외,3,0,0.0,0
2026-08-03,02-1_FC,O_149_서강,용강동수학과외,3,0,0.0,0
2026-08-03,02-1_FC,O_149_서강,용강동영어과외,3,0,0.0,0
2026-08-03,02-1_FC,O_149_서강,용강동학원,1,0,0.0,0
2026-08-03,02-1_FC,O_150_잠실새내_1/2,에듀플렉스잠실새내,1,0,0.0,0
2026-08-03,02-1_FC,O_150_잠실새내_1/2,송파윈터스쿨,8,0,0.0,0
2026-08-03,02-1_FC,O_150_잠실새내_1/2,송파입시학원,4,0,0.0,0
2026-08-03,02-1_FC,O_150_잠실새내_1/2,잠실관리형독서실,11,0,0.0,0
2026-08-03,02-1_FC,O_150_잠실새내_1/2,송파구관리형독서실,2,0,0.0,0
2026-08-03,02-1_FC,O_150_잠실새내_1/2,송파관리형독서실,8,0,0.0,0
2026-08-03,02-1_FC,O_150_잠실새내_1/2,송파과외,1,0,0.0,0
2026-08-03,02-1_FC,O_150_잠실새내_1/2,송파구과외,2,0,0.0,0
2026-08-03,02-1_FC,O_150_잠실새내_1/2,송파구국어과외,1,0,0.0,0
2026-08-03,02-1_FC,O_150_잠실새내_1/2,송파구수학과외,1,0,0.0,0
2026-08-03,02-1_FC,O_150_잠실새내_1/2,송파구수학학원,2,0,0.0,0
2026-08-03,02-1_FC,O_150_잠실새내_1/2,송파구영어과외,1,0,0.0,0
2026-08-03,02-1_FC,O_150_잠실새내_1/2,송파구영어학원,18,0,0.0,0
2026-08-03,02-1_FC,O_150_잠실새내_1/2,송파구중등수학학원,1,0,0.0,0
2026-08-03,02-1_FC,O_150_잠실새내_1/2,송파구학원,8,0,0.0,0
2026-08-03,02-1_FC,O_150_잠실새내_1/2,송파수학과외,2,0,0.0,0
2026-08-03,02-1_FC,O_150_잠실새내_1/2,송파수학학원,9,0,0.0,0
2026-08-03,02-1_FC,O_150_잠실새내_1/2,송파영어과외,2,0,0.0,0
2026-08-03,02-1_FC,O_150_잠실새내_1/2,송파영어학원,30,0,0.0,0
2026-08-03,02-1_FC,O_150_잠실새내_1/2,송파학원,3,0,0.0,0
2026-08-03,02-1_FC,O_150_잠실새내_1/2,잠실동수학과외,1,0,0.0,0
2026-08-03,02-1_FC,O_150_잠실새내_1/2,잠실동수학학원,1,0,0.0,0
2026-08-03,02-1_FC,O_150_잠실새내_1/2,잠실수학과외,1,0,0.0,0
2026-08-03,02-1_FC,O_150_잠실새내_1/2,잠실수학학원,15,0,0.0,0
2026-08-03,02-1_FC,O_150_잠실새내_1/2,잠실영어과외,1,0,0.0,0
2026-08-03,02-1_FC,O_150_잠실새내_1/2,잠실중등수학학원,1,0,0.0,0
2026-08-03,02-1_FC,O_150_잠실새내_1/2,잠실학원,9,0,0.0,0
2026-08-03,02-1_FC,O_150_잠실새내_1/2,송파중등수학학원,1,0,0.0,0
2026-08-03,02-1_FC,O_150_잠실새내_1/2,송파중등국어학원,1,0,0.0,0
2026-08-03,02-1_FC,O_151_원효_1/3,용산과외,6,0,0.0,0
2026-08-03,02-1_FC,O_151_원효_1/3,용산구영어학원,3,0,0.0,0
2026-08-03,02-1_FC,O_151_원효_1/3,용산수학과외,1,0,0.0,0
2026-08-03,02-1_FC,O_151_원효_1/3,용산영어과외,1,0,0.0,0
2026-08-03,02-1_FC,O_151_원효_1/3,용산영어학원,1,0,0.0,0
2026-08-03,02-1_FC,O_151_원효_1/3,용산고등과외,1,0,0.0,0
2026-08-03,02-1_FC,O_151_원효_2/3,성심여고내신,1,0,0.0,0
2026-08-03,02-1_FC,O_151_원효_3/3,서울여중학원,1,0,0.0,0
2026-08-03,02-1_FC,O_151_원효_3/3,선린중기말고사,1,0,0.0,0
2026-08-03,02-1_FC,O_151_원효_3/3,선린중영어학원,1,0,0.0,0
2026-08-03,02-1_FC,O_151_원효_3/3,용강중수학학원,1,0,0.0,0
2026-08-03,02-1_FC,O_152_남동탄_1/2,에듀플렉스남동탄,1,0,0.0,0
2026-08-03,02-1_FC,O_152_남동탄_1/2,산척동수학학원,4,0,0.0,0
2026-08-03,02-1_FC,O_152_남동탄_1/2,중앙학원,2,0,0.0,0
2026-08-03,02-1_FC,O_152_남동탄_1/2,산척동영어과외,1,0,0.0,0
2026-08-03,02-1_FC,O_152_남동탄_1/2,남동탄수학학원,7,0,0.0,0
2026-08-03,02-1_FC,O_152_남동탄_1/2,산척동중등영어학원,4,0,0.0,0
2026-08-03,02-1_FC,O_152_남동탄_1/2,동탄국제고내신,1,0,0.0,0
2026-08-03,02-1_FC,O_152_남동탄_1/2,동탄중국어학원,4,0,0.0,0
2026-08-03,02-1_FC,O_152_남동탄_2/2,방교중국어학원,1,0,0.0,0
2026-08-03,02-1_FC,O_027_돈암_1/3,에듀플렉스돈암,1,0,0.0,0
2026-08-03,02-1_FC,O_027_돈암_1/3,종암동과외,1,0,0.0,0
2026-08-03,02-1_FC,O_027_돈암_1/3,종암동영어과외,1,0,0.0,0
2026-08-03,02-1_FC,O_027_돈암_1/3,종암동중등수학학원,3,0,0.0,0
2026-08-03,02-1_FC,O_027_돈암_1/3,종암동국어학원,1,0,0.0,0
2026-08-03,02-1_FC,O_027_돈암_1/3,돈암영어학원,1,0,0.0,0
2026-08-03,02-1_FC,O_027_돈암_1/3,돈암동중등수학학원,2,0,0.0,0
2026-08-03,02-1_FC,O_027_돈암_1/3,돈암동중등영어학원,1,0,0.0,0
2026-08-03,02-1_FC,O_027_돈암_1/3,돈암동영어학원,1,0,0.0,0
2026-08-03,02-1_FC,O_027_돈암_1/3,보문동영어과외,1,0,0.0,0
2026-08-03,02-1_FC,O_027_돈암_1/3,동소문동영어과외,1,0,0.0,0
2026-08-03,02-1_FC,O_027_돈암_1/3,동소문동중등영어학원,1,0,0.0,0
2026-08-03,02-1_FC,O_064_사우_1/2,사우동고등수학학원,1,0,0.0,0
2026-08-03,02-1_FC,O_064_사우_1/2,북변동수학과외,1,0,0.0,0
2026-08-03,02-1_FC,O_064_사우_1/2,북변동중등영어학원,2,0,0.0,0
2026-08-03,02-1_FC,O_064_사우_1/2,풍무동과외,1,0,0.0,0
2026-08-03,02-1_FC,O_064_사우_1/2,풍무동영어과외,1,0,0.0,0
2026-08-03,02-1_FC,O_064_사우_1/2,풍무동수학학원,8,0,0.0,0
2026-08-03,02-1_FC,O_064_사우_1/2,풍무동영어학원,17,0,0.0,0
2026-08-03,02-1_FC,O_064_사우_1/2,풍무동과학학원,2,0,0.0,0
2026-08-03,02-1_FC,O_064_사우_1/2,사우동학원,1,0,0.0,0
2026-08-03,02-1_FC,O_064_사우_1/2,사우동과외,1,0,0.0,0
2026-08-03,02-1_FC,O_064_사우_1/2,사우동수학학원,8,0,0.0,0
2026-08-03,02-1_FC,O_027_돈암_2/3,대광고내신,2,0,0.0,0
2026-08-03,02-1_FC,O_027_돈암_2/3,용문고내신,1,0,0.0,0
2026-08-03,02-1_FC,O_027_돈암_2/3,경신고수학학원,1,0,0.0,0
2026-08-03,02-1_FC,O_027_돈암_3/3,성신여고수학학원,1,0,0.0,0
2026-08-03,02-1_FC,O_027_돈암_3/3,성신여고내신,13,0,0.0,0
2026-08-03,02-1_FC,O_027_돈암_3/3,계성고내신,1,0,0.0,0
2026-08-03,02-1_FC,O_027_돈암_3/3,서울국제고내신,9,0,0.0,0
2026-08-03,02-1_FC,O_064_사우_2/2,김포중국어학원,2,0,0.0,0
2026-08-03,02-1_FC,O_023_대방_2/3,중앙동영어학원,1,0,0.0,0
2026-08-03,02-1_FC,O_023_대방_3/3,울산중국어학원,3,0,0.0,0
2026-08-03,02-1_FC,O_153_상도_1/2,자기주도학습관,1,0,0.0,0
2026-08-03,02-1_FC,O_153_상도_2/2,당곡고내신,2,0,0.0,0
2026-08-03,02-1_FC,O_153_상도_2/2,숭의여고수학학원,1,0,0.0,0
2026-08-03,02-1_FC,O_155_다산_1/2,다산관리형독서실,3,0,0.0,0
2026-08-03,02-1_FC,O_155_다산_1/2,도농진로,1,0,0.0,0
2026-08-03,02-1_FC,O_155_다산_1/2,다산국어과외,2,0,0.0,0
2026-08-03,02-1_FC,O_155_다산_1/2,다산국어학원,4,0,0.0,0
2026-08-03,02-1_FC,O_155_다산_1/2,다산동과외,1,0,0.0,0
2026-08-03,02-1_FC,O_155_다산_1/2,다산동국어학원,2,0,0.0,0
2026-08-03,02-1_FC,O_155_다산_1/2,다산동수학과외,4,0,0.0,0
2026-08-03,02-1_FC,O_155_다산_1/2,다산동수학학원,7,0,0.0,0
2026-08-03,02-1_FC,O_155_다산_1/2,다산수학학원,25,0,0.0,0
2026-08-03,02-1_FC,O_155_다산_1/2,다산신도시영어학원,1,0,0.0,0
2026-08-03,02-1_FC,O_155_다산_1/2,다산영어과외,7,0,0.0,0
2026-08-03,02-1_FC,O_155_다산_1/2,다산중등수학학원,1,0,0.0,0
2026-08-03,02-1_FC,O_155_다산_1/2,다산학원,13,0,0.0,0
2026-08-03,02-1_FC,O_156_광주화정_2/3,상일여고수학학원,1,0,0.0,0
2026-08-03,02-1_FC,O_156_광주화정_2/3,상일여고영어학원,2,0,0.0,0
2026-08-03,02-1_FC,O_156_광주화정_1/3,광주입시학원,3,0,0.0,0
2026-08-03,02-1_FC,O_156_광주화정_1/3,광주화정에듀플렉스,1,0,0.0,0
2026-08-03,02-1_FC,O_156_광주화정_1/3,광주관리형독서실,31,1,1011.0,0
2026-08-03,02-1_FC,O_156_광주화정_1/3,광주국어과외,1,0,0.0,0
2026-08-03,02-1_FC,O_156_광주화정_1/3,광주국어학원,1,0,0.0,0
2026-08-03,02-1_FC,O_156_광주화정_1/3,광주수학과외,8,0,0.0,0
2026-08-03,02-1_FC,O_156_광주화정_1/3,광주수학학원,1,0,0.0,0
2026-08-03,02-1_FC,O_156_광주화정_1/3,광주영어과외,19,0,0.0,0
2026-08-03,02-1_FC,O_156_광주화정_1/3,농성동영어과외,1,0,0.0,0
2026-08-03,02-1_FC,O_156_광주화정_1/3,화정동과외,2,0,0.0,0
2026-08-03,02-1_FC,O_156_광주화정_1/3,화정동국어과외,1,0,0.0,0
2026-08-03,02-1_FC,O_156_광주화정_1/3,화정동수학학원,6,0,0.0,0
2026-08-03,02-1_FC,O_156_광주화정_1/3,화정동영어학원,1,0,0.0,0
2026-08-03,02-1_FC,O_156_광주화정_3/3,서초과학학원,1,0,0.0,0
2026-08-03,02-1_FC,O_158_광명소하,소하동국어과외,1,0,0.0,0
2026-08-03,02-1_FC,O_158_광명소하,소하동수학과외,5,0,0.0,0
2026-08-03,02-1_FC,O_158_광명소하,시흥동영어,2,0,0.0,0
2026-08-03,02-1_FC,O_158_광명소하,시흥동영어학원,1,0,0.0,0
2026-08-03,02-1_FC,O_158_광명소하,시흥동중등영어학원,1,0,0.0,0
2026-08-03,02-1_FC,O_158_광명소하,광명고등수학학원,1,0,0.0,0
2026-08-03,02-1_FC,O_158_광명소하,광명국어과외,1,0,0.0,0
2026-08-03,02-1_FC,O_158_광명소하,광명수학과외,2,0,0.0,0
2026-08-03,02-1_FC,O_158_광명소하,광명수학학원,2,0,0.0,0
2026-08-03,02-1_FC,O_158_광명소하,광명영어과외,1,0,0.0,0
2026-08-03,02-1_FC,O_159_광명하안,하안동수학,1,0,0.0,0
2026-08-03,02-1_FC,O_159_광명하안,하안동에듀플렉스,1,0,0.0,0
2026-08-03,02-1_FC,O_159_광명하안,광명관리형독서실,2,0,0.0,0
2026-08-03,02-1_FC,O_159_광명하안,광명수학과외,9,0,0.0,0
2026-08-03,02-1_FC,O_159_광명하안,광명수학학원,17,0,0.0,0
2026-08-03,02-1_FC,O_159_광명하안,광명역국어학원,1,0,0.0,0
2026-08-03,02-1_FC,O_159_광명하안,광명역수학,1,0,0.0,0
2026-08-03,02-1_FC,O_160_단구,단구동국어학원,1,0,0.0,0
2026-08-03,02-1_FC,O_160_단구,단구동에듀플렉스,1,0,0.0,0
2026-08-03,02-1_FC,O_160_단구,단구동중등수학학원,4,0,0.0,0
2026-08-03,02-1_FC,O_160_단구,원주과외,7,0,0.0,0
2026-08-03,02-1_FC,O_160_단구,원주관리형독서실,24,0,0.0,0
2026-08-03,02-1_FC,O_160_단구,원주수학학원,4,0,0.0,0
2026-08-03,02-1_FC,O_160_단구,원주영어학원,1,0,0.0,0
2026-08-03,02-1_FC,O_160_단구,원주윈터스쿨,1,0,0.0,0
2026-08-03,02-1_FC,O_160_단구,원주학원,5,0,0.0,0
2026-08-03,02-1_FC,O_161_분당정자,정자동고등수학학원,1,0,0.0,0
2026-08-03,02-1_FC,O_161_분당정자,정자동관리형독서실,3,0,0.0,0
2026-08-03,02-1_FC,O_161_분당정자,정자동영어,1,0,0.0,0
2026-08-03,02-1_FC,O_161_분당정자,정자과학학원,1,0,0.0,0
2026-08-03,02-1_FC,O_162_불당,불당수학학원,5,0,0.0,0
2026-08-03,02-1_FC,O_162_불당,불당동과외,1,0,0.0,0
2026-08-03,02-1_FC,O_162_불당,불당동과학학원,5,0,0.0,0
2026-08-03,02-1_FC,O_162_불당,불당동수학학원,17,0,0.0,0
2026-08-03,02-1_FC,O_162_불당,불당동영어학원,23,0,0.0,0
2026-08-03,02-1_FC,O_162_불당,불당동중등영어학원,1,0,0.0,0
2026-08-03,02-1_FC,O_162_불당,불당동학원,2,0,0.0,0
2026-08-03,02-1_FC,O_162_불당,천안불당학원,1,0,0.0,0
2026-08-03,02-1_FC,O_162_불당,천안과학학원,8,0,0.0,0
2026-08-03,02-1_FC,O_162_불당,천안관리형독서실,15,0,0.0,0
2026-08-03,02-1_FC,O_162_불당,천안국어과외,4,0,0.0,0
2026-08-03,02-1_FC,O_162_불당,천안국어학원,1,0,0.0,0
2026-08-03,02-1_FC,O_162_불당,천안수능학원,1,0,0.0,0
2026-08-03,02-1_FC,O_162_불당,천안수시컨설팅,3,0,0.0,0
2026-08-03,02-1_FC,O_162_불당,천안수학과외,1,0,0.0,0
2026-08-03,02-1_FC,O_162_불당,천안수학학원,1,0,0.0,0
2026-08-03,02-1_FC,O_162_불당,천안에듀플렉스,1,0,0.0,0
2026-08-03,02-1_FC,O_162_불당,천안영어과외,1,0,0.0,0
2026-08-03,02-1_FC,O_162_불당,천안영어학원,10,0,0.0,0
2026-08-03,02-1_FC,O_162_불당,천안학습코칭,1,0,0.0,0
2026-08-03,02-1_FC,O_165_유니시티,창원고등과외,1,0,0.0,0
2026-08-03,02-1_FC,O_165_유니시티,창원과학전문학원,1,0,0.0,0
2026-08-03,02-1_FC,O_165_유니시티,창원국어과외,1,0,0.0,0
2026-08-03,02-1_FC,O_165_유니시티,창원수학학원,2,0,0.0,0
2026-08-03,02-1_FC,O_165_유니시티,창원영어과외,4,0,0.0,0
2026-08-03,02-1_FC,O_165_유니시티,창원영어학원,3,0,0.0,0
2026-08-03,02-1_FC,O_165_유니시티,창원윈터스쿨,2,0,0.0,0
2026-08-03,02-1_FC,O_165_유니시티,창원입시상담,8,0,0.0,0
2026-08-03,02-1_FC,O_165_유니시티,창원기숙학원,2,0,0.0,0
2026-08-03,02-1_FC,O_163_송촌,송촌동국어과외,1,0,0.0,0
2026-08-03,02-1_FC,O_163_송촌,송촌동국어학원,4,0,0.0,0
2026-08-03,02-1_FC,O_163_송촌,송촌동수학,1,1,1600.0,0
2026-08-03,02-1_FC,O_163_송촌,송촌동수학학원,8,0,0.0,0
2026-08-03,02-1_FC,O_163_송촌,송촌동영어,2,0,0.0,0
2026-08-03,02-1_FC,O_163_송촌,송촌동영어과외,1,0,0.0,0
2026-08-03,02-1_FC,O_163_송촌,송촌동영어학원,25,0,0.0,0
2026-08-03,02-1_FC,O_163_송촌,송촌동중등영어학원,1,0,0.0,0
2026-08-03,02-1_FC,O_169_분당정자,정자동관리형독서실,9,0,0.0,0
2026-08-03,02-1_FC,O_170_송파역,석촌동수학과외,1,0,0.0,0
2026-08-03,02-1_FC,O_170_송파역,석촌동수학학원,1,0,0.0,0
2026-08-03,02-1_FC,O_170_송파역,석촌역영어학원,1,0,0.0,0
2026-08-03,02-1_FC,O_171_개포점,도곡동영어과외,1,0,0.0,0
2026-08-03,02-1_FC,O_171_개포점,개포동학원,1,0,0.0,0
2026-08-03,02-1_FC,O_172_산곡점,산곡동과학과외,1,0,0.0,0
2026-08-03,02-1_FC,O_172_산곡점,가좌동학원,45,0,0.0,0
2026-08-03,02-1_FC,O_172_산곡점,청천동과외,1,0,0.0,0
2026-08-03,02-1_FC,O_172_산곡점,갈산동중등영어학원,10,0,0.0,0
2026-08-03,02-1_FC,O_172_산곡점,십정동과외,1,0,0.0,0
2026-08-03,02-1_FC,O_172_산곡점,인천수학학원,5,0,0.0,0
2026-08-03,02-1_FC,O_174_하계점,하계동자기주도학습,1,0,0.0,0
2026-08-03,02-1_FC,O_174_하계점,중계동학원,8,0,0.0,0
2026-08-03,02-1_FC,O_174_하계점,중계동영수학원,1,0,0.0,0
2026-08-03,02-1_FC,O_174_하계점,월계동학원,2,0,0.0,0
2026-08-03,02-1_FC,O_174_하계점,월계동영수학원,1,0,0.0,0
2026-08-03,02-1_FC,O_173_등촌점,가양동과외,1,0,0.0,0
2026-08-03,02-1_FC,O_173_등촌점,염창동과외,1,0,0.0,0
2026-08-03,02-1_FC,O_175_별내점,갈매동학원,1,0,0.0,0
2026-08-03,02-1_FC,O_175_별내점,별내동수학학원,2,0,0.0,0
2026-08-03,02-1_FC,O_176_문화점,은행동학원,1,0,0.0,0
2026-08-03,02-1_FC,O_176_문화점,용두동영수학원,2,0,0.0,0
2026-08-03,02-1_FC,O_176_문화점,은행동국어학원,1,0,0.0,0
2026-08-03,02-1_FC,O_176_문화점,용두동과학학원,2,0,0.0,0
2026-08-03,02-1_FC,O_182_행당점,왕십리역수학학원,3,0,0.0,0
2026-08-03,02-1_FC,O_182_행당점,왕십리수학학원,2,0,0.0,0
2026-08-03,02-1_FC,O_182_행당점,왕십리영어학원,3,0,0.0,0
2026-08-03,02-1_FC,O_191_구의점,자양동학원,3,0,0.0,0
2026-08-03,02-1_FC,O_191_구의점,능동학원,1,0,0.0,0
2026-08-03,02-1_FC,O_191_구의점,자양동수학학원,9,0,0.0,0
2026-08-03,02-1_FC,O_191_구의점,자양동영어학원,11,0,0.0,0
2026-08-03,02-1_FC,O_191_구의점,능동수학학원,3,0,0.0,0
2026-08-03,02-1_FC,O_191_구의점,능동영어학원,1,0,0.0,0
2026-08-03,02-1_FC,O_189_고척점,개봉동학원,2,0,0.0,0
2026-08-03,02-1_FC,O_189_고척점,고척수학학원,1,0,0.0,0
2026-08-03,02-1_FC,O_189_고척점,개봉동과학학원,5,0,0.0,0
2026-08-03,02-1_FC,O_189_고척점,광명동수학학원,1,0,0.0,0
2026-08-03,02-1_FC,O_184_비전점,동삭동학원,4,0,0.0,0
2026-08-03,02-1_FC,O_184_비전점,비전동수학학원,3,0,0.0,0
2026-08-03,02-1_FC,O_184_비전점,비전동영어학원,3,0,0.0,0
2026-08-03,02-1_FC,O_184_비전점,비전동내신대비,50,0,0.0,0
2026-08-03,02-1_FC,O_184_비전점,동삭동수학학원,1,0,0.0,0
2026-08-03,02-1_FC,O_184_비전점,동삭동영어학원,5,0,0.0,0
2026-08-03,02-1_FC,O_184_비전점,동삭동국어학원,5,0,0.0,0
2026-08-03,02-1_FC,O_184_비전점,평택역영어학원,1,0,0.0,0
2026-08-03,02-1_FC,O_184_비전점,세교동수학학원,1,0,0.0,0
2026-08-03,02-1_FC,O_184_비전점,세교동영어학원,1,0,0.0,0
2026-08-03,02-1_FC,O_183_신정점,고척동학원,1,0,0.0,0
2026-08-03,02-1_FC,O_183_신정점,고척동입시학원,1,0,0.0,0
2026-08-03,02-1_FC,O_183_신정점,고척동수학학원,2,0,0.0,0
2026-08-03,02-1_FC,O_183_신정점,고척동영어학원,7,0,0.0,0
2026-08-03,02-1_FC,O_181_주엽점,주엽동영어학원,3,0,0.0,0
2026-08-03,02-1_FC,O_181_주엽점,주엽역수학학원,1,0,0.0,0
2026-08-03,02-1_FC,O_180_마곡점,마곡수학학원,1,0,0.0,0
2026-08-03,02-1_FC,O_180_마곡점,마곡영어학원,1,0,0.0,0
2026-08-03,02-1_FC,O_178_진관점,진관동학원,1,0,0.0,0
2026-08-03,02-1_FC,O_178_진관점,구파발역수학학원,1,0,0.0,0
2026-08-03,02-1_FC,O_178_진관점,진관동영어학원,1,0,0.0,0
2026-08-03,02-1_FC,O_179_신갈점,신갈동영어학원,2,0,0.0,0
2026-08-03,02-1_FC,O_179_신갈점,상갈동영어학원,2,0,0.0,0
2026-08-03,02-1_FC,O_177_운양점,운양동학원,1,0,0.0,0
2026-08-03,02-1_FC,O_177_운양점,운양동자기주도학습,2,0,0.0,0
2026-08-03,02-1_FC,O_177_운양점,운양동입시,1,0,0.0,0
2026-08-03,02-1_FC,O_177_운양점,운양동수학학원,17,0,0.0,0
2026-08-03,02-1_FC,O_177_운양점,운양동영어학원,16,0,0.0,0
2026-08-03,02-1_FC,O_177_운양점,운양동국어학원,1,0,0.0,0
2026-08-03,02-1_FC,O_177_운양점,운양국어학원,3,0,0.0,0
2026-08-03,09_진로진학,진로진학_PC,강남진로상담,2,0,0.0,0
2026-08-03,09_진로진학,진로진학_PC,상상코치,1,0,0.0,0
2026-08-03,09_진로진학,진로진학_PC,아이기질검사,1,0,0.0,0
2026-08-03,09_진로진학,진로진학_PC,지문적성검사,6,0,0.0,0
2026-08-03,09_진로진학,진로진학_PC,직업상담,4,0,0.0,0
2026-08-03,09_진로진학,진로진학_PC,직업적성검사,7,0,0.0,0
2026-08-03,09_진로진학,진로진학_PC,진로,13,0,0.0,0
2026-08-03,09_진로진학,진로진학_PC,진로검사,4,0,0.0,0
2026-08-03,09_진로진학,진로진학_PC,진로교육,1,0,0.0,0
2026-08-03,09_진로진학,진로진학_PC,진로상담,1,0,0.0,0
2026-08-03,09_진로진학,진로진학_PC,진로상담사,1,0,0.0,0
2026-08-03,09_진로진학,진로진학_PC,진로선택,1,0,0.0,0
2026-08-03,09_진로진학,진로진학_PC,진로적성,1,0,0.0,0
2026-08-03,09_진로진학,진로진학_PC,진로적성검사,8,0,0.0,0
2026-08-03,09_진로진학,진로진학_PC,진로진학컨설팅,1,0,0.0,0
2026-08-03,09_진로진학,진로진학_PC,청소년상담,4,0,0.0,0
2026-08-03,09_진로진학,진로진학_MO,고등학생진로,1,0,0.0,0
2026-08-03,09_진로진학,진로진학_MO,직업적성검사,4,0,0.0,0
2026-08-03,09_진로진학,진로진학_MO,진로,5,0,0.0,0
2026-08-03,09_진로진학,진로진학_MO,진로검사,2,0,0.0,0
2026-08-03,09_진로진학,진로진학_MO,진로고민,4,0,0.0,0
2026-08-03,09_진로진학,진로진학_MO,진로상담,7,0,0.0,0
2026-08-03,09_진로진학,진로진학_MO,진로적성검사,2,0,0.0,0
2026-08-03,09_진로진학,진로진학_MO,진로찾기,1,0,0.0,0
2026-08-03,09_진로진학,진로진학_MO,진로코칭,1,0,0.0,0
2026-08-03,09_진로진학,진로진학_MO,진로탐색,1,0,0.0,0
2026-08-03,09_진로진학,진로진학_MO,상상코치,1,0,0.0,0
2026-08-03,09_진로진학,진로진학_MO,아이기질검사,2,0,0.0,0
2026-08-03,09_진로진학,진로진학_MO,지문적성검사,2,0,0.0,0
2026-08-03,09_진로진학,진로진학_MO,직업상담,2,0,0.0,0
2026-08-03,00_브랜드,01 브랜드,에듀코치,15,0,0.0,0
2026-08-03,00_브랜드,01 브랜드,에듀플렉스,475,11,10787.0,0
2026-08-03,00_브랜드,01 브랜드,에듀플렉스공부방법,2,0,0.0,0
2026-08-03,00_브랜드,01 브랜드,에듀플렉스수학,1,0,0.0,0
2026-08-03,00_브랜드,01 브랜드,에듀플렉스영어,4,0,0.0,0
2026-08-03,00_브랜드,01 브랜드,에듀플렉스후기,11,0,0.0,0
2026-08-03,00_브랜드,01 브랜드,에듀코치개별지도,185,1,650.0,0
2026-08-03,00_브랜드,01 브랜드,에듀코치학원,2,0,0.0,0
2026-08-03,00_브랜드,01 브랜드,광주에듀플렉스,2,0,0.0,0
2026-08-03,00_브랜드,01 브랜드,구리에듀플렉스,1,0,0.0,0
2026-08-03,00_브랜드,01 브랜드,대구에듀플렉스,1,0,0.0,0
2026-08-03,00_브랜드,01 브랜드,대전에듀플렉스,2,0,0.0,0
2026-08-03,00_브랜드,01 브랜드,부천에듀플렉스,1,0,0.0,0
2026-08-03,00_브랜드,01 브랜드,시흥에듀플렉스,1,0,0.0,0
2026-08-03,00_브랜드,01 브랜드,안산에듀플렉스,3,1,73.0,0
2026-08-03,00_브랜드,01 브랜드,에듀플렉스개별지도,1,0,0.0,0
2026-08-03,00_브랜드,01 브랜드,에듀플렉스검사,1,0,0.0,0
2026-08-03,00_브랜드,01 브랜드,에듀플렉스국어,2,0,0.0,0
2026-08-03,00_브랜드,01 브랜드,에듀플렉스매니저,5,0,0.0,0
2026-08-03,00_브랜드,01 브랜드,에듀플렉스초등,1,0,0.0,0
2026-08-03,00_브랜드,01 브랜드,에듀플렉스학습매니저,3,0,0.0,0
2026-08-03,00_브랜드,01 브랜드,에듀플렉스학습플래너,2,0,0.0,0
2026-08-03,00_브랜드,01 브랜드,용인에듀플렉스,1,0,0.0,0
2026-08-03,00_브랜드,01 브랜드,울산에듀플렉스,1,0,0.0,0
2026-08-03,00_브랜드,01 브랜드,일산에듀플렉스,1,0,0.0,0
2026-08-03,00_브랜드,01 브랜드,제주에듀플렉스,3,0,0.0,0
2026-08-03,00_브랜드,01 브랜드,천안에듀플렉스,3,1,77.0,0
2026-08-03,00_브랜드,01 브랜드,EDUPLEX,2,0,0.0,0
2026-08-03,00_브랜드,01 브랜드,에듀플렉스공부유형검사,1,0,0.0,0
2026-08-03,00_브랜드,01 브랜드,VLT,19,0,0.0,0
2026-08-03,00_브랜드,01 브랜드,강동구에듀플렉스,1,0,0.0,0
2026-08-03,00_브랜드,01 브랜드,에듀플렉스테스트,2,0,0.0,0
2026-08-03,00_브랜드,01 브랜드,에듀플렉스운암,1,0,0.0,0
2026-08-03,00_브랜드,01 브랜드,에듀플렉스에듀코치,3,0,0.0,0
2026-08-03,00_브랜드,01 브랜드,학습유형검사,52,0,0.0,0
2026-08-03,00_브랜드,01 브랜드,학습전략검사,10,0,0.0,0
2026-08-03,00_브랜드,01 브랜드,에듀플렉스가격,6,0,0.0,0
2026-08-03,03_에듀코치_PC,01_시험,수능공부,1,0,0.0,0
2026-08-03,03_에듀코치_PC,01_시험,중간고사대비,1,0,0.0,0
2026-08-03,03_에듀코치_PC,01_시험,모의고사,114,0,0.0,0
2026-08-03,03_에듀코치_PC,01_시험,중간고사,3,0,0.0,0
2026-08-03,03_에듀코치_PC,01_시험,기말고사,2,0,0.0,0
2026-08-03,03_에듀코치_PC,01_시험,서술형,10,0,0.0,0
2026-08-03,03_에듀코치_PC,01_시험,새학기준비,2,0,0.0,0
2026-08-03,03_에듀코치_PC,02_시험조합_1/2,시험대비,3,0,0.0,0
2026-08-03,03_에듀코치_PC,02_시험조합_1/2,중학생시험대비,1,0,0.0,0
2026-08-03,03_에듀코치_PC,02_시험조합_1/2,고등국어공부,2,0,0.0,0
2026-08-03,03_에듀코치_PC,02_시험조합_1/2,고등학생국어공부,2,0,0.0,0
2026-08-03,03_에듀코치_PC,02_시험조합_1/2,중1수학공부,3,0,0.0,0
2026-08-03,03_에듀코치_PC,02_시험조합_1/2,중2수학공부,1,0,0.0,0
2026-08-03,03_에듀코치_PC,02_시험조합_1/2,중3수학공부,1,0,0.0,0
2026-08-03,03_에듀코치_PC,02_시험조합_1/2,중학생수학공부,1,0,0.0,0
2026-08-03,03_에듀코치_PC,02_시험조합_1/2,중등영어공부,1,0,0.0,0
2026-08-03,03_에듀코치_PC,02_시험조합_1/2,중학생영어공부,1,0,0.0,0
2026-08-03,03_에듀코치_PC,02_시험조합_1/2,고등학생영어공부,1,0,0.0,0
2026-08-03,03_에듀코치_PC,02_시험조합_1/2,중1공부,2,0,0.0,0
2026-08-03,03_에듀코치_PC,02_시험조합_1/2,중2공부,1,0,0.0,0
2026-08-03,03_에듀코치_PC,02_시험조합_1/2,중학생국어공부법,2,0,0.0,0
2026-08-03,03_에듀코치_PC,02_시험조합_1/2,중1공부법,3,0,0.0,0
2026-08-03,03_에듀코치_PC,02_시험조합_1/2,중3공부법,1,0,0.0,0
2026-08-03,03_에듀코치_PC,02_시험조합_1/2,중학생공부법,3,0,0.0,0
2026-08-03,03_에듀코치_PC,02_시험조합_1/2,수학학습,1,0,0.0,0
2026-08-03,03_에듀코치_PC,02_시험조합_1/2,영어학습,10,0,0.0,0
2026-08-03,03_에듀코치_PC,02_시험조합_1/2,학습,28,1,556.0,0
2026-08-03,03_에듀코치_PC,02_시험조합_1/2,중등학습,1,0,0.0,0
2026-08-03,03_에듀코치_PC,02_시험조합_1/2,중1국어,3,0,0.0,0
2026-08-03,03_에듀코치_PC,02_시험조합_1/2,중등국어,4,0,0.0,0
2026-08-03,03_에듀코치_PC,02_시험조합_1/2,중학생국어,4,0,0.0,0
2026-08-03,03_에듀코치_PC,02_시험조합_1/2,중1수학,6,0,0.0,0
2026-08-03,03_에듀코치_PC,02_시험조합_1/2,중3수학,1,0,0.0,0
2026-08-03,03_에듀코치_PC,02_시험조합_1/2,예비중1수학,1,0,0.0,0
2026-08-03,03_에듀코치_PC,02_시험조합_1/2,중학생수학,16,0,0.0,0
2026-08-03,03_에듀코치_PC,02_시험조합_1/2,고1수학,2,0,0.0,0
2026-08-03,03_에듀코치_PC,02_시험조합_1/2,영어,6,0,0.0,0
2026-08-03,03_에듀코치_PC,02_시험조합_1/2,중1영어,8,0,0.0,0
2026-08-03,03_에듀코치_PC,02_시험조합_1/2,중2영어,1,0,0.0,0
2026-08-03,03_에듀코치_PC,02_시험조합_1/2,중학생영어,6,0,0.0,0
2026-08-03,03_에듀코치_PC,02_시험조합_1/2,예비고3공부,4,0,0.0,0
2026-08-03,03_에듀코치_PC,02_시험조합_1/2,중등영어내신,3,0,0.0,0
2026-08-03,03_에듀코치_PC,02_시험조합_1/2,과학공부법,1,0,0.0,0
2026-08-03,03_에듀코치_PC,02_시험조합_1/2,고등수학공부법,1,0,0.0,0
2026-08-03,03_에듀코치_PC,02_시험조합_1/2,수학내신대비,2,0,0.0,0
2026-08-03,03_에듀코치_PC,02_시험조합_1/2,국어기출,1,0,0.0,0
2026-08-03,03_에듀코치_PC,02_시험조합_1/2,중2수학기출,1,0,0.0,0
2026-08-03,03_에듀코치_PC,02_시험조합_1/2,중3수학기출,1,0,0.0,0
2026-08-03,03_에듀코치_PC,02_시험조합_1/2,과학학습법,1,0,0.0,0
2026-08-03,03_에듀코치_PC,02_시험조합_1/2,영어시험,5,0,0.0,0
2026-08-03,03_에듀코치_PC,02_시험조합_2/2,중3사회,1,0,0.0,0
2026-08-03,03_에듀코치_PC,02_시험조합_2/2,중등사회,7,0,0.0,0
2026-08-03,03_에듀코치_PC,02_시험조합_2/2,중등,4,0,0.0,0
2026-08-03,03_에듀코치_PC,02_시험조합_2/2,중등과학,4,0,0.0,0
2026-08-03,03_에듀코치_PC,02_시험조합_2/2,중학생과학,3,0,0.0,0
2026-08-03,03_에듀코치_PC,02_시험조합_2/2,고등과학,3,0,0.0,0
2026-08-03,03_에듀코치_PC,02_시험조합_2/2,고등영어내신,5,0,0.0,0
2026-08-03,03_에듀코치_PC,02_시험조합_2/2,사회내신,1,0,0.0,0
2026-08-03,03_에듀코치_PC,02_시험조합_2/2,중등내신,1,0,0.0,0
2026-08-03,03_에듀코치_PC,02_시험조합_2/2,중학생내신,3,0,0.0,0
2026-08-03,03_에듀코치_PC,02_시험조합_2/2,고2내신,1,0,0.0,0
2026-08-03,03_에듀코치_PC,02_시험조합_2/2,고3내신,9,0,0.0,0
2026-08-03,03_에듀코치_PC,02_시험조합_2/2,고3수학내신,1,0,0.0,0
2026-08-03,03_에듀코치_PC,02_시험조합_2/2,고등수학내신,1,0,0.0,0
2026-08-03,03_에듀코치_PC,02_시험조합_2/2,기출,3,0,0.0,0
2026-08-03,03_에듀코치_PC,02_시험조합_2/2,시험,4,0,0.0,0
2026-08-03,03_에듀코치_PC,03_학원_1/2,중2국어,3,0,0.0,0
2026-08-03,03_에듀코치_PC,03_학원_1/2,중3국어,3,0,0.0,0
2026-08-03,03_에듀코치_PC,03_학원_1/2,고1국어,4,0,0.0,0
2026-08-03,03_에듀코치_PC,03_학원_1/2,사회,10,0,0.0,0
2026-08-03,03_에듀코치_PC,03_학원_1/2,중1사회,1,0,0.0,0
2026-08-03,03_에듀코치_PC,03_학원_1/2,중3사회,2,0,0.0,0
2026-08-03,03_에듀코치_PC,03_학원_1/2,수학,26,0,0.0,0
2026-08-03,03_에듀코치_PC,03_학원_1/2,중등수학,1,0,0.0,0
2026-08-03,03_에듀코치_PC,03_학원_1/2,고1수학,17,0,0.0,0
2026-08-03,03_에듀코치_PC,03_학원_1/2,중등영어,1,0,0.0,0
2026-08-03,03_에듀코치_PC,03_학원_1/2,고1영어,2,0,0.0,0
2026-08-03,03_에듀코치_PC,03_학원_1/2,고3영어,1,0,0.0,0
2026-08-03,03_에듀코치_PC,03_학원_1/2,중2과학,1,0,0.0,0
2026-08-03,03_에듀코치_PC,03_학원_1/2,중등,6,0,0.0,0
2026-08-03,03_에듀코치_PC,03_학원_1/2,수학학원,7,0,0.0,0
2026-08-03,03_에듀코치_PC,03_학원_1/2,중학생학원,4,0,0.0,0
2026-08-03,03_에듀코치_PC,03_학원_1/2,수학학원추천,2,0,0.0,0
2026-08-03,03_에듀코치_PC,03_학원_1/2,영어학원추천,1,0,0.0,0
2026-08-03,03_에듀코치_PC,03_학원_1/2,학원추천,1,0,0.0,0
2026-08-03,03_에듀코치_PC,03_학원_1/2,영수전문학원,1,0,0.0,0
2026-08-03,03_에듀코치_PC,03_학원_1/2,소수정예,3,0,0.0,0
2026-08-03,03_에듀코치_PC,03_학원_2/2,전과목학원,2,0,0.0,0
2026-08-03,03_에듀코치_PC,03_학원_2/2,고등수학전문학원,2,0,0.0,0
2026-08-03,03_에듀코치_PC,03_학원_2/2,고2수학,4,0,0.0,0
2026-08-03,03_에듀코치_PC,03_학원_2/2,고3수학,5,0,0.0,0
2026-08-03,03_에듀코치_MO,01_시험,기말고사준비,2,0,0.0,0
2026-08-03,03_에듀코치_MO,01_시험,수능공부,5,0,0.0,0
2026-08-03,03_에듀코치_MO,01_시험,기말고사공부,2,0,0.0,0
2026-08-03,03_에듀코치_MO,01_시험,기말공부,3,0,0.0,0
2026-08-03,03_에듀코치_MO,01_시험,중간고사대비,1,0,0.0,0
2026-08-03,03_에듀코치_MO,01_시험,기말고사대비,2,0,0.0,0
2026-08-03,03_에듀코치_MO,01_시험,기말대비,5,0,0.0,0
2026-08-03,03_에듀코치_MO,01_시험,기말고사공부법,3,0,0.0,0
2026-08-03,03_에듀코치_MO,01_시험,모의고사,11,0,0.0,0
2026-08-03,03_에듀코치_MO,01_시험,중간고사,1,0,0.0,0
2026-08-03,03_에듀코치_MO,01_시험,기말고사,7,0,0.0,0
2026-08-03,03_에듀코치_MO,01_시험,수학능력시험,10,0,0.0,0
2026-08-03,03_에듀코치_MO,01_시험,서술형,7,0,0.0,0
2026-08-03,03_에듀코치_MO,01_시험,기말,1,0,0.0,0
2026-08-03,03_에듀코치_MO,02_시험조합_1/2,수학시험대비,31,0,0.0,0
2026-08-03,03_에듀코치_MO,02_시험조합_1/2,시험대비,44,0,0.0,0
2026-08-03,03_에듀코치_MO,02_시험조합_1/2,예비중1국어공부,2,0,0.0,0
2026-08-03,03_에듀코치_MO,02_시험조합_1/2,고1국어공부,3,0,0.0,0
2026-08-03,03_에듀코치_MO,02_시험조합_1/2,고2국어공부,1,0,0.0,0
2026-08-03,03_에듀코치_MO,02_시험조합_1/2,고3국어공부,1,0,0.0,0
2026-08-03,03_에듀코치_MO,02_시험조합_1/2,예비중1수학공부,6,0,0.0,0
2026-08-03,03_에듀코치_MO,02_시험조합_1/2,영어공부,8,0,0.0,0
2026-08-03,03_에듀코치_MO,02_시험조합_1/2,중학생영어공부,14,0,0.0,0
2026-08-03,03_에듀코치_MO,02_시험조합_1/2,고등영어공부,62,1,1512.0,0
2026-08-03,03_에듀코치_MO,02_시험조합_1/2,예비고3영어공부,1,0,0.0,0
2026-08-03,03_에듀코치_MO,02_시험조합_1/2,사회공부,8,0,0.0,0
2026-08-03,03_에듀코치_MO,02_시험조합_1/2,중1공부,1,0,0.0,0
2026-08-03,03_에듀코치_MO,02_시험조합_1/2,중2공부,7,0,0.0,0
2026-08-03,03_에듀코치_MO,02_시험조합_1/2,예비중1공부,6,0,0.0,0
2026-08-03,03_에듀코치_MO,02_시험조합_1/2,중학생공부,17,0,0.0,0
2026-08-03,03_에듀코치_MO,02_시험조합_1/2,예비고1국어공부법,3,0,0.0,0
2026-08-03,03_에듀코치_MO,02_시험조합_1/2,예비고3국어공부법,1,0,0.0,0
2026-08-03,03_에듀코치_MO,02_시험조합_1/2,고등학생국어공부법,10,0,0.0,0
2026-08-03,03_에듀코치_MO,02_시험조합_1/2,고등영어공부법,17,0,0.0,0
2026-08-03,03_에듀코치_MO,02_시험조합_1/2,고등학생영어공부법,2,0,0.0,0
2026-08-03,03_에듀코치_MO,02_시험조합_1/2,중등공부법,6,0,0.0,0
2026-08-03,03_에듀코치_MO,02_시험조합_1/2,예비중1공부법,7,0,0.0,0
2026-08-03,03_에듀코치_MO,02_시험조합_1/2,고등국어학습,10,0,0.0,0
2026-08-03,03_에듀코치_MO,02_시험조합_1/2,예비고1국어학습,3,0,0.0,0
2026-08-03,03_에듀코치_MO,02_시험조합_1/2,영어학습,2,0,0.0,0
2026-08-03,03_에듀코치_MO,02_시험조합_1/2,중등영어학습,1,0,0.0,0
2026-08-03,03_에듀코치_MO,02_시험조합_1/2,고등영어학습,2,0,0.0,0
2026-08-03,03_에듀코치_MO,02_시험조합_1/2,사회학습,5,0,0.0,0
2026-08-03,03_에듀코치_MO,02_시험조합_1/2,고등시험대비,2,0,0.0,0
2026-08-03,03_에듀코치_MO,02_시험조합_1/2,국어,83,0,0.0,0
2026-08-03,03_에듀코치_MO,02_시험조합_1/2,고1국어,4,0,0.0,0
2026-08-03,03_에듀코치_MO,02_시험조합_1/2,고2국어,321,0,0.0,0
2026-08-03,03_에듀코치_MO,02_시험조합_1/2,수학,273,0,0.0,0
2026-08-03,03_에듀코치_MO,02_시험조합_1/2,고2국영수,1,0,0.0,0
2026-08-03,03_에듀코치_MO,02_시험조합_1/2,영어,28,0,0.0,0
2026-08-03,03_에듀코치_MO,02_시험조합_1/2,고1영어,7,0,0.0,0
2026-08-03,03_에듀코치_MO,02_시험조합_1/2,고등과학공부,1,0,0.0,0
2026-08-03,03_에듀코치_MO,02_시험조합_1/2,예비고3공부,1,0,0.0,0
2026-08-03,03_에듀코치_MO,02_시험조합_1/2,고등수학공부,36,0,0.0,0
2026-08-03,03_에듀코치_MO,02_시험조합_1/2,예비고3수학공부,13,0,0.0,0
2026-08-03,03_에듀코치_MO,02_시험조합_1/2,고1국어내신,2,0,0.0,0
2026-08-03,03_에듀코치_MO,02_시험조합_1/2,고2국어내신,3,0,0.0,0
2026-08-03,03_에듀코치_MO,02_시험조합_1/2,고3국어내신,21,0,0.0,0
2026-08-03,03_에듀코치_MO,02_시험조합_1/2,고등국어내신,21,0,0.0,0
2026-08-03,03_에듀코치_MO,02_시험조합_1/2,고1수학내신,12,0,0.0,0
2026-08-03,03_에듀코치_MO,02_시험조합_1/2,중등영어내신,1,0,0.0,0
2026-08-03,03_에듀코치_MO,02_시험조합_1/2,고1영어내신,14,0,0.0,0
2026-08-03,03_에듀코치_MO,02_시험조합_1/2,고2영어내신,4,0,0.0,0
2026-08-03,03_에듀코치_MO,02_시험조합_1/2,고3영어내신,12,0,0.0,0
2026-08-03,03_에듀코치_MO,02_시험조합_1/2,고등과학공부법,1,0,0.0,0
2026-08-03,03_에듀코치_MO,02_시험조합_1/2,예비고3공부법,7,0,0.0,0
2026-08-03,03_에듀코치_MO,02_시험조합_1/2,고등수학공부법,10,0,0.0,0
2026-08-03,03_에듀코치_MO,02_시험조합_1/2,국어내신대비,14,0,0.0,0
2026-08-03,03_에듀코치_MO,02_시험조합_1/2,고2국어내신대비,9,0,0.0,0
2026-08-03,03_에듀코치_MO,02_시험조합_1/2,고등국어내신대비,36,0,0.0,0
2026-08-03,03_에듀코치_MO,02_시험조합_1/2,영어내신대비,13,0,0.0,0
2026-08-03,03_에듀코치_MO,02_시험조합_1/2,고3영어내신대비,8,0,0.0,0
2026-08-03,03_에듀코치_MO,02_시험조합_1/2,과학학습,4,0,0.0,0
2026-08-03,03_에듀코치_MO,02_시험조합_1/2,고등학습,2,0,0.0,0
2026-08-03,03_에듀코치_MO,02_시험조합_1/2,국어기출,14,0,0.0,0
2026-08-03,03_에듀코치_MO,02_시험조합_1/2,고등국어기출,3,0,0.0,0
2026-08-03,03_에듀코치_MO,02_시험조합_1/2,수학기출,35,0,0.0,0
2026-08-03,03_에듀코치_MO,02_시험조합_1/2,영어기출,11,0,0.0,0
2026-08-03,03_에듀코치_MO,02_시험조합_1/2,국어시험,14,0,0.0,0
2026-08-03,03_에듀코치_MO,02_시험조합_1/2,고1국어시험,1,0,0.0,0
2026-08-03,03_에듀코치_MO,02_시험조합_1/2,고1수학시험,7,0,0.0,0
2026-08-03,03_에듀코치_MO,02_시험조합_1/2,영어시험,7,0,0.0,0
2026-08-03,03_에듀코치_MO,03_학원_1/2,중등수학,11,0,0.0,0
2026-08-03,03_에듀코치_MO,03_학원_1/2,중학생영어,1,0,0.0,0
2026-08-03,03_에듀코치_MO,03_학원_1/2,고등영어,5,0,0.0,0
2026-08-03,03_에듀코치_MO,03_학원_1/2,수학학원,3,0,0.0,0
2026-08-03,03_에듀코치_MO,03_학원_1/2,영어학원,6,0,0.0,0
2026-08-03,03_에듀코치_MO,03_학원_1/2,영어학원추천,1,0,0.0,0
2026-08-03,03_에듀코치_MO,02_시험조합_2/2,중학생내신,1,0,0.0,0
2026-08-03,03_에듀코치_MO,02_시험조합_2/2,고등내신,130,0,0.0,0
2026-08-03,03_에듀코치_MO,02_시험조합_2/2,고등수학내신,2,0,0.0,0
2026-08-03,03_에듀코치_MO,03_학원_2/2,고등수학학원추천,1,0,0.0,0
2026-08-03,03_에듀코치_MO,03_학원_2/2,고등수학전문학원,1,0,0.0,0
2026-08-03,05_여름시즌_MO,03_캠프+기숙학원,썸머캠프,10,0,0.0,0
2026-08-03,05_여름시즌_MO,03_캠프+기숙학원,여름캠프,19,0,0.0,0
2026-08-03,05_여름시즌_MO,03_캠프+기숙학원,방학캠프,4,0,0.0,0
2026-08-03,05_여름시즌_MO,03_캠프+기숙학원,청소년캠프,12,0,0.0,0
2026-08-03,05_여름시즌_MO,03_캠프+기숙학원,여름방학캠프,14,0,0.0,0
2026-08-03,05_여름시즌_MO,03_캠프+기숙학원,중학생여름방학캠프,7,0,0.0,0
2026-08-03,05_여름시즌_MO,03_캠프+기숙학원,고등학생캠프,3,0,0.0,0
2026-08-03,05_여름시즌_MO,03_캠프+기숙학원,중학생캠프,6,0,0.0,0
2026-08-03,05_여름시즌_MO,03_캠프+기숙학원,중학생방학캠프,2,0,0.0,0
2026-08-03,05_여름시즌_MO,03_캠프+기숙학원,고등기숙학원,2,0,0.0,0
2026-08-03,05_여름시즌_MO,03_캠프+기숙학원,고3기숙학원,5,1,3627.0,0
2026-08-03,05_여름시즌_MO,03_캠프+기숙학원,고1기숙학원,2,0,0.0,0
2026-08-03,05_여름시즌_MO,03_캠프+기숙학원,중3기숙학원,3,0,0.0,0
2026-08-03,05_여름시즌_MO,03_캠프+기숙학원,중2기숙학원,3,1,230.0,0
2026-08-03,05_여름시즌_MO,03_캠프+기숙학원,재학생기숙학원,3,0,0.0,0
2026-08-03,05_여름시즌_MO,01_썸머스쿨,썸머스쿨,235,3,2035.0,0
2026-08-03,05_여름시즌_PC,01_썸머스쿨,썸머스쿨,1047,1,865.0,0
2026-08-03,05_여름시즌_PC,01_썸머스쿨,고3썸머스쿨,2,0,0.0,0
2026-08-03,05_여름시즌_PC,03_캠프+기숙학원,썸머캠프,51,0,0.0,0
2026-08-03,05_여름시즌_PC,03_캠프+기숙학원,여름캠프,8,0,0.0,0
2026-08-03,05_여름시즌_PC,03_캠프+기숙학원,방학캠프,12,0,0.0,0
2026-08-03,05_여름시즌_PC,03_캠프+기숙학원,청소년캠프,20,0,0.0,0
2026-08-03,05_여름시즌_PC,03_캠프+기숙학원,여름방학캠프,8,0,0.0,0
2026-08-03,05_여름시즌_PC,03_캠프+기숙학원,중학생여름방학캠프,34,0,0.0,0
2026-08-03,05_여름시즌_PC,03_캠프+기숙학원,중등여름방학캠프,30,0,0.0,0
2026-08-03,05_여름시즌_PC,03_캠프+기숙학원,고등학생여름방학캠프,7,0,0.0,0
2026-08-03,05_여름시즌_PC,03_캠프+기숙학원,고등여름방학캠프,1,0,0.0,0
2026-08-03,05_여름시즌_PC,03_캠프+기숙학원,고등학생캠프,55,0,0.0,0
2026-08-03,05_여름시즌_PC,03_캠프+기숙학원,중학생캠프,6,0,0.0,0
2026-08-03,05_여름시즌_PC,03_캠프+기숙학원,중학교캠프,3,0,0.0,0
2026-08-03,05_여름시즌_PC,03_캠프+기숙학원,자기주도학습캠프,16,0,0.0,0
2026-08-03,05_여름시즌_PC,03_캠프+기숙학원,기숙학원썸머스쿨,33,0,0.0,0
2026-08-03,05_여름시즌_PC,03_캠프+기숙학원,수학캠프,1,0,0.0,0
2026-08-03,05_여름시즌_PC,03_캠프+기숙학원,멘토링캠프,1,0,0.0,0
2026-08-03,05_여름시즌_PC,03_캠프+기숙학원,중학생방학캠프,38,0,0.0,0
2026-08-03,05_여름시즌_PC,03_캠프+기숙학원,방학기숙학원,8,0,0.0,0
2026-08-03,05_여름시즌_PC,03_캠프+기숙학원,고등기숙학원,8,0,0.0,0
2026-08-03,05_여름시즌_PC,03_캠프+기숙학원,중등기숙학원,53,0,0.0,0
2026-08-03,05_여름시즌_PC,03_캠프+기숙학원,고3기숙학원,55,0,0.0,0
2026-08-03,05_여름시즌_PC,03_캠프+기숙학원,고2기숙학원,6,0,0.0,0
2026-08-03,05_여름시즌_PC,03_캠프+기숙학원,고1기숙학원,34,0,0.0,0
2026-08-03,05_여름시즌_PC,03_캠프+기숙학원,중3기숙학원,4,0,0.0,0
2026-08-03,05_여름시즌_PC,03_캠프+기숙학원,중2기숙학원,24,0,0.0,0
2026-08-03,05_여름시즌_PC,03_캠프+기숙학원,썸머스쿨기숙학원,2,0,0.0,0
2026-08-03,05_여름시즌_PC,03_캠프+기숙학원,재학생기숙학원,3,0,0.0,0
2026-08-03,05_여름시즌_PC,03_캠프+기숙학원,썸머기숙학원,1,0,0.0,0
2026-08-03,06_초등_MO,01_자기주도학습,초등공부,11,0,0.0,0
2026-08-03,06_초등_MO,01_자기주도학습,초등학습,5,0,0.0,0
2026-08-03,06_초등_MO,01_자기주도학습,초등공부습관,1,0,0.0,0
2026-08-03,06_초등_MO,01_자기주도학습,초등수행평가,1,0,0.0,0
2026-08-03,06_초등_MO,03_인강/과외,초5과외,5,0,0.0,0
2026-08-03,06_초등_MO,03_인강/과외,초5수학과외,1,0,0.0,0
2026-08-03,06_초등_MO,03_인강/과외,초5수학인강,1,0,0.0,0
2026-08-03,06_초등_PC,03_인강/과외,초5인강,2,0,0.0,0
2026-08-03,06_초등_PC,03_인강/과외,초5수학인강,2,0,0.0,0
2026-08-03,06_초등_PC,03_인강/과외,초등공부방,2,0,0.0,0
2026-08-03,06_초등_PC,03_인강/과외,초등과외,1,0,0.0,0
2026-08-03,06_초등_PC,03_인강/과외,초등영어과외,6,0,0.0,0
2026-08-03,06_초등_PC,03_인강/과외,초등영어인강,2,0,0.0,0
2026-08-03,06_초등_PC,03_인강/과외,초등학생과외,2,0,0.0,0
2026-08-03,06_초등_PC,03_인강/과외,초등학생영어인강,16,0,0.0,0
2026-08-03,06_초등_PC,01_자기주도학습,초등학습,1,0,0.0,0
2026-08-03,06_초등_PC,01_자기주도학습,초등수행평가,1,0,0.0,0
2026-08-03,08_중등_MO,01_자기주도학습,중학생학습,2,0,0.0,0
2026-08-03,08_중등_MO,01_자기주도학습,중등학습코칭,1,0,0.0,0
2026-08-03,08_중등_MO,01_자기주도학습,중등공부,1,0,0.0,0
2026-08-03,08_중등_MO,01_자기주도학습,중학교자기주도학습,2,0,0.0,0
2026-08-03,08_중등_MO,01_자기주도학습,중학교공부,2,0,0.0,0
2026-08-03,08_중등_MO,02_학원,중3영어,1,0,0.0,0
2026-08-03,08_중등_MO,02_학원,중등학원,6,0,0.0,0
2026-08-03,08_중등_MO,02_학원,중등전문학원,9,0,0.0,0
2026-08-03,08_중등_MO,02_학원,중등수학학원,25,0,0.0,0
2026-08-03,08_중등_MO,02_학원,중등국어학원,7,0,0.0,0
2026-08-03,08_중등_MO,02_학원,중등과학학원,7,0,0.0,0
2026-08-03,08_중등_MO,02_학원,중학교학원,2,0,0.0,0
2026-08-03,08_중등_MO,02_학원,중학교영어학원,9,0,0.0,0
2026-08-03,08_중등_MO,02_학원,중1학원,2,0,0.0,0
2026-08-03,08_중등_MO,02_학원,예비중1영어,2,0,0.0,0
2026-08-03,08_중등_MO,02_학원,중학생학원,14,0,0.0,0
2026-08-03,08_중등_MO,02_학원,중학생수학,5,0,0.0,0
2026-08-03,08_중등_MO,02_학원,중2과학학원,1,0,0.0,0
2026-08-03,08_중등_MO,04_중학교 내신,중학교내신,2234,11,11730.0,0
2026-08-03,08_중등_PC,01_자기주도학습,중학생공부,2,0,0.0,0
2026-08-03,08_중등_PC,01_자기주도학습,중등학습,1,0,0.0,0
2026-08-03,08_중등_PC,01_자기주도학습,중학교자기주도학습,1,0,0.0,0
2026-08-03,08_중등_PC,01_자기주도학습,중학교공부,1,0,0.0,0
2026-08-03,08_중등_PC,02_학원,중등수학학원,9,0,0.0,0
2026-08-03,08_중등_PC,02_학원,중등영어학원,21,0,0.0,0
2026-08-03,08_중등_PC,02_학원,중학교영어학원,4,0,0.0,0
2026-08-03,08_중등_PC,02_학원,중1수학,2,0,0.0,0
2026-08-03,08_중등_PC,02_학원,중학생수학학원,1,0,0.0,0
2026-08-03,08_중등_PC,02_학원,중학생영어학원,16,0,0.0,0
2026-08-03,08_중등_PC,02_학원,종합학원,26,0,0.0,0
2026-08-03,08_중등_PC,03_인강/과외,중3영어과외,16,0,0.0,0
2026-08-03,08_중등_PC,03_인강/과외,중3인강,3,0,0.0,0
2026-08-03,08_중등_PC,03_인강/과외,중3영어인강,2,0,0.0,0
2026-08-03,08_중등_PC,03_인강/과외,중등과외,2,0,0.0,0
2026-08-03,08_중등_PC,03_인강/과외,중등수학과외,1,0,0.0,0
2026-08-03,08_중등_PC,03_인강/과외,중등영어과외,6,0,0.0,0
2026-08-03,08_중등_PC,03_인강/과외,중등과학과외,3,0,0.0,0
2026-08-03,08_중등_PC,03_인강/과외,중등인강,39,0,0.0,0
2026-08-03,08_중등_PC,03_인강/과외,중등수학인강,3,0,0.0,0
2026-08-03,08_중등_PC,03_인강/과외,중등국어인강,47,0,0.0,0
2026-08-03,08_중등_PC,03_인강/과외,중등영어인강,8,0,0.0,0
2026-08-03,08_중등_PC,03_인강/과외,중학생공부방,1,0,0.0,0
2026-08-03,08_중등_PC,03_인강/과외,중학생과외,3,0,0.0,0
2026-08-03,08_중등_PC,03_인강/과외,중학생수학과외,1,0,0.0,0
2026-08-03,08_중등_PC,03_인강/과외,중학생영어과외,16,0,0.0,0
2026-08-03,08_중등_PC,03_인강/과외,중학생국어과외,1,0,0.0,0
2026-08-03,08_중등_PC,03_인강/과외,중학생인강,25,1,3239.0,0
2026-08-03,08_중등_PC,03_인강/과외,중학생수학인강,2,0,0.0,0
2026-08-03,08_중등_PC,03_인강/과외,중학생영어인강,1,0,0.0,0
2026-08-03,08_중등_PC,03_인강/과외,중학교영어과외,8,0,0.0,0
2026-08-03,08_중등_PC,03_인강/과외,중학교인강,19,0,0.0,0
2026-08-03,08_중등_PC,03_인강/과외,중학교국어인강,1,0,0.0,0
2026-08-03,08_중등_PC,03_인강/과외,중1영어과외,12,0,0.0,0
2026-08-03,08_중등_PC,03_인강/과외,중1인강,1,0,0.0,0
2026-08-03,08_중등_PC,03_인강/과외,중1수학인강,4,0,0.0,0
2026-08-03,08_중등_PC,03_인강/과외,중2영어과외,3,0,0.0,0
2026-08-03,08_중등_PC,03_인강/과외,중등홈스쿨,1,0,0.0,0
2026-08-03,08_중등_PC,03_인강/과외,중등온라인학습,25,0,0.0,0
2026-08-03,08_중등_PC,03_인강/과외,중학교온라인수업,1,0,0.0,0
2026-08-03,08_중등_PC,03_인강/과외,중학교온라인학습,3,0,0.0,0
2026-08-03,08_중등_PC,03_인강/과외,중학교홈스쿨,1,0,0.0,0
2026-08-03,08_중등_PC,03_인강/과외,중학교홈스쿨링,5,0,0.0,0
2026-08-03,08_중등_PC,04_중학교 내신,중학교내신,427,0,0.0,0
2026-08-03,16_특정 키워드,01_경쟁사키워드,프리미어학원,1,0,0.0,0
2026-08-03,16_특정 키워드,02_참고서키워드,개념원리수학,5,0,0.0,0
2026-08-03,16_특정 키워드,02_참고서키워드,수학문제집추천,2,0,0.0,0
2026-08-03,16_특정 키워드,02_참고서키워드,한국사문제집,11,0,0.0,0
2026-08-03,16_특정 키워드,02_참고서키워드,초등문제집,2,0,0.0,0
2026-08-03,16_특정 키워드,02_참고서키워드,개념원리수2,2,0,0.0,0
2026-08-03,16_특정 키워드,02_참고서키워드,개념유형,2,0,0.0,0
2026-08-03,16_특정 키워드,02_참고서키워드,RPM개념원리,1,0,0.0,0
2026-08-03,16_특정 키워드,02_참고서키워드,주니어리딩튜터,1,0,0.0,0
2026-08-03,16_특정 키워드,02_참고서키워드,메가스터디N제,1,0,0.0,0
2026-08-03,16_특정 키워드,02_참고서키워드,미래엔교과서구입,26,0,0.0,0
2026-08-03,16_특정 키워드,02_참고서키워드,개념원리미적분,6,0,0.0,0
2026-08-03,16_특정 키워드,02_참고서키워드,EBS초등수학,14,0,0.0,0
2026-08-03,16_특정 키워드,02_참고서키워드,수학의정석,148,0,0.0,0
2026-08-03,16_특정 키워드,02_참고서키워드,국어문법,1,0,0.0,0
2026-08-03,16_특정 키워드,02_참고서키워드,과학키트,1,0,0.0,0
2026-08-03,16_특정 키워드,02_참고서키워드,기적의영어리딩,11,0,0.0,0
2026-08-03,16_특정 키워드,02_참고서키워드,과학교구,1,0,0.0,0
2026-08-03,16_특정 키워드,02_참고서키워드,개념플러스유형PDF,2,0,0.0,0
2026-08-03,16_특정 키워드,02_참고서키워드,미래엔영어,4,0,0.0,0
2026-08-03,16_특정 키워드,02_참고서키워드,미래엔수학,88,0,0.0,0
2026-08-03,16_특정 키워드,02_참고서키워드,미래엔한국사,1,0,0.0,0
2026-08-03,16_특정 키워드,02_참고서키워드,그래머인사이드,2,0,0.0,0
2026-08-03,16_특정 키워드,02_참고서키워드,자습서,2,0,0.0,0
2026-08-03,16_특정 키워드,04_유리스마,웩슬러검사,26,0,0.0,0
2026-08-03,16_특정 키워드,04_유리스마,지능검사,42,0,0.0,0
2026-08-03,16_특정 키워드,04_유리스마,유리스마,13,2,154.0,0
2026-08-03,16_특정 키워드,미미미누 콜라보,미3누,5,0,0.0,0
2026-08-03,16_특정 키워드,미미미누 콜라보,VLT,21,0,0.0,0
2026-08-03,16_특정 키워드,미미미누 콜라보,에듀플렉스후기,24,0,0.0,0
2026-08-03,11_예비고1_MO,예비고1+관리/준비,예비고1공부,102,1,647.0,0
2026-08-03,11_예비고1_MO,예비고1+관리/준비,고등진학상담,10,0,0.0,0
2026-08-03,11_예비고1_MO,예비고1+학원/과외,예비고1학원,45,0,0.0,0
2026-08-03,11_예비고1_MO,예비고1+학원/과외,예비고1특강,1,0,0.0,0
2026-08-03,11_예비고1_MO,예비고1+학원/과외,예비고1영어과외,74,0,0.0,0
2026-08-03,11_예비고1_MO,예비고1+학원/과외,예비고1영어학원,23,0,0.0,0
2026-08-03,11_예비고1_MO,예비고1+학원/과외,예비고1국어학원,16,0,0.0,0
2026-08-03,11_예비고1_PC,예비고1+관리/준비,예비고1준비,34,0,0.0,0
2026-08-03,11_예비고1_PC,예비고1+자기주도학습,예비고1독서실,2,0,0.0,0
2026-08-03,11_예비고1_PC,예비고1+자기주도학습,예비고1공부코디네이터,2,0,0.0,0
2026-08-03,11_예비고1_PC,예비고1+학원/과외,예비고1과외,1,0,0.0,0
2026-08-03,11_예비고1_PC,예비고1+학원/과외,예비고1수학과외,8,0,0.0,0
2026-08-03,11_예비고1_PC,예비고1+학원/과외,예비고1국어학원,3,0,0.0,0
2026-08-03,11_예비고1_PC,예비고1+학원/과외,예비고1인강,1,0,0.0,0
2026-08-03,12_예비중1_MO,3. 예비중1+학원/과외,예비중1수학학원,6,0,0.0,0
2026-08-03,12_예비중1_MO,3. 예비중1+학원/과외,예비중1영어과외,1,0,0.0,0
2026-08-03,12_예비중1_MO,3. 예비중1+학원/과외,예비중1종합학원,2,0,0.0,0
2026-08-03,12_예비중1_MO,3. 예비중1+학원/과외,예비중1학원,31,0,0.0,0
2026-08-03,12_예비중1_PC,예비중1+관리/준비,예비중1학습,3,0,0.0,0
2026-08-03,12_예비중1_PC,예비중1+학원/과외,예비중1국어학원,11,0,0.0,0
2026-08-03,12_예비중1_PC,예비중1+학원/과외,예비중1수학과외,25,0,0.0,0
2026-08-03,12_예비중1_PC,예비중1+학원/과외,예비중1수학학원,14,0,0.0,0
2026-08-03,12_예비중1_PC,예비중1+학원/과외,예비중1영어과외,64,0,0.0,0
2026-08-03,12_예비중1_PC,예비중1+학원/과외,예비중1인강,1,0,0.0,0
2026-08-03,10_고등_MO,01_자기주도학습,고3공부,1,0,0.0,0
2026-08-03,10_고등_MO,01_자기주도학습,고등학생멘토링,1,0,0.0,0
2026-08-03,10_고등_MO,01_자기주도학습,고등학습,1,0,0.0,0
2026-08-03,10_고등_MO,02_학원,고등국어학원,3,0,0.0,0
2026-08-03,10_고등_MO,02_학원,고등수학,18,0,0.0,0
2026-08-03,10_고등_MO,02_학원,고등수학학원,39,1,4522.0,0
2026-08-03,10_고등_MO,02_학원,고등영어,13,0,0.0,0
2026-08-03,10_고등_MO,02_학원,고등영어학원,47,1,3054.0,0
2026-08-03,10_고등_MO,02_학원,고등학원,4,0,0.0,0
2026-08-03,10_고등_MO,02_학원,고등학교수학,15,0,0.0,0
2026-08-03,10_고등_MO,02_학원,고등학교영어,2,0,0.0,0
2026-08-03,10_고등_MO,02_학원,고등학교영어학원,2,0,0.0,0
2026-08-03,10_고등_MO,02_학원,고등학교학원,1,0,0.0,0
2026-08-03,10_고등_MO,02_학원,고등학생과학학원,1,0,0.0,0
2026-08-03,10_고등_MO,02_학원,고등학생수학,1,0,0.0,0
2026-08-03,10_고등_MO,02_학원,고등학생수학학원,1,0,0.0,0
2026-08-03,10_고등_MO,02_학원,고등학생영어학원,3,0,0.0,0
2026-08-03,10_고등_MO,02_학원,고등학생학원,1,0,0.0,0
2026-08-03,10_고등_MO,02_학원,고1수학,13,0,0.0,0
2026-08-03,10_고등_MO,02_학원,고1수학학원,1,0,0.0,0
2026-08-03,10_고등_MO,02_학원,고1영어,7,0,0.0,0
2026-08-03,10_고등_MO,02_학원,고1영어학원,1,0,0.0,0
2026-08-03,10_고등_MO,02_학원,고2수학,12,0,0.0,0
2026-08-03,10_고등_MO,02_학원,고2영어,2,0,0.0,0
2026-08-03,10_고등_MO,02_학원,고2영어학원,1,0,0.0,0
2026-08-03,10_고등_MO,02_학원,고3수학,8,0,0.0,0
2026-08-03,10_고등_MO,02_학원,고3학원,1,1,1667.0,0
2026-08-03,10_고등_MO,02_학원,종합학원,5,0,0.0,0
2026-08-03,10_고등_MO,03_인강과외,고등국어,6,0,0.0,0
2026-08-03,10_고등_MO,03_인강과외,고등과외,4,0,0.0,0
2026-08-03,10_고등_MO,03_인강과외,고등과학과외,1,0,0.0,0
2026-08-03,10_고등_MO,03_인강과외,고등국어과외,1,0,0.0,0
2026-08-03,10_고등_MO,03_인강과외,고등수학과외,7,0,0.0,0
2026-08-03,10_고등_MO,03_인강과외,고등수학인강,5,1,2905.0,0
2026-08-03,10_고등_MO,03_인강과외,고등영어과외,4,0,0.0,0
2026-08-03,10_고등_MO,03_인강과외,고등인강,16,0,0.0,0
2026-08-03,10_고등_MO,03_인강과외,고등학생국어,2,0,0.0,0
2026-08-03,10_고등_MO,03_인강과외,고등학생과외,1,0,0.0,0
2026-08-03,10_고등_MO,03_인강과외,고등학생수학과외,1,0,0.0,0
2026-08-03,10_고등_MO,03_인강과외,고등학생영어과외,1,0,0.0,0
2026-08-03,10_고등_MO,03_인강과외,고등학생인강,3,0,0.0,0
2026-08-03,10_고등_MO,03_인강과외,고등학교내신대비,3,0,0.0,0
2026-08-03,10_고등_MO,03_인강과외,고등학교국어,1,0,0.0,0
2026-08-03,10_고등_MO,03_인강과외,고등학교과외,1,0,0.0,0
2026-08-03,10_고등_MO,03_인강과외,고등학교인강,1,0,0.0,0
2026-08-03,10_고등_MO,03_인강과외,고1중간고사,4,0,0.0,0
2026-08-03,10_고등_MO,03_인강과외,고1수학과외,1,0,0.0,0
2026-08-03,10_고등_MO,03_인강과외,고1인강,3,0,0.0,0
2026-08-03,10_고등_MO,03_인강과외,고2국어,2,0,0.0,0
2026-08-03,10_고등_MO,03_인강과외,고2과학과외,1,0,0.0,0
2026-08-03,10_고등_MO,03_인강과외,고2영어인강,1,0,0.0,0
2026-08-03,10_고등_MO,03_인강과외,고2인강,1,0,0.0,0
2026-08-03,10_고등_MO,03_인강과외,고3국어,3,0,0.0,0
2026-08-03,10_고등_MO,03_인강과외,고3국어과외,2,0,0.0,0
2026-08-03,10_고등_MO,03_인강과외,고3수학과외,2,0,0.0,0
2026-08-03,10_고등_MO,03_인강과외,고3영어과외,1,0,0.0,0
2026-08-03,10_고등_MO,03_인강과외,고3인강,1,0,0.0,0
2026-08-03,10_고등_MO,03_인강과외,고등인강추천,14,0,0.0,0
2026-08-03,10_고등_MO,04_입시,대학교입시,3,0,0.0,0
2026-08-03,10_고등_MO,04_입시,입시학원,1,0,0.0,0
2026-08-03,10_고등_MO,04_입시,면접학원,36,1,3458.0,0
2026-08-03,10_고등_MO,04_입시,자기소개서학원,2,0,0.0,0
2026-08-03,10_고등_MO,04_입시,대입상담,4,1,4574.0,0
2026-08-03,10_고등_MO,04_입시,고교설명회,1,0,0.0,0
2026-08-03,10_고등_MO,04_입시,고교입시설명회,3,0,0.0,0
2026-08-03,10_고등_MO,04_입시,고교입학설명회,3,0,0.0,0
2026-08-03,10_고등_MO,04_입시,고입설명회,1,0,0.0,0
2026-08-03,10_고등_MO,04_입시,수능,442,0,0.0,0
2026-08-03,10_고등_MO,04_입시,수학능력시험,1,0,0.0,0
2026-08-03,10_고등_MO,04_입시,평가원모의고사,4,0,0.0,0
2026-08-03,10_고등_MO,05_고등 내신,고등학교내신,1,0,0.0,0
2026-08-03,10_고등_PC,01_자기주도학습,고등학생멘토링,4,0,0.0,0
2026-08-03,10_고등_PC,01_자기주도학습,고등공부,5,0,0.0,0
2026-08-03,10_고등_PC,01_자기주도학습,고등학습코칭,3,0,0.0,0
2026-08-03,10_고등_PC,02_학원,고등과학학원추천,1,0,0.0,0
2026-08-03,10_고등_PC,02_학원,고등수학,14,0,0.0,0
2026-08-03,10_고등_PC,02_학원,고등수학학원추천,1,0,0.0,0
2026-08-03,10_고등_PC,02_학원,고등영어학원,27,0,0.0,0
2026-08-03,10_고등_PC,02_학원,고등학교영어학원,1,0,0.0,0
2026-08-03,10_고등_PC,02_학원,고등학교학원,2,0,0.0,0
2026-08-03,10_고등_PC,02_학원,고2수학학원,4,0,0.0,0
2026-08-03,10_고등_PC,02_학원,고3수학학원,2,0,0.0,0
2026-08-03,10_고등_PC,02_학원,고3영어학원,1,0,0.0,0
2026-08-03,10_고등_PC,02_학원,종합학원,11,0,0.0,0
2026-08-03,10_고등_PC,03_인강과외,고등내신,1,0,0.0,0
2026-08-03,10_고등_PC,03_인강과외,고등수학,1,0,0.0,0
2026-08-03,10_고등_PC,03_인강과외,고등국어,2,0,0.0,0
2026-08-03,10_고등_PC,03_인강과외,고등국어인강,1,0,0.0,0
2026-08-03,10_고등_PC,03_인강과외,고등수학인강,1,0,0.0,0
2026-08-03,10_고등_PC,03_인강과외,고등인강,1,0,0.0,0
2026-08-03,10_고등_PC,03_인강과외,고등학생수학학원,5,0,0.0,0
2026-08-03,10_고등_PC,03_인강과외,고등학생영어과외,16,0,0.0,0
2026-08-03,10_고등_PC,03_인강과외,고등학생인강,4,1,1942.0,0
2026-08-03,10_고등_PC,03_인강과외,고등학교영어,4,0,0.0,0
2026-08-03,10_고등_PC,03_인강과외,고등학교영어과외,2,0,0.0,0
2026-08-03,10_고등_PC,03_인강과외,고등학교인강,71,0,0.0,0
2026-08-03,10_고등_PC,03_인강과외,고1국어,12,0,0.0,0
2026-08-03,10_고등_PC,03_인강과외,고1중간고사,4,0,0.0,0
2026-08-03,10_고등_PC,03_인강과외,고1국어인강,9,0,0.0,0
2026-08-03,10_고등_PC,03_인강과외,고1영어과외,6,0,0.0,0
2026-08-03,10_고등_PC,03_인강과외,고1영어인강,1,0,0.0,0
2026-08-03,10_고등_PC,03_인강과외,고1인강,4,0,0.0,0
2026-08-03,10_고등_PC,03_인강과외,고2국어,12,0,0.0,0
2026-08-03,10_고등_PC,03_인강과외,고2과학,1,0,0.0,0
2026-08-03,10_고등_PC,03_인강과외,고2사회,1,0,0.0,0
2026-08-03,10_고등_PC,03_인강과외,고2국어인강,9,0,0.0,0
2026-08-03,10_고등_PC,03_인강과외,고2인강,1,0,0.0,0
2026-08-03,10_고등_PC,03_인강과외,고3영어,1,0,0.0,0
2026-08-03,10_고등_PC,03_인강과외,고3과외,3,0,0.0,0
2026-08-03,10_고등_PC,03_인강과외,고3영어과외,13,0,0.0,0
2026-08-03,10_고등_PC,04_입시,대입입시컨설팅,5,0,0.0,0
2026-08-03,10_고등_PC,04_입시,대입학원,8,0,0.0,0
2026-08-03,10_고등_PC,04_입시,대입면접,7,0,0.0,0
2026-08-03,10_고등_PC,04_입시,대학교상담,24,0,0.0,0
2026-08-03,10_고등_PC,04_입시,대학교입시,26,0,0.0,0
2026-08-03,10_고등_PC,04_입시,대학교입시컨설팅,6,0,0.0,0
2026-08-03,10_고등_PC,04_입시,대학교면접,8,0,0.0,0
2026-08-03,10_고등_PC,04_입시,대학교자기소개서,2,0,0.0,0
2026-08-03,10_고등_PC,04_입시,입시학원,8,0,0.0,0
2026-08-03,10_고등_PC,04_입시,입시컨설팅학원,6,0,0.0,0
2026-08-03,10_고등_PC,04_입시,면접학원,15,0,0.0,0
2026-08-03,10_고등_PC,04_입시,대입상담,6,0,0.0,0
2026-08-03,10_고등_PC,04_입시,고교입시설명회,1,0,0.0,0
2026-08-03,10_고등_PC,04_입시,예비고1설명회,7,0,0.0,0
2026-08-03,10_고등_PC,04_입시,내신등급계산,2,0,0.0,0
2026-08-03,10_고등_PC,04_입시,수학능력시험,99,0,0.0,0
2026-08-03,10_고등_PC,04_입시,모의,6,0,0.0,0
2026-08-03,10_고등_PC,04_입시,모의고사,3,0,0.0,0
2026-08-03,10_고등_PC,04_입시,수능공부,35,0,0.0,0
2026-08-03,10_고등_PC,05_고등 내신,고등학교내신,281,1,273.0,0
2026-08-03,B_브랜드검색,04_MO_브랜드검색,EDUPLEX,1,0,0.0,0
2026-08-03,B_브랜드검색,04_MO_브랜드검색,에듀플렉스,498,51,0.0,0
2026-08-03,B_브랜드검색,04_MO_브랜드검색,애듀플렉스,7,2,0.0,0
2026-08-03,B_브랜드검색,04_MO_브랜드검색,에듀플랙스,25,3,0.0,0
2026-08-03,B_브랜드검색,04_MO_브랜드검색,에듀플렉스무료검사,2,0,0.0,0
2026-08-03,B_브랜드검색,04_MO_브랜드검색,에듀플렉스검사,1,0,0.0,0
2026-08-03,B_브랜드검색,04_PC_브랜드검색,에듀플랙스,4,1,0.0,0
2026-08-03,B_브랜드검색,04_PC_브랜드검색,에듀플렉스,80,20,0.0,0
2026-08-03,B_브랜드검색,04_PC_브랜드검색,에듀플렉스후기,2,0,0.0,0
2026-08-03,B_브랜드검색,04_PC_브랜드검색,에듀플렉스매니저,1,0,0.0,0
2026-08-04,02-1_FC,O_002_개금,개금동영어과외,2,0,0.0,0
2026-08-04,02-1_FC,O_003_계산,계양구국어학원,34,0,0.0,0
2026-08-04,02-1_FC,O_003_계산,계양구영어학원,2,0,0.0,0
2026-08-04,02-1_FC,O_003_계산,계양구수학학원,8,0,0.0,0
2026-08-04,02-1_FC,O_003_계산,계양구수학,2,0,0.0,0
2026-08-04,02-1_FC,O_003_계산,작전동영어학원,1,0,0.0,0
2026-08-04,02-1_FC,O_003_계산,계양구수학과외,2,0,0.0,0
2026-08-04,02-1_FC,O_003_계산,계양구방학특강,1,0,0.0,0
2026-08-04,02-1_FC,O_005_공덕,공덕수학학원,1,0,0.0,0
2026-08-04,02-1_FC,O_005_공덕,마포과외,1,0,0.0,0
2026-08-04,02-1_FC,O_005_공덕,마포수학과외,2,0,0.0,0
2026-08-04,02-1_FC,O_008_광교,광교국어학원,2,1,1626.0,0
2026-08-04,02-1_FC,O_008_광교,광교초등영어학원,42,0,0.0,0
2026-08-04,02-1_FC,O_008_광교,광교중등수학학원,1,0,0.0,0
2026-08-04,02-1_FC,O_008_광교,광교과외,3,0,0.0,0
2026-08-04,02-1_FC,O_008_광교,광교수학과외,2,0,0.0,0
2026-08-04,02-1_FC,O_008_광교,광교영어과외,3,0,0.0,0
2026-08-04,02-1_FC,O_010_교동,강릉수학과외,1,0,0.0,0
2026-08-04,02-1_FC,O_010_교동,강릉영어과외,2,0,0.0,0
2026-08-04,02-1_FC,O_010_교동,강릉국어과외,1,0,0.0,0
2026-08-04,02-1_FC,O_010_교동,강릉자기주도학습센터,1,0,0.0,0
2026-08-04,02-1_FC,O_010_교동,강릉교동중등수학학원,5,0,0.0,0
2026-08-04,02-1_FC,O_011_구서,구서동영어학원,97,0,0.0,0
2026-08-04,02-1_FC,O_011_구서,구서동수학학원,2,0,0.0,0
2026-08-04,02-1_FC,O_011_구서,구서동초등영어학원,2,0,0.0,0
2026-08-04,02-1_FC,O_011_구서,구서동중등영어학원,1,0,0.0,0
2026-08-04,02-1_FC,O_011_구서,구서동영어,2,0,0.0,0
2026-08-04,02-1_FC,O_011_구서,금정구고등영어학원,1,0,0.0,0
2026-08-04,02-1_FC,O_012_구월,구월동영어학원,1,0,0.0,0
2026-08-04,02-1_FC,O_012_구월,구월동수학학원,10,0,0.0,0
2026-08-04,02-1_FC,O_012_구월,구월동초등영어학원,1,0,0.0,0
2026-08-04,02-1_FC,O_014_금오,의정부학원,8,0,0.0,0
2026-08-04,02-1_FC,O_014_금오,의정부국어학원,1,0,0.0,0
2026-08-04,02-1_FC,O_014_금오,의정부영어학원,3,0,0.0,0
2026-08-04,02-1_FC,O_014_금오,의정부수학학원,3,0,0.0,0
2026-08-04,02-1_FC,O_014_금오,의정부독서실,3,0,0.0,0
2026-08-04,02-1_FC,O_014_금오,의정부초등영어학원,1,0,0.0,0
2026-08-04,02-1_FC,O_014_금오,신곡동종합학원,1,0,0.0,0
2026-08-04,02-1_FC,O_014_금오,의정부수학과외,2,0,0.0,0
2026-08-04,02-1_FC,O_014_금오,의정부국어과외,1,0,0.0,0
2026-08-04,02-1_FC,O_014_금오,의정부과학과외,1,0,0.0,0
2026-08-04,02-1_FC,O_014_금오,의정부고등학생학원,1,0,0.0,0
2026-08-04,02-1_FC,O_014_금오,의정부윈터스쿨,2,0,0.0,0
2026-08-04,02-1_FC,O_015_금호,진월동국어학원,1,0,0.0,0
2026-08-04,02-1_FC,O_017_내외,내동학원,1,0,0.0,0
2026-08-04,02-1_FC,O_017_내외,내동영어학원,1,0,0.0,0
2026-08-04,02-1_FC,O_017_내외,김해과외,3,0,0.0,0
2026-08-04,02-1_FC,O_017_내외,김해수학과외,1,0,0.0,0
2026-08-04,02-1_FC,O_017_내외,김해영어과외,53,0,0.0,0
2026-08-04,02-1_FC,O_017_내외,김해국어과외,1,0,0.0,0
2026-08-04,02-1_FC,O_020_다대포,사하구국어과외,1,0,0.0,0
2026-08-04,02-1_FC,O_022_당산,당산영어학원,1,0,0.0,0
2026-08-04,02-1_FC,O_022_당산,당산동영어학원,2,0,0.0,0
2026-08-04,02-1_FC,O_022_당산,당산동과외,1,0,0.0,0
2026-08-04,02-1_FC,O_022_당산,영등포과외,16,0,0.0,0
2026-08-04,02-1_FC,O_023_대방_1/3,신길영어,2,0,0.0,0
2026-08-04,02-1_FC,O_023_대방_1/3,대방동수학학원,3,0,0.0,0
2026-08-04,02-1_FC,O_023_대방_1/3,대방동영어학원,3,0,0.0,0
2026-08-04,02-1_FC,O_023_대방_1/3,상남동수학과외,1,0,0.0,0
2026-08-04,02-1_FC,O_023_대방_1/3,상남동수학학원,4,0,0.0,0
2026-08-04,02-1_FC,O_023_대방_1/3,상남동중등영어학원,1,0,0.0,0
2026-08-04,02-1_FC,O_029_동춘,동춘동국어학원,48,3,5657.0,0
2026-08-04,02-1_FC,O_029_동춘,동춘동영어학원,76,0,0.0,0
2026-08-04,02-1_FC,O_029_동춘,동춘동수학학원,48,0,0.0,0
2026-08-04,02-1_FC,O_029_동춘,동춘동국어학원추천,3,0,0.0,0
2026-08-04,02-1_FC,O_029_동춘,동춘동수학학원추천,5,0,0.0,0
2026-08-04,02-1_FC,O_029_동춘,동춘동고등영어학원,1,0,0.0,0
2026-08-04,02-1_FC,O_029_동춘,동춘동고등수학학원,1,0,0.0,0
2026-08-04,02-1_FC,O_029_동춘,동춘동과외,2,0,0.0,0
2026-08-04,02-1_FC,O_029_동춘,연수구영어과외,52,0,0.0,0
2026-08-04,02-1_FC,"O_037_명일, 고덕 ",명일동수학학원,1,0,0.0,0
2026-08-04,02-1_FC,"O_037_명일, 고덕 ",명일동영어학원,2,0,0.0,0
2026-08-04,02-1_FC,"O_037_명일, 고덕 ",명일동중등수학학원,1,0,0.0,0
2026-08-04,02-1_FC,"O_037_명일, 고덕 ",명일동초등영어학원,5,0,0.0,0
2026-08-04,02-1_FC,"O_037_명일, 고덕 ",강동구고등수학학원,1,0,0.0,0
2026-08-04,02-1_FC,"O_037_명일, 고덕 ",강동구수학과외,1,0,0.0,0
2026-08-04,02-1_FC,"O_037_명일, 고덕 ",강동구영어과외,1,0,0.0,0
2026-08-04,02-1_FC,"O_037_명일, 고덕 ",강동구국어과외,1,0,0.0,0
2026-08-04,02-1_FC,"O_037_명일, 고덕 ",명일동과학과외,1,0,0.0,0
2026-08-04,02-1_FC,"O_037_명일, 고덕 ",상일동중등영어학원,1,0,0.0,0
2026-08-04,02-1_FC,"O_037_명일, 고덕 ",상일동과학과외,1,0,0.0,0
2026-08-04,02-1_FC,"O_037_명일, 고덕 ",미사중등영어학원,5,0,0.0,0
2026-08-04,02-1_FC,O_038_명지,명지수학학원,1,0,0.0,0
2026-08-04,02-1_FC,O_038_명지,명지동영어학원,1,0,0.0,0
2026-08-04,02-1_FC,O_038_명지,명지수학과외,1,0,0.0,0
2026-08-04,02-1_FC,O_038_명지,명지동수학과외,2,0,0.0,0
2026-08-04,02-1_FC,O_050_범어,만촌동영어학원,1,0,0.0,0
2026-08-04,02-1_FC,O_050_범어,만촌동수학학원,2,0,0.0,0
2026-08-04,02-1_FC,O_050_범어,만촌동초등영어학원,8,0,0.0,0
2026-08-04,02-1_FC,O_050_범어,만촌동초등수학학원,1,0,0.0,0
2026-08-04,02-1_FC,O_050_범어,수성구학원,1,0,0.0,0
2026-08-04,02-1_FC,O_050_범어,수성구고등국어학원,1,0,0.0,0
2026-08-04,02-1_FC,O_050_범어,수성구수학과외,6,0,0.0,0
2026-08-04,02-1_FC,O_050_범어,만촌동수학과외,2,0,0.0,0
2026-08-04,02-1_FC,O_052_봉곡,구미영어과외,51,0,0.0,0
2026-08-04,02-1_FC,O_052_봉곡,구미과학과외,1,0,0.0,0
2026-08-04,02-1_FC,O_053_봉선,봉선영어,1,0,0.0,0
2026-08-04,02-1_FC,O_053_봉선,봉선동국어학원,2,0,0.0,0
2026-08-04,02-1_FC,O_053_봉선,봉선동영어학원,52,0,0.0,0
2026-08-04,02-1_FC,O_053_봉선,봉선동수학학원,57,0,0.0,0
2026-08-04,02-1_FC,O_053_봉선,봉선동초등영어학원,9,0,0.0,0
2026-08-04,02-1_FC,O_053_봉선,봉선동중등영어학원,5,0,0.0,0
2026-08-04,02-1_FC,O_053_봉선,봉선동고등영어학원,2,0,0.0,0
2026-08-04,02-1_FC,O_053_봉선,봉선동국어,1,0,0.0,0
2026-08-04,02-1_FC,O_056_부평,부평수학학원,11,0,0.0,0
2026-08-04,02-1_FC,O_056_부평,부평초등영어학원,1,0,0.0,0
2026-08-04,02-1_FC,O_056_부평,부평고등수학학원,2,0,0.0,0
2026-08-04,02-1_FC,O_056_부평,부평수학과외,3,0,0.0,0
2026-08-04,02-1_FC,O_056_부평,부평영어과외,2,0,0.0,0
2026-08-04,02-1_FC,O_056_부평,부평구수학과외,2,0,0.0,0
2026-08-04,02-1_FC,O_056_부평,부평윈터스쿨,1,1,821.0,0
2026-08-04,02-1_FC,O_066_사하1,괴정동수학학원,2,0,0.0,0
2026-08-04,02-1_FC,O_066_사하1,괴정동영어학원,3,0,0.0,0
2026-08-04,02-1_FC,O_070_상동,부천상동영어학원,6,0,0.0,0
2026-08-04,02-1_FC,O_070_상동,부천상동수학학원,10,0,0.0,0
2026-08-04,02-1_FC,O_070_상동,상동영어학원,64,0,0.0,0
2026-08-04,02-1_FC,O_070_상동,상동수학학원,13,0,0.0,0
2026-08-04,02-1_FC,O_070_상동,상동초등수학학원,1,0,0.0,0
2026-08-04,02-1_FC,O_070_상동,상동중등수학학원,1,0,0.0,0
2026-08-04,02-1_FC,O_070_상동,상동수학,7,0,0.0,0
2026-08-04,02-1_FC,O_070_상동,상동역수학학원,2,0,0.0,0
2026-08-04,02-1_FC,O_070_상동,상동역수학,1,0,0.0,0
2026-08-04,02-1_FC,O_070_상동,부천과외,2,0,0.0,0
2026-08-04,02-1_FC,O_070_상동,부천영어과외,48,0,0.0,0
2026-08-04,02-1_FC,O_070_상동,상동국어과외,3,0,0.0,0
2026-08-04,02-1_FC,O_076_서초2,서초동수학학원,1,0,0.0,0
2026-08-04,02-1_FC,O_076_서초2,서초동초등영어학원,1,0,0.0,0
2026-08-04,02-1_FC,O_076_서초2,방배역국어학원,1,0,0.0,0
2026-08-04,02-1_FC,O_076_서초2,서초구학원,1,0,0.0,0
2026-08-04,02-1_FC,O_076_서초2,서초구과외,5,0,0.0,0
2026-08-04,02-1_FC,O_076_서초2,서초구수학과외,4,0,0.0,0
2026-08-04,02-1_FC,O_076_서초2,서초구국어과외,2,0,0.0,0
2026-08-04,02-1_FC,O_076_서초2,서초중등영어학원,1,0,0.0,0
2026-08-04,02-1_FC,O_076_서초2,서초국어과외,3,0,0.0,0
2026-08-04,02-1_FC,O_078_센텀,센텀영어학원,4,0,0.0,0
2026-08-04,02-1_FC,O_078_센텀,센텀수학학원,20,0,0.0,0
2026-08-04,02-1_FC,O_078_센텀,센텀고등수학학원,1,0,0.0,0
2026-08-04,02-1_FC,O_078_센텀,재송동학원,4,0,0.0,0
2026-08-04,02-1_FC,O_078_센텀,재송동수학과외,1,0,0.0,0
2026-08-04,02-1_FC,O_079_송도,송도수학학원,100,0,0.0,0
2026-08-04,02-1_FC,O_079_송도,송도독서실,4,0,0.0,0
2026-08-04,02-1_FC,O_079_송도,송도영어학원추천,1,0,0.0,0
2026-08-04,02-1_FC,O_079_송도,송도중등영어학원,1,0,0.0,0
2026-08-04,02-1_FC,O_079_송도,송도고등영어학원,2,0,0.0,0
2026-08-04,02-1_FC,O_079_송도,송도과외,10,0,0.0,0
2026-08-04,02-1_FC,O_079_송도,송도영어,74,0,0.0,0
2026-08-04,02-1_FC,O_079_송도,송도수학,2,0,0.0,0
2026-08-04,02-1_FC,O_079_송도,송도동국어학원,1,0,0.0,0
2026-08-04,02-1_FC,O_079_송도,송도동수학학원추천,2,0,0.0,0
2026-08-04,02-1_FC,O_079_송도,송도수학과외,10,0,0.0,0
2026-08-04,02-1_FC,O_079_송도,송도영어과외,3,0,0.0,0
2026-08-04,02-1_FC,O_079_송도,송도국어과외,1,0,0.0,0
2026-08-04,02-1_FC,O_079_송도,송도동국어과외,1,0,0.0,0
2026-08-04,02-1_FC,O_079_송도,송도방학특강,1,0,0.0,0
2026-08-04,02-1_FC,O_079_송도,송도윈터스쿨,6,0,0.0,0
2026-08-04,02-1_FC,O_083_수지,수지수학학원,21,0,0.0,0
2026-08-04,02-1_FC,O_083_수지,수지중등영어학원,1,0,0.0,0
2026-08-04,02-1_FC,O_083_수지,수지고등수학학원,3,0,0.0,0
2026-08-04,02-1_FC,O_083_수지,수지고등국어학원,1,0,0.0,0
2026-08-04,02-1_FC,O_083_수지,풍덕천동학원,1,0,0.0,0
2026-08-04,02-1_FC,O_083_수지,풍덕천동중등영어학원,1,0,0.0,0
2026-08-04,02-1_FC,O_083_수지,풍덕천동과외,2,0,0.0,0
2026-08-04,02-1_FC,O_083_수지,수지고등과학학원,1,0,0.0,0
2026-08-04,02-1_FC,O_083_수지,수지과학과외,1,0,0.0,0
2026-08-04,02-1_FC,O_083_수지,풍덕천동수학과외,1,0,0.0,0
2026-08-04,02-1_FC,O_083_수지,수지구청역학원,1,0,0.0,0
2026-08-04,02-1_FC,O_083_수지,수지구청역중등영어학원,1,0,0.0,0
2026-08-04,02-1_FC,O_083_수지,신봉동과외,1,0,0.0,0
2026-08-04,02-1_FC,O_084_수택,수택동수학학원,1,0,0.0,0
2026-08-04,02-1_FC,O_084_수택,수택동과외,1,0,0.0,0
2026-08-04,02-1_FC,O_084_수택,구리과외,2,0,0.0,0
2026-08-04,02-1_FC,O_084_수택,구리중등영어학원,12,0,0.0,0
2026-08-04,02-1_FC,O_084_수택,구리영어학원추천,1,0,0.0,0
2026-08-04,02-1_FC,O_084_수택,구리수학과외,2,0,0.0,0
2026-08-04,02-1_FC,O_084_수택,구리영어과외,2,0,0.0,0
2026-08-04,02-1_FC,O_084_수택,구리방학특강,1,0,0.0,0
2026-08-04,02-1_FC,O_091_양산,양산수학학원,35,0,0.0,0
2026-08-04,02-1_FC,O_091_양산,양산영어학원,72,0,0.0,0
2026-08-04,02-1_FC,O_091_양산,양산초등수학학원,1,0,0.0,0
2026-08-04,02-1_FC,O_091_양산,양산학원,1,0,0.0,0
2026-08-04,02-1_FC,O_091_양산,양산영어,3,0,0.0,0
2026-08-04,02-1_FC,O_091_양산,양산수학,1,0,0.0,0
2026-08-04,02-1_FC,O_091_양산,양산종합학원,1,0,0.0,0
2026-08-04,02-1_FC,O_091_양산,물금수학과외,1,1,1622.0,0
2026-08-04,02-1_FC,O_102_월성,월성동국어학원,1,0,0.0,0
2026-08-04,02-1_FC,O_102_월성,월성동영어학원,9,0,0.0,0
2026-08-04,02-1_FC,O_102_월성,월성동수학학원,19,0,0.0,0
2026-08-04,02-1_FC,O_102_월성,월성동초등수학학원,2,0,0.0,0
2026-08-04,02-1_FC,O_102_월성,월성동중등수학학원,1,0,0.0,0
2026-08-04,02-1_FC,O_102_월성,월성동수학과외,2,0,0.0,0
2026-08-04,02-1_FC,O_104_위례,위례학원,1,0,0.0,0
2026-08-04,02-1_FC,O_104_위례,위례국어학원,2,0,0.0,0
2026-08-04,02-1_FC,O_104_위례,위례영어학원,25,0,0.0,0
2026-08-04,02-1_FC,O_104_위례,위례수학학원,8,0,0.0,0
2026-08-04,02-1_FC,O_104_위례,위례초등영어학원,4,0,0.0,0
2026-08-04,02-1_FC,O_104_위례,위례고등수학학원,1,0,0.0,0
2026-08-04,02-1_FC,O_104_위례,위례과외,2,0,0.0,0
2026-08-04,02-1_FC,O_104_위례,창곡동영어학원,2,0,0.0,0
2026-08-04,02-1_FC,O_104_위례,위례수학과외,1,0,0.0,0
2026-08-04,02-1_FC,O_104_위례,위례방학특강,7,0,0.0,0
2026-08-04,02-1_FC,O_104_위례,위례윈터스쿨,2,0,0.0,0
2026-08-04,02-1_FC,O_105_율하,율하영어학원,3,0,0.0,0
2026-08-04,02-1_FC,O_105_율하,율하수학학원,3,0,0.0,0
2026-08-04,02-1_FC,O_105_율하,율하초등영어학원,3,0,0.0,0
2026-08-04,02-1_FC,O_105_율하,율하고등수학학원,1,0,0.0,0
2026-08-04,02-1_FC,O_105_율하,김해독서실,6,0,0.0,0
2026-08-04,02-1_FC,O_107_인천삼산,삼산동수학학원,43,0,0.0,0
2026-08-04,02-1_FC,O_107_인천삼산,삼산동영어학원,18,0,0.0,0
2026-08-04,02-1_FC,O_110_장기,김포학원,2,0,0.0,0
2026-08-04,02-1_FC,O_110_장기,김포수학학원,5,0,0.0,0
2026-08-04,02-1_FC,O_110_장기,김포과외,5,0,0.0,0
2026-08-04,02-1_FC,O_110_장기,김포고등학원,1,0,0.0,0
2026-08-04,02-1_FC,O_110_장기,장기동수학학원,41,0,0.0,0
2026-08-04,02-1_FC,O_110_장기,장기동영어학원,19,0,0.0,0
2026-08-04,02-1_FC,O_110_장기,장기동과외,1,0,0.0,0
2026-08-04,02-1_FC,O_110_장기,장기동고등수학학원,1,0,0.0,0
2026-08-04,02-1_FC,O_110_장기,장기동수학과외,3,0,0.0,0
2026-08-04,02-1_FC,O_110_장기,장기동영어과외,2,0,0.0,0
2026-08-04,02-1_FC,O_114_제주이도,제주도수학학원,3,0,0.0,0
2026-08-04,02-1_FC,O_114_제주이도,제주도학원,1,0,0.0,0
2026-08-04,02-1_FC,O_114_제주이도,제주영어학원,1,0,0.0,0
2026-08-04,02-1_FC,O_114_제주이도,제주시자기주도학습,1,0,0.0,0
2026-08-04,02-1_FC,O_114_제주이도,제주시자기주도학습센터,2,0,0.0,0
2026-08-04,02-1_FC,O_114_제주이도,제주국어과외,1,0,0.0,0
2026-08-04,02-1_FC,O_114_제주이도,제주자기주도학습,1,0,0.0,0
2026-08-04,02-1_FC,O_114_제주이도,제주자기주도학습센터,2,0,0.0,0
2026-08-04,02-1_FC,O_118_중동,중동고등국어학원,1,0,0.0,0
2026-08-04,02-1_FC,O_120_진월,진월동영어과외,1,0,0.0,0
2026-08-04,02-1_FC,O_123_철산,철산과외,1,0,0.0,0
2026-08-04,02-1_FC,O_123_철산,철산동수학학원,5,0,0.0,0
2026-08-04,02-1_FC,O_123_철산,철산동영어학원추천,1,0,0.0,0
2026-08-04,02-1_FC,O_123_철산,철산동학원,6,0,0.0,0
2026-08-04,02-1_FC,O_123_철산,철산수학학원,1,0,0.0,0
2026-08-04,02-1_FC,O_123_철산,철산역수학학원,1,0,0.0,0
2026-08-04,02-1_FC,O_123_철산,철산영어,1,0,0.0,0
2026-08-04,02-1_FC,O_125_청라,청라고등영어학원,2,0,0.0,0
2026-08-04,02-1_FC,O_125_청라,청라과외,3,0,0.0,0
2026-08-04,02-1_FC,O_125_청라,청라국어학원,1,0,0.0,0
2026-08-04,02-1_FC,O_125_청라,청라독서실,3,0,0.0,0
2026-08-04,02-1_FC,O_125_청라,청라수학,1,0,0.0,0
2026-08-04,02-1_FC,O_125_청라,청라수학학원,31,0,0.0,0
2026-08-04,02-1_FC,O_125_청라,청라영어,3,0,0.0,0
2026-08-04,02-1_FC,O_125_청라,청라영어학원,4,0,0.0,0
2026-08-04,02-1_FC,O_125_청라,청라중등수학학원,6,0,0.0,0
2026-08-04,02-1_FC,O_125_청라,청라초등영어학원,2,0,0.0,0
2026-08-04,02-1_FC,O_125_청라,청라학원,1,0,0.0,0
2026-08-04,02-1_FC,O_125_청라,청라공부방,2,0,0.0,0
2026-08-04,02-1_FC,O_125_청라,청라고등과학학원,1,0,0.0,0
2026-08-04,02-1_FC,O_125_청라,청라수학과외,4,0,0.0,0
2026-08-04,02-1_FC,O_125_청라,청라영어과외,1,0,0.0,0
2026-08-04,02-1_FC,O_125_청라,청라국어과외,1,0,0.0,0
2026-08-04,02-1_FC,O_125_청라,청라과학과외,2,0,0.0,0
2026-08-04,02-1_FC,O_127_침산,침산동국어학원,26,0,0.0,0
2026-08-04,02-1_FC,O_127_침산,침산동영어학원,66,0,0.0,0
2026-08-04,02-1_FC,O_127_침산,침산동수학학원,21,0,0.0,0
2026-08-04,02-1_FC,O_127_침산,침산동초등영어학원,20,0,0.0,0
2026-08-04,02-1_FC,O_127_침산,침산동초등수학학원,1,0,0.0,0
2026-08-04,02-1_FC,O_127_침산,침산동중등수학학원,3,0,0.0,0
2026-08-04,02-1_FC,O_127_침산,침산동고등영어학원,1,0,0.0,0
2026-08-04,02-1_FC,O_127_침산,침산동국어,1,0,0.0,0
2026-08-04,02-1_FC,O_127_침산,침산동수학,2,0,0.0,0
2026-08-04,02-1_FC,O_127_침산,침산동공부방,1,0,0.0,0
2026-08-04,02-1_FC,O_138_황금,지산동수학학원,2,0,0.0,0
2026-08-04,02-1_FC,O_138_황금,지산동영어학원,4,0,0.0,0
2026-08-04,02-1_FC,O_138_황금,지산동영어과외,1,0,0.0,0
2026-08-04,02-1_FC,O_016_남천,남천동학원,1,0,0.0,0
2026-08-04,02-1_FC,O_016_남천,남천동영어학원,11,0,0.0,0
2026-08-04,02-1_FC,O_016_남천,수영구수학과외,1,0,0.0,0
2026-08-04,02-1_FC,O_101_운정,파주운정국어학원,2,0,0.0,0
2026-08-04,02-1_FC,O_101_운정,파주운정초등수학학원,1,0,0.0,0
2026-08-04,02-1_FC,O_101_운정,운정국어학원,5,0,0.0,0
2026-08-04,02-1_FC,O_101_운정,운정영어학원,7,0,0.0,0
2026-08-04,02-1_FC,O_101_운정,운정수학학원,24,1,5715.0,0
2026-08-04,02-1_FC,O_101_운정,운정초등수학학원,1,0,0.0,0
2026-08-04,02-1_FC,O_101_운정,운정중등수학학원,1,0,0.0,0
2026-08-04,02-1_FC,O_101_운정,운정고등영어학원,1,0,0.0,0
2026-08-04,02-1_FC,O_101_운정,운정과외,2,0,0.0,0
2026-08-04,02-1_FC,O_101_운정,운정수학,1,0,0.0,0
2026-08-04,02-1_FC,O_101_운정,운정수학과외,2,0,0.0,0
2026-08-04,02-1_FC,O_101_운정,운정영어과외,1,0,0.0,0
2026-08-04,02-1_FC,O_101_운정,파주학원,2,0,0.0,0
2026-08-04,02-1_FC,O_101_운정,파주과외,2,0,0.0,0
2026-08-04,02-1_FC,O_101_운정,파주수학과외,2,0,0.0,0
2026-08-04,02-1_FC,O_101_운정,파주영어과외,2,0,0.0,0
2026-08-04,02-1_FC,O_055_부산대,부산대학원,10,0,0.0,0
2026-08-04,02-1_FC,O_055_부산대,부산대영어,53,0,0.0,0
2026-08-04,02-1_FC,O_055_부산대,부산대수학,16,0,0.0,0
2026-08-04,02-1_FC,O_137_화정,화정고등영어학원,1,0,0.0,0
2026-08-04,02-1_FC,O_137_화정,화정동수학,1,0,0.0,0
2026-08-04,02-1_FC,O_137_화정,화정동영어,1,0,0.0,0
2026-08-04,02-1_FC,O_137_화정,화정수학학원,1,0,0.0,0
2026-08-04,02-1_FC,O_137_화정,화정영어학원,1,0,0.0,0
2026-08-04,02-1_FC,O_137_화정,화정중등수학학원,1,0,0.0,0
2026-08-04,02-1_FC,O_137_화정,화정중등영어학원,2,0,0.0,0
2026-08-04,02-1_FC,O_137_화정,화정학원,1,0,0.0,0
2026-08-04,02-1_FC,O_137_화정,행신동학원,1,0,0.0,0
2026-08-04,02-1_FC,O_137_화정,행신동과외,2,0,0.0,0
2026-08-04,02-1_FC,O_137_화정,행신동수학과외,2,0,0.0,0
2026-08-04,02-1_FC,O_057_분당미금,미금초등영어학원,1,0,0.0,0
2026-08-04,02-1_FC,O_057_분당미금,미금역국어학원,1,0,0.0,0
2026-08-04,02-1_FC,O_057_분당미금,미금역수학학원,4,0,0.0,0
2026-08-04,02-1_FC,O_057_분당미금,동천학원,1,0,0.0,0
2026-08-04,02-1_FC,O_072_상현,용인수지영어학원,1,0,0.0,0
2026-08-04,02-1_FC,O_072_상현,상현동국어학원,1,0,0.0,0
2026-08-04,02-1_FC,O_072_상현,상현동영어학원,1,0,0.0,0
2026-08-04,02-1_FC,O_072_상현,상현동수학학원,7,0,0.0,0
2026-08-04,02-1_FC,O_072_상현,용인시학원,1,0,0.0,0
2026-08-04,02-1_FC,O_087_신제주,노형영어학원,1,0,0.0,0
2026-08-04,02-1_FC,O_096_옥계,옥계동영어학원,2,0,0.0,0
2026-08-04,02-1_FC,O_096_옥계,옥계수학과외,1,0,0.0,0
2026-08-04,02-1_FC,O_044_민락,민락영어학원,1,0,0.0,0
2026-08-04,02-1_FC,O_044_민락,민락수학학원,1,0,0.0,0
2026-08-04,02-1_FC,O_044_민락,수영과외,5,0,0.0,0
2026-08-04,02-1_FC,O_032_둔산,둔산영어학원,48,0,0.0,0
2026-08-04,02-1_FC,O_032_둔산,둔산수학학원,6,0,0.0,0
2026-08-04,02-1_FC,O_032_둔산,둔산동학원,3,0,0.0,0
2026-08-04,02-1_FC,O_032_둔산,둔산동국어학원,11,0,0.0,0
2026-08-04,02-1_FC,O_032_둔산,둔산동영어학원,68,0,0.0,0
2026-08-04,02-1_FC,O_032_둔산,둔산동수학학원,16,0,0.0,0
2026-08-04,02-1_FC,O_032_둔산,둔산동초등영어학원,2,0,0.0,0
2026-08-04,02-1_FC,O_032_둔산,둔산동중등영어학원,3,0,0.0,0
2026-08-04,02-1_FC,O_032_둔산,둔산동고등영어학원,1,0,0.0,0
2026-08-04,02-1_FC,O_032_둔산,둔산동고등수학학원,1,0,0.0,0
2026-08-04,02-1_FC,O_032_둔산,둔산동국어,1,0,0.0,0
2026-08-04,02-1_FC,O_032_둔산,둔산동수학,1,0,0.0,0
2026-08-04,02-1_FC,O_032_둔산,둔산동고등학원,1,0,0.0,0
2026-08-04,02-1_FC,O_032_둔산,둔산수학과외,1,0,0.0,0
2026-08-04,02-1_FC,O_032_둔산,둔산동수학과외,1,0,0.0,0
2026-08-04,02-1_FC,O_032_둔산,둔산동영어과외,3,0,0.0,0
2026-08-04,02-1_FC,O_032_둔산,둔산동국어과외,2,0,0.0,0
2026-08-04,02-1_FC,O_113_정자,정자동수학학원,1,0,0.0,0
2026-08-04,02-1_FC,O_031_동탄청계,화성과외,2,0,0.0,0
2026-08-04,02-1_FC,O_031_동탄청계,청계동영어,2,0,0.0,0
2026-08-04,02-1_FC,O_031_동탄청계,청계동수학,1,0,0.0,0
2026-08-04,02-1_FC,O_049_방이,방이국어학원,2,0,0.0,0
2026-08-04,02-1_FC,O_049_방이,방이역수학학원,2,0,0.0,0
2026-08-04,02-1_FC,O_049_방이,오금동영어학원,1,0,0.0,0
2026-08-04,02-1_FC,O_049_방이,오금동수학학원,2,0,0.0,0
2026-08-04,02-1_FC,O_049_방이,오금동수학,2,0,0.0,0
2026-08-04,02-1_FC,O_049_방이,방이동학원,2,0,0.0,0
2026-08-04,02-1_FC,O_049_방이,방이동중등수학학원,5,0,0.0,0
2026-08-04,02-1_FC,O_045_반송,창원영어학원,2,0,0.0,0
2026-08-04,02-1_FC,O_028_동백,동백수학학원,18,0,0.0,0
2026-08-04,02-1_FC,O_028_동백,동백영어학원,8,0,0.0,0
2026-08-04,02-1_FC,O_028_동백,동백수학,1,0,0.0,0
2026-08-04,02-1_FC,O_041_무실,원주영어학원,52,0,0.0,0
2026-08-04,02-1_FC,O_041_무실,원주독서실,3,0,0.0,0
2026-08-04,02-1_FC,O_041_무실,원주중등영어학원,1,0,0.0,0
2026-08-04,02-1_FC,O_041_무실,무실동독서실,1,0,0.0,0
2026-08-04,02-1_FC,O_041_무실,무실동중등영어학원,1,0,0.0,0
2026-08-04,02-1_FC,O_041_무실,무실동전과목학원,1,0,0.0,0
2026-08-04,02-1_FC,O_041_무실,원주영어과외,1,0,0.0,0
2026-08-04,02-1_FC,O_041_무실,원주국어과외,3,0,0.0,0
2026-08-04,02-1_FC,O_041_무실,무실동영어과외,2,0,0.0,0
2026-08-04,02-1_FC,O_041_무실,원주시학원,12,0,0.0,0
2026-08-04,02-1_FC,O_019_논현,인천논현동국어학원,4,0,0.0,0
2026-08-04,02-1_FC,O_019_논현,인천논현동영어학원,11,0,0.0,0
2026-08-04,02-1_FC,O_019_논현,인천논현동수학학원,21,1,3519.0,0
2026-08-04,02-1_FC,O_019_논현,인천논현동영어,5,0,0.0,0
2026-08-04,02-1_FC,O_019_논현,인천논현동영수학원,1,0,0.0,0
2026-08-04,02-1_FC,O_019_논현,논현동과외,1,0,0.0,0
2026-08-04,02-1_FC,O_019_논현,남동구수학과외,1,0,0.0,0
2026-08-04,02-1_FC,O_019_논현,고잔동중등영어학원,1,0,0.0,0
2026-08-04,02-1_FC,O_103_월평,월평동영어학원,27,0,0.0,0
2026-08-04,02-1_FC,O_103_월평,월평동수학학원,14,0,0.0,0
2026-08-04,02-1_FC,O_103_월평,대전학원,20,0,0.0,0
2026-08-04,02-1_FC,O_103_월평,대전과외,2,0,0.0,0
2026-08-04,02-1_FC,O_103_월평,대전영어학원추천,1,0,0.0,0
2026-08-04,02-1_FC,O_103_월평,대전수학과외,6,0,0.0,0
2026-08-04,02-1_FC,O_103_월평,대전영어과외,62,0,0.0,0
2026-08-04,02-1_FC,O_103_월평,대전진로상담,1,0,0.0,0
2026-08-04,02-1_FC,O_103_월평,대전윈터스쿨,1,0,0.0,0
2026-08-04,02-1_FC,O_018_노은,지족동초등영어학원,1,0,0.0,0
2026-08-04,02-1_FC,O_018_노은,지족동초등수학학원,1,0,0.0,0
2026-08-04,02-1_FC,O_018_노은,노은국어학원,1,0,0.0,0
2026-08-04,02-1_FC,O_099_용호_1/2,용호동학원,1,0,0.0,0
2026-08-04,02-1_FC,O_099_용호_1/2,용호동영어과외,1,0,0.0,0
2026-08-04,02-1_FC,O_099_용호_1/2,남천동과학학원,1,0,0.0,0
2026-08-04,02-1_FC,O_099_용호_1/2,에듀플렉스용호,1,0,0.0,0
2026-08-04,02-1_FC,O_099_용호_1/2,대연동수학과외,1,0,0.0,0
2026-08-04,02-1_FC,O_099_용호_1/2,대연동영어과외,1,0,0.0,0
2026-08-04,02-1_FC,O_136_화명2,화명동수학학원,7,0,0.0,0
2026-08-04,02-1_FC,O_136_화명2,화명동국어학원,14,0,0.0,0
2026-08-04,02-1_FC,O_136_화명2,화명동수학,4,0,0.0,0
2026-08-04,02-1_FC,O_136_화명2,화명동영어학원,40,0,0.0,0
2026-08-04,02-1_FC,O_136_화명2,화명동초등영어학원,2,0,0.0,0
2026-08-04,02-1_FC,O_136_화명2,화명영어학원,2,0,0.0,0
2026-08-04,02-1_FC,O_098_왕지,순천과외,3,0,0.0,0
2026-08-04,02-1_FC,O_098_왕지,순천영어과외,3,0,0.0,0
2026-08-04,02-1_FC,O_098_왕지,순천과학과외,1,0,0.0,0
2026-08-04,02-1_FC,O_065_사직,동래영어학원,3,0,0.0,0
2026-08-04,02-1_FC,O_065_사직,사직영어,1,0,0.0,0
2026-08-04,02-1_FC,O_065_사직,사직동영어학원,94,0,0.0,0
2026-08-04,02-1_FC,O_065_사직,사직동수학학원,10,0,0.0,0
2026-08-04,02-1_FC,O_065_사직,사직동초등영어학원,1,0,0.0,0
2026-08-04,02-1_FC,O_065_사직,사직동영어,1,0,0.0,0
2026-08-04,02-1_FC,O_065_사직,사직동윈터스쿨,3,0,0.0,0
2026-08-04,02-1_FC,O_092_양정,양정진로상담,1,0,0.0,0
2026-08-04,02-1_FC,O_111_전농,동대문구수학과외,3,0,0.0,0
2026-08-04,02-1_FC,O_111_전농,동대문과외,1,0,0.0,0
2026-08-04,02-1_FC,O_111_전농,장안동과외,1,0,0.0,0
2026-08-04,02-1_FC,O_069_상계,상계동학원,1,0,0.0,0
2026-08-04,02-1_FC,O_069_상계,노원구학원,1,0,0.0,0
2026-08-04,02-1_FC,O_069_상계,노원구과외,1,0,0.0,0
2026-08-04,02-1_FC,O_069_상계,노원구진학상담,1,0,0.0,0
2026-08-04,02-1_FC,O_069_상계,노원학원,6,0,0.0,0
2026-08-04,02-1_FC,O_069_상계,노원과외,1,0,0.0,0
2026-08-04,02-1_FC,O_051_보라매,영등포과외,12,0,0.0,0
2026-08-04,02-1_FC,O_051_보라매,구로동학원,1,0,0.0,0
2026-08-04,02-1_FC,O_093_연신내,은평구학원,3,0,0.0,0
2026-08-04,02-1_FC,O_093_연신내,은평구수학과외,1,0,0.0,0
2026-08-04,02-1_FC,O_093_연신내,은평구영어과외,1,0,0.0,0
2026-08-04,02-1_FC,O_093_연신내,진관동과외,1,0,0.0,0
2026-08-04,02-1_FC,O_001_가좌,가좌동영어학원,71,0,0.0,0
2026-08-04,02-1_FC,O_001_가좌,명지대과외,1,0,0.0,0
2026-08-04,02-1_FC,O_001_가좌,신사동수학과외,1,0,0.0,0
2026-08-04,02-1_FC,O_061_분당이매,이매동고등수학학원,1,0,0.0,0
2026-08-04,02-1_FC,O_061_분당이매,이매동수학과외,1,0,0.0,0
2026-08-04,02-1_FC,O_088_쌍용,천안학원,3,0,0.0,0
2026-08-04,02-1_FC,O_088_쌍용,천안국어학원,8,0,0.0,0
2026-08-04,02-1_FC,O_088_쌍용,천안영어학원,18,0,0.0,0
2026-08-04,02-1_FC,O_088_쌍용,천안수학학원,4,0,0.0,0
2026-08-04,02-1_FC,O_088_쌍용,천안과외,4,0,0.0,0
2026-08-04,02-1_FC,O_088_쌍용,천안영어,20,0,0.0,0
2026-08-04,02-1_FC,O_088_쌍용,천안수학과외,6,0,0.0,0
2026-08-04,02-1_FC,O_088_쌍용,천안영어과외,56,0,0.0,0
2026-08-04,02-1_FC,O_088_쌍용,쌍용동중등수학학원,1,0,0.0,0
2026-08-04,02-1_FC,O_088_쌍용,불당동학원,5,0,0.0,0
2026-08-04,02-1_FC,O_088_쌍용,불당동과외,3,0,0.0,0
2026-08-04,02-1_FC,O_088_쌍용,불당동중등수학학원,1,0,0.0,0
2026-08-04,02-1_FC,O_025_대치한티,한티역수학학원,8,0,0.0,0
2026-08-04,02-1_FC,O_025_대치한티,대치동학원,1,0,0.0,0
2026-08-04,02-1_FC,O_025_대치한티,대치동국어학원,2,0,0.0,0
2026-08-04,02-1_FC,O_025_대치한티,대치동수학학원,11,0,0.0,0
2026-08-04,02-1_FC,O_025_대치한티,대치동독서실,1,0,0.0,0
2026-08-04,02-1_FC,O_025_대치한티,대치동초등수학학원,24,0,0.0,0
2026-08-04,02-1_FC,O_025_대치한티,대치동중등수학학원,17,0,0.0,0
2026-08-04,02-1_FC,O_025_대치한티,대치동고등수학학원,11,0,0.0,0
2026-08-04,02-1_FC,O_025_대치한티,대치동과외,2,0,0.0,0
2026-08-04,02-1_FC,O_025_대치한티,대치동국어,24,0,0.0,0
2026-08-04,02-1_FC,O_025_대치한티,대치동영어,65,0,0.0,0
2026-08-04,02-1_FC,O_143_장유,장유과학과외,1,0,0.0,0
2026-08-04,02-1_FC,O_128_테크노,관평동국어학원,4,0,0.0,0
2026-08-04,02-1_FC,O_128_테크노,관평동영어학원,7,0,0.0,0
2026-08-04,02-1_FC,O_128_테크노,관평동수학학원,1,0,0.0,0
2026-08-04,02-1_FC,O_128_테크노,유성구영어과외,1,0,0.0,0
2026-08-04,02-1_FC,O_062_분평_1/2,청주학원,11,1,3197.0,0
2026-08-04,02-1_FC,O_062_분평_1/2,청주과외,6,0,0.0,0
2026-08-04,02-1_FC,O_062_분평_1/2,청주고등수학학원,1,0,0.0,0
2026-08-04,02-1_FC,O_062_분평_1/2,청주수학과외,6,0,0.0,0
2026-08-04,02-1_FC,O_062_분평_1/2,청주영어과외,2,0,0.0,0
2026-08-04,02-1_FC,O_062_분평_1/2,청주시진로상담,1,0,0.0,0
2026-08-04,02-1_FC,O_062_분평_1/2,분평동수학과외,1,0,0.0,0
2026-08-04,02-1_FC,O_062_분평_2/2,청주윈터스쿨,10,0,0.0,0
2026-08-04,02-1_FC,O_048_방배,방배동영어학원,2,0,0.0,0
2026-08-04,02-1_FC,O_048_방배,방배동수학학원,10,0,0.0,0
2026-08-04,02-1_FC,O_048_방배,방배동수학,2,0,0.0,0
2026-08-04,02-1_FC,O_048_방배,방배동영어과외,1,0,0.0,0
2026-08-04,02-1_FC,O_145_하남미사,하남학원,2,0,0.0,0
2026-08-04,02-1_FC,O_145_하남미사,하남중등영어학원,1,0,0.0,0
2026-08-04,02-1_FC,O_145_하남미사,하남수학과외,2,0,0.0,0
2026-08-04,02-1_FC,O_145_하남미사,강일동국어과외,1,0,0.0,0
2026-08-04,02-1_FC,O_145_하남미사,미사과외,1,0,0.0,0
2026-08-04,02-1_FC,O_145_하남미사,미사고등수학학원,1,0,0.0,0
2026-08-04,02-1_FC,O_145_하남미사,미사수학과외,5,0,0.0,0
2026-08-04,02-1_FC,O_145_하남미사,미사영어과외,2,0,0.0,0
2026-08-04,02-1_FC,O_145_하남미사,하남미사학원,3,0,0.0,0
2026-08-04,02-1_FC,O_145_하남미사,풍산동중등영어학원,1,0,0.0,0
2026-08-04,02-1_FC,O_149_서강,마포과외,2,0,0.0,0
2026-08-04,02-1_FC,O_149_서강,마포고등과학학원,1,0,0.0,0
2026-08-04,02-1_FC,O_149_서강,마포수학과외,3,0,0.0,0
2026-08-04,02-1_FC,O_149_서강,마포입시학원,1,0,0.0,0
2026-08-04,02-1_FC,O_149_서강,용강동국어과외,1,0,0.0,0
2026-08-04,02-1_FC,O_149_서강,용강동수학과외,1,0,0.0,0
2026-08-04,02-1_FC,O_150_잠실새내_1/2,송파윈터스쿨,1,0,0.0,0
2026-08-04,02-1_FC,O_150_잠실새내_1/2,송파입시학원,4,0,0.0,0
2026-08-04,02-1_FC,O_150_잠실새내_1/2,송파입시컨설팅,1,0,0.0,0
2026-08-04,02-1_FC,O_150_잠실새내_1/2,잠실관리형독서실,4,0,0.0,0
2026-08-04,02-1_FC,O_150_잠실새내_1/2,송파구관리형독서실,2,0,0.0,0
2026-08-04,02-1_FC,O_150_잠실새내_1/2,송파관리형독서실,9,0,0.0,0
2026-08-04,02-1_FC,O_150_잠실새내_1/2,송파과외,2,0,0.0,0
2026-08-04,02-1_FC,O_150_잠실새내_1/2,송파구국어학원,3,0,0.0,0
2026-08-04,02-1_FC,O_150_잠실새내_1/2,송파구수학학원,1,0,0.0,0
2026-08-04,02-1_FC,O_150_잠실새내_1/2,송파구영어학원,50,0,0.0,0
2026-08-04,02-1_FC,O_150_잠실새내_1/2,송파구중등수학학원,2,0,0.0,0
2026-08-04,02-1_FC,O_150_잠실새내_1/2,송파구학원,4,0,0.0,0
2026-08-04,02-1_FC,O_150_잠실새내_1/2,송파국어학원,7,0,0.0,0
2026-08-04,02-1_FC,O_150_잠실새내_1/2,송파동수학학원,2,0,0.0,0
2026-08-04,02-1_FC,O_150_잠실새내_1/2,송파수학학원,9,0,0.0,0
2026-08-04,02-1_FC,O_150_잠실새내_1/2,송파영어과외,1,0,0.0,0
2026-08-04,02-1_FC,O_150_잠실새내_1/2,송파영어학원,57,0,0.0,0
2026-08-04,02-1_FC,O_150_잠실새내_1/2,송파학원,6,0,0.0,0
2026-08-04,02-1_FC,O_150_잠실새내_1/2,잠실과외,4,0,0.0,0
2026-08-04,02-1_FC,O_150_잠실새내_1/2,잠실수학학원,20,0,0.0,0
2026-08-04,02-1_FC,O_150_잠실새내_1/2,잠실영어과외,1,0,0.0,0
2026-08-04,02-1_FC,O_150_잠실새내_1/2,잠실학원,2,0,0.0,0
2026-08-04,02-1_FC,O_150_잠실새내_1/2,송파동국어학원,1,0,0.0,0
2026-08-04,02-1_FC,O_150_잠실새내_1/2,송파수능학원,1,0,0.0,0
2026-08-04,02-1_FC,O_151_원효_1/3,용산과외,2,0,0.0,0
2026-08-04,02-1_FC,O_151_원효_1/3,용산구과외,1,0,0.0,0
2026-08-04,02-1_FC,O_151_원효_1/3,용산영어학원,1,0,0.0,0
2026-08-04,02-1_FC,O_151_원효_3/3,용강중수학학원,1,0,0.0,0
2026-08-04,02-1_FC,O_152_남동탄_1/2,중앙동수학학원,1,0,0.0,0
2026-08-04,02-1_FC,O_152_남동탄_1/2,산척동수학학원,2,0,0.0,0
2026-08-04,02-1_FC,O_152_남동탄_1/2,중앙학원,1,0,0.0,0
2026-08-04,02-1_FC,O_152_남동탄_1/2,남동탄수학학원,10,0,0.0,0
2026-08-04,02-1_FC,O_152_남동탄_1/2,동탄중국어학원,8,0,0.0,0
2026-08-04,02-1_FC,O_152_남동탄_2/2,방교중시험,1,0,0.0,0
2026-08-04,02-1_FC,O_152_남동탄_2/2,서연중수학,1,0,0.0,0
2026-08-04,02-1_FC,O_027_돈암_1/3,에듀플렉스돈암,4,0,0.0,0
2026-08-04,02-1_FC,O_027_돈암_1/3,종암동학원,1,0,0.0,0
2026-08-04,02-1_FC,O_027_돈암_1/3,돈암동영어학원,2,0,0.0,0
2026-08-04,02-1_FC,O_064_사우_1/2,사우고등수학학원,1,0,0.0,0
2026-08-04,02-1_FC,O_064_사우_1/2,사우동고등수학학원,2,0,0.0,0
2026-08-04,02-1_FC,O_064_사우_1/2,북변동수학과외,1,0,0.0,0
2026-08-04,02-1_FC,O_064_사우_1/2,북변동수학학원,2,0,0.0,0
2026-08-04,02-1_FC,O_064_사우_1/2,풍무동중학생학원,1,0,0.0,0
2026-08-04,02-1_FC,O_064_사우_1/2,풍무동영어과외,1,0,0.0,0
2026-08-04,02-1_FC,O_064_사우_1/2,풍무동수학학원,21,0,0.0,0
2026-08-04,02-1_FC,O_064_사우_1/2,풍무동영어학원,10,0,0.0,0
2026-08-04,02-1_FC,O_064_사우_1/2,풍무동국어학원,2,0,0.0,0
2026-08-04,02-1_FC,O_064_사우_1/2,풍무동과학학원,1,0,0.0,0
2026-08-04,02-1_FC,O_064_사우_1/2,사우동수학학원,11,0,0.0,0
2026-08-04,02-1_FC,O_027_돈암_2/3,서울과학고영어,2,0,0.0,0
2026-08-04,02-1_FC,O_027_돈암_2/3,용문고내신,1,0,0.0,0
2026-08-04,02-1_FC,O_027_돈암_3/3,성신여고영어학원,1,0,0.0,0
2026-08-04,02-1_FC,O_027_돈암_3/3,성신여고내신,1,0,0.0,0
2026-08-04,02-1_FC,O_064_사우_2/2,김포중국어학원,3,0,0.0,0
2026-08-04,02-1_FC,O_064_사우_2/2,사우고수학학원,1,0,0.0,0
2026-08-04,02-1_FC,O_023_대방_3/3,신월중수학학원,1,0,0.0,0
2026-08-04,02-1_FC,O_023_대방_3/3,울산중국어학원,6,0,0.0,0
2026-08-04,02-1_FC,O_153_상도_1/2,중등수학학원,1,0,0.0,0
2026-08-04,02-1_FC,O_153_상도_1/2,사회학원,1,0,0.0,0
2026-08-04,02-1_FC,O_153_상도_1/2,흑석동공부방,1,0,0.0,0
2026-08-04,02-1_FC,O_153_상도_1/2,흑석동수학학원,3,0,0.0,0
2026-08-04,02-1_FC,O_153_상도_2/2,구암고수학학원,1,0,0.0,0
2026-08-04,02-1_FC,O_153_상도_2/2,동작고수학,1,0,0.0,0
2026-08-04,02-1_FC,O_153_상도_2/2,숭의여고수학학원,2,0,0.0,0
2026-08-04,02-1_FC,O_155_다산_1/2,에듀플렉스다산,1,0,0.0,0
2026-08-04,02-1_FC,O_155_다산_1/2,다산관리형독서실,6,0,0.0,0
2026-08-04,02-1_FC,O_155_다산_1/2,다산국어학원,2,0,0.0,0
2026-08-04,02-1_FC,O_155_다산_1/2,다산동과외,2,0,0.0,0
2026-08-04,02-1_FC,O_155_다산_1/2,다산동국어과외,1,0,0.0,0
2026-08-04,02-1_FC,O_155_다산_1/2,다산동수학과외,4,0,0.0,0
2026-08-04,02-1_FC,O_155_다산_1/2,다산동수학학원,1,0,0.0,0
2026-08-04,02-1_FC,O_155_다산_1/2,다산동중등영어학원,3,0,0.0,0
2026-08-04,02-1_FC,O_155_다산_1/2,다산수학학원,9,0,0.0,0
2026-08-04,02-1_FC,O_155_다산_1/2,다산신도시수학학원,1,0,0.0,0
2026-08-04,02-1_FC,O_155_다산_1/2,다산신도시영어학원,2,0,0.0,0
2026-08-04,02-1_FC,O_155_다산_1/2,다산영어과외,3,0,0.0,0
2026-08-04,02-1_FC,O_155_다산_1/2,다산영어학원,1,0,0.0,0
2026-08-04,02-1_FC,O_155_다산_1/2,다산학원,7,0,0.0,0
2026-08-04,02-1_FC,O_156_광주화정_2/3,제일고영어,2,0,0.0,0
2026-08-04,02-1_FC,O_156_광주화정_1/3,광주관리형독서실,29,0,0.0,0
2026-08-04,02-1_FC,O_156_광주화정_1/3,광주자기주도학습센터,2,0,0.0,0
2026-08-04,02-1_FC,O_156_광주화정_1/3,광주고등과외,1,0,0.0,0
2026-08-04,02-1_FC,O_156_광주화정_1/3,광주과학과외,3,0,0.0,0
2026-08-04,02-1_FC,O_156_광주화정_1/3,광주국어학원,1,0,0.0,0
2026-08-04,02-1_FC,O_156_광주화정_1/3,광주수학과외,4,0,0.0,0
2026-08-04,02-1_FC,O_156_광주화정_1/3,광주영어과외,50,0,0.0,0
2026-08-04,02-1_FC,O_156_광주화정_1/3,화정동과외,2,0,0.0,0
2026-08-04,02-1_FC,O_156_광주화정_1/3,화정동수학학원,3,0,0.0,0
2026-08-04,02-1_FC,O_156_광주화정_1/3,화정동영어학원,1,0,0.0,0
2026-08-04,02-1_FC,O_156_광주화정_1/3,화정역수학학원,7,0,0.0,0
2026-08-04,02-1_FC,O_158_광명소하,광명소하에듀플렉스,1,0,0.0,0
2026-08-04,02-1_FC,O_158_광명소하,소하동국어과외,1,0,0.0,0
2026-08-04,02-1_FC,O_158_광명소하,광명과외,5,0,0.0,0
2026-08-04,02-1_FC,O_158_광명소하,광명수학,3,0,0.0,0
2026-08-04,02-1_FC,O_158_광명소하,광명수학학원,7,0,0.0,0
2026-08-04,02-1_FC,O_159_광명하안,하안동관리형독서실,1,0,0.0,0
2026-08-04,02-1_FC,O_159_광명하안,하안동수학학원,4,0,0.0,0
2026-08-04,02-1_FC,O_159_광명하안,광명과외,5,0,0.0,0
2026-08-04,02-1_FC,O_159_광명하안,광명수학과외,2,0,0.0,0
2026-08-04,02-1_FC,O_159_광명하안,광명수학전문학원,2,0,0.0,0
2026-08-04,02-1_FC,O_159_광명하안,광명수학학원,27,0,0.0,0
2026-08-04,02-1_FC,O_160_단구,단구동고등수학학원,2,0,0.0,0
2026-08-04,02-1_FC,O_160_단구,단구동수학학원,2,0,0.0,0
2026-08-04,02-1_FC,O_160_단구,단구동중등영어학원,1,0,0.0,0
2026-08-04,02-1_FC,O_160_단구,원주과외,1,0,0.0,0
2026-08-04,02-1_FC,O_160_단구,원주관리형독서실,26,0,0.0,0
2026-08-04,02-1_FC,O_160_단구,원주수학학원,4,0,0.0,0
2026-08-04,02-1_FC,O_160_단구,원주윈터스쿨,1,0,0.0,0
2026-08-04,02-1_FC,O_160_단구,원주자기주도학습,1,0,0.0,0
2026-08-04,02-1_FC,O_160_단구,원주학원,1,0,0.0,0
2026-08-04,02-1_FC,O_160_단구,원주기숙학원,3,0,0.0,0
2026-08-04,02-1_FC,O_161_분당정자,정자동관리형독서실,6,0,0.0,0
2026-08-04,02-1_FC,O_161_분당정자,정자동국어학원,1,0,0.0,0
2026-08-04,02-1_FC,O_161_분당정자,정자동학원,1,0,0.0,0
2026-08-04,02-1_FC,O_162_불당,불당수학학원,2,0,0.0,0
2026-08-04,02-1_FC,O_162_불당,불당동과학학원,4,0,0.0,0
2026-08-04,02-1_FC,O_162_불당,불당동관리형독서실,1,0,0.0,0
2026-08-04,02-1_FC,O_162_불당,불당동수학학원,23,0,0.0,0
2026-08-04,02-1_FC,O_162_불당,불당동영어학원,15,0,0.0,0
2026-08-04,02-1_FC,O_162_불당,불당동중등수학학원,1,0,0.0,0
2026-08-04,02-1_FC,O_162_불당,불당동학원,2,0,0.0,0
2026-08-04,02-1_FC,O_162_불당,천안과학학원,5,0,0.0,0
2026-08-04,02-1_FC,O_162_불당,천안관리형독서실,12,0,0.0,0
2026-08-04,02-1_FC,O_162_불당,천안국어과외,1,0,0.0,0
2026-08-04,02-1_FC,O_162_불당,천안국어학원,1,0,0.0,0
2026-08-04,02-1_FC,O_162_불당,천안수학학원,3,0,0.0,0
2026-08-04,02-1_FC,O_162_불당,천안영어,4,0,0.0,0
2026-08-04,02-1_FC,O_162_불당,천안영어학원,3,0,0.0,0
2026-08-04,02-1_FC,O_162_불당,천안입시,1,0,0.0,0
2026-08-04,02-1_FC,O_162_불당,천안중등과외,1,0,0.0,0
2026-08-04,02-1_FC,O_162_불당,천안중등영어학원,2,0,0.0,0
2026-08-04,02-1_FC,O_162_불당,천안기숙학원,6,0,0.0,0
2026-08-04,02-1_FC,O_165_유니시티,창원관리형독서실,4,0,0.0,0
2026-08-04,02-1_FC,O_165_유니시티,창원국어과외,1,0,0.0,0
2026-08-04,02-1_FC,O_165_유니시티,창원수학과외,1,0,0.0,0
2026-08-04,02-1_FC,O_165_유니시티,창원영어학원,2,0,0.0,0
2026-08-04,02-1_FC,O_165_유니시티,창원윈터스쿨,2,0,0.0,0
2026-08-04,02-1_FC,O_165_유니시티,창원입시,1,0,0.0,0
2026-08-04,02-1_FC,O_165_유니시티,창원입시상담,10,0,0.0,0
2026-08-04,02-1_FC,O_165_유니시티,창원자기주도학습센터,1,0,0.0,0
2026-08-04,02-1_FC,O_165_유니시티,창원학습코칭,2,0,0.0,0
2026-08-04,02-1_FC,O_163_송촌,송촌동국어학원,1,0,0.0,0
2026-08-04,02-1_FC,O_163_송촌,송촌동수학과외,1,0,0.0,0
2026-08-04,02-1_FC,O_163_송촌,송촌동수학학원,9,0,0.0,0
2026-08-04,02-1_FC,O_163_송촌,송촌동영어학원,15,0,0.0,0
2026-08-04,02-1_FC,O_163_송촌,송촌동학원,1,0,0.0,0
2026-08-04,02-1_FC,O_163_송촌,중리동수학과외,1,0,0.0,0
2026-08-04,02-1_FC,O_163_송촌,중리동영어과외,1,0,0.0,0
2026-08-04,02-1_FC,O_168_도안,봉명동과외,9,0,0.0,0
2026-08-04,02-1_FC,O_168_도안,유성구수학학원,1,0,0.0,0
2026-08-04,02-1_FC,O_168_도안,유성구영어과외,1,1,2868.0,0
2026-08-04,02-1_FC,O_168_도안,유성온천역수학,1,0,0.0,0
2026-08-04,02-1_FC,O_169_분당정자,정자동관리형독서실,3,0,0.0,0
2026-08-04,02-1_FC,O_170_송파역,송파동수학학원,3,0,0.0,0
2026-08-04,02-1_FC,O_170_송파역,석촌동학원,2,0,0.0,0
2026-08-04,02-1_FC,O_171_개포점,도곡동영어과외,2,0,0.0,0
2026-08-04,02-1_FC,O_172_산곡점,산곡동공부방,2,0,0.0,0
2026-08-04,02-1_FC,O_172_산곡점,산곡동중등수학학원,1,0,0.0,0
2026-08-04,02-1_FC,O_172_산곡점,가좌동학원,2,0,0.0,0
2026-08-04,02-1_FC,O_172_산곡점,갈산동중등영어학원,1,0,0.0,0
2026-08-04,02-1_FC,O_172_산곡점,인천수학학원,1,0,0.0,0
2026-08-04,02-1_FC,O_172_산곡점,인천학원,1,0,0.0,0
2026-08-04,02-1_FC,O_174_하계점,중계동학원,3,0,0.0,0
2026-08-04,02-1_FC,O_174_하계점,중계동영수학원,2,0,0.0,0
2026-08-04,02-1_FC,O_174_하계점,월계동학원,1,0,0.0,0
2026-08-04,02-1_FC,O_174_하계점,월계동영수학원,1,0,0.0,0
2026-08-04,02-1_FC,O_174_하계점,중계동입시상담,1,0,0.0,0
2026-08-04,02-1_FC,O_173_등촌점,염창동중학생학원,1,0,0.0,0
2026-08-04,02-1_FC,O_175_별내점,별내동수학학원,1,0,0.0,0
2026-08-04,02-1_FC,O_176_문화점,오류동국어학원,2,0,0.0,0
2026-08-04,02-1_FC,O_176_문화점,유천동수학학원,3,0,0.0,0
2026-08-04,02-1_FC,O_176_문화점,태평동수학학원,5,0,0.0,0
2026-08-04,02-1_FC,O_176_문화점,은행동국어학원,1,0,0.0,0
2026-08-04,02-1_FC,O_176_문화점,용두동수학학원,1,0,0.0,0
2026-08-04,02-1_FC,O_176_문화점,용두동영어학원,2,0,0.0,0
2026-08-04,02-1_FC,O_176_문화점,선화동영어학원,5,0,0.0,0
2026-08-04,02-1_FC,O_182_행당점,왕십리수학학원,1,0,0.0,0
2026-08-04,02-1_FC,O_191_구의점,중곡동과학학원,2,0,0.0,0
2026-08-04,02-1_FC,O_191_구의점,자양동수학학원,8,0,0.0,0
2026-08-04,02-1_FC,O_191_구의점,자양동영어학원,4,0,0.0,0
2026-08-04,02-1_FC,O_191_구의점,자양동국어학원,1,0,0.0,0
2026-08-04,02-1_FC,O_191_구의점,능동수학학원,1,0,0.0,0
2026-08-04,02-1_FC,O_191_구의점,능동영어학원,4,0,0.0,0
2026-08-04,02-1_FC,O_189_고척점,고척수학학원,2,0,0.0,0
2026-08-04,02-1_FC,O_189_고척점,개봉동수학학원,1,0,0.0,0
2026-08-04,02-1_FC,O_185_첨단1점,양산동영어학원,2,0,0.0,0
2026-08-04,02-1_FC,O_184_비전점,비전동학원,1,0,0.0,0
2026-08-04,02-1_FC,O_184_비전점,동삭동학원,1,0,0.0,0
2026-08-04,02-1_FC,O_184_비전점,비전동수학학원,24,0,0.0,0
2026-08-04,02-1_FC,O_184_비전점,비전동국어학원,2,0,0.0,0
2026-08-04,02-1_FC,O_184_비전점,비전동내신대비,1,0,0.0,0
2026-08-04,02-1_FC,O_184_비전점,동삭동영어학원,2,0,0.0,0
2026-08-04,02-1_FC,O_184_비전점,평택역영어학원,1,0,0.0,0
2026-08-04,02-1_FC,O_184_비전점,세교동수학학원,1,0,0.0,0
2026-08-04,02-1_FC,O_183_신정점,고척동학원,1,0,0.0,0
2026-08-04,02-1_FC,O_181_주엽점,주엽동영어학원,4,0,0.0,0
2026-08-04,02-1_FC,O_181_주엽점,장항동수학학원,2,0,0.0,0
2026-08-04,02-1_FC,O_178_진관점,구파발역수학학원,1,0,0.0,0
2026-08-04,02-1_FC,O_178_진관점,진관동수학학원,1,0,0.0,0
2026-08-04,02-1_FC,O_178_진관점,진관동영어학원,2,0,0.0,0
2026-08-04,02-1_FC,O_178_진관점,진관동과학학원,1,0,0.0,0
2026-08-04,02-1_FC,O_178_진관점,지축역수학학원,1,0,0.0,0
2026-08-04,02-1_FC,O_178_진관점,지축역영어학원,1,0,0.0,0
2026-08-04,02-1_FC,O_178_진관점,동산동수학학원,8,0,0.0,0
2026-08-04,02-1_FC,O_178_진관점,지축동수학학원,1,0,0.0,0
2026-08-04,02-1_FC,O_179_신갈점,신갈동영어학원,1,0,0.0,0
2026-08-04,02-1_FC,O_179_신갈점,구갈동영어학원,2,0,0.0,0
2026-08-04,02-1_FC,O_179_신갈점,신갈역영어학원,2,0,0.0,0
2026-08-04,02-1_FC,O_177_운양점,운양동학원,1,0,0.0,0
2026-08-04,02-1_FC,O_177_운양점,운양동수학학원,8,0,0.0,0
2026-08-04,02-1_FC,O_177_운양점,운양동영어학원,14,0,0.0,0
2026-08-04,02-1_FC,O_177_운양점,운양동국어학원,1,0,0.0,0
2026-08-04,02-1_FC,O_177_운양점,운양동과학학원,1,0,0.0,0
2026-08-04,02-1_FC,O_177_운양점,운양내신대비,1,0,0.0,0
2026-08-04,09_진로진학,진로진학_PC,라이프코칭,2,0,0.0,0
2026-08-04,09_진로진학,진로진학_PC,상상코치,1,0,0.0,0
2026-08-04,09_진로진학,진로진학_PC,직업상담,5,0,0.0,0
2026-08-04,09_진로진학,진로진학_PC,직업적성검사,14,0,0.0,0
2026-08-04,09_진로진학,진로진학_PC,진로,11,0,0.0,0
2026-08-04,09_진로진학,진로진학_PC,진로검사,1,0,0.0,0
2026-08-04,09_진로진학,진로진학_PC,진로교육,1,0,0.0,0
2026-08-04,09_진로진학,진로진학_PC,진로상담,3,0,0.0,0
2026-08-04,09_진로진학,진로진학_PC,진로선택,1,0,0.0,0
2026-08-04,09_진로진학,진로진학_PC,진로적성검사,4,0,0.0,0
2026-08-04,09_진로진학,진로진학_PC,진로탐색,1,0,0.0,0
2026-08-04,09_진로진학,진로진학_PC,진로프로그램,2,0,0.0,0
2026-08-04,09_진로진학,진로진학_PC,청소년상담,5,0,0.0,0
2026-08-04,09_진로진학,진로진학_MO,직업적성검사,1,0,0.0,0
2026-08-04,09_진로진학,진로진학_MO,진로,5,0,0.0,0
2026-08-04,09_진로진학,진로진학_MO,진로검사,1,0,0.0,0
2026-08-04,09_진로진학,진로진학_MO,진로교육,1,0,0.0,0
2026-08-04,09_진로진학,진로진학_MO,진로상담,4,0,0.0,0
2026-08-04,09_진로진학,진로진학_MO,진로적성검사,2,0,0.0,0
2026-08-04,09_진로진학,진로진학_MO,진로탐색,2,0,0.0,0
2026-08-04,09_진로진학,진로진학_MO,아이기질검사,4,0,0.0,0
2026-08-04,09_진로진학,진로진학_MO,직업상담,2,0,0.0,0
2026-08-04,00_브랜드,01 브랜드,에듀코치,11,0,0.0,0
2026-08-04,00_브랜드,01 브랜드,에듀플렉스,451,15,15153.0,0
2026-08-04,00_브랜드,01 브랜드,에듀플렉스공부방법,1,0,0.0,0
2026-08-04,00_브랜드,01 브랜드,에듀플렉스과학,1,0,0.0,0
2026-08-04,00_브랜드,01 브랜드,에듀플렉스영어,3,0,0.0,0
2026-08-04,00_브랜드,01 브랜드,에듀플렉스중학생,2,0,0.0,0
2026-08-04,00_브랜드,01 브랜드,에듀플렉스후기,8,0,0.0,0
2026-08-04,00_브랜드,01 브랜드,에듀코치개별지도,93,0,0.0,0
2026-08-04,00_브랜드,01 브랜드,에듀코치학원,3,0,0.0,0
2026-08-04,00_브랜드,01 브랜드,고3에듀플렉스,1,0,0.0,0
2026-08-04,00_브랜드,01 브랜드,광주에듀플렉스,1,0,0.0,0
2026-08-04,00_브랜드,01 브랜드,구리에듀플렉스,1,0,0.0,0
2026-08-04,00_브랜드,01 브랜드,대구에듀플렉스,1,0,0.0,0
2026-08-04,00_브랜드,01 브랜드,대전에듀플렉스,4,0,0.0,0
2026-08-04,00_브랜드,01 브랜드,부산에듀플렉스,3,0,0.0,0
2026-08-04,00_브랜드,01 브랜드,부천에듀플렉스,1,0,0.0,0
2026-08-04,00_브랜드,01 브랜드,안산에듀플렉스,2,0,0.0,0
2026-08-04,00_브랜드,01 브랜드,에듀플렉스검사,1,0,0.0,0
2026-08-04,00_브랜드,01 브랜드,에듀플렉스고1,1,0,0.0,0
2026-08-04,00_브랜드,01 브랜드,에듀플렉스고3,1,0,0.0,0
2026-08-04,00_브랜드,01 브랜드,에듀플렉스국어,1,0,0.0,0
2026-08-04,00_브랜드,01 브랜드,에듀플렉스수학학원,1,0,0.0,0
2026-08-04,00_브랜드,01 브랜드,에듀플렉스시험,1,0,0.0,0
2026-08-04,00_브랜드,01 브랜드,에듀플렉스예비고1,1,0,0.0,0
2026-08-04,00_브랜드,01 브랜드,에듀플렉스초등,1,0,0.0,0
2026-08-04,00_브랜드,01 브랜드,에듀플렉스학습매니저,1,0,0.0,0
2026-08-04,00_브랜드,01 브랜드,에듀플렉스학원,1,0,0.0,0
2026-08-04,00_브랜드,01 브랜드,청주에듀플렉스,3,0,0.0,0
2026-08-04,00_브랜드,01 브랜드,EDUPLEX,5,0,0.0,0
2026-08-04,00_브랜드,01 브랜드,VLT,13,0,0.0,0
2026-08-04,00_브랜드,01 브랜드,강동구에듀플렉스,2,0,0.0,0
2026-08-04,00_브랜드,01 브랜드,도봉구에듀플렉스,1,0,0.0,0
2026-08-04,00_브랜드,01 브랜드,에듀플렉스테스트,2,0,0.0,0
2026-08-04,00_브랜드,01 브랜드,에듀플렉스에듀코치,1,0,0.0,0
2026-08-04,00_브랜드,01 브랜드,학습유형검사,62,1,1579.0,0
2026-08-04,00_브랜드,01 브랜드,에듀플렉스가격,9,0,0.0,0
2026-08-04,03_에듀코치_PC,01_시험,모의고사,88,0,0.0,0
2026-08-04,03_에듀코치_PC,01_시험,중간고사,8,0,0.0,0
2026-08-04,03_에듀코치_PC,01_시험,기말고사,2,0,0.0,0
2026-08-04,03_에듀코치_PC,01_시험,새학기준비,2,0,0.0,0
2026-08-04,03_에듀코치_PC,02_시험조합_1/2,시험대비,2,0,0.0,0
2026-08-04,03_에듀코치_PC,02_시험조합_1/2,중1수학공부,1,0,0.0,0
2026-08-04,03_에듀코치_PC,02_시험조합_1/2,중3수학공부,2,0,0.0,0
2026-08-04,03_에듀코치_PC,02_시험조합_1/2,중학생수학공부,1,0,0.0,0
2026-08-04,03_에듀코치_PC,02_시험조합_1/2,영어공부,1,0,0.0,0
2026-08-04,03_에듀코치_PC,02_시험조합_1/2,중2영어공부,1,0,0.0,0
2026-08-04,03_에듀코치_PC,02_시험조합_1/2,중등영어공부,2,0,0.0,0
2026-08-04,03_에듀코치_PC,02_시험조합_1/2,중1공부,2,0,0.0,0
2026-08-04,03_에듀코치_PC,02_시험조합_1/2,중1국어공부법,1,0,0.0,0
2026-08-04,03_에듀코치_PC,02_시험조합_1/2,중2수학공부법,1,0,0.0,0
2026-08-04,03_에듀코치_PC,02_시험조합_1/2,중2영어공부법,1,0,0.0,0
2026-08-04,03_에듀코치_PC,02_시험조합_1/2,중1공부법,1,0,0.0,0
2026-08-04,03_에듀코치_PC,02_시험조합_1/2,중등공부법,1,0,0.0,0
2026-08-04,03_에듀코치_PC,02_시험조합_1/2,중학생공부법,2,0,0.0,0
2026-08-04,03_에듀코치_PC,02_시험조합_1/2,수학학습,2,0,0.0,0
2026-08-04,03_에듀코치_PC,02_시험조합_1/2,영어학습,21,0,0.0,0
2026-08-04,03_에듀코치_PC,02_시험조합_1/2,학습,34,0,0.0,0
2026-08-04,03_에듀코치_PC,02_시험조합_1/2,중학생학습,1,0,0.0,0
2026-08-04,03_에듀코치_PC,02_시험조합_1/2,중학생학습법,2,0,0.0,0
2026-08-04,03_에듀코치_PC,02_시험조합_1/2,중1국어,2,0,0.0,0
2026-08-04,03_에듀코치_PC,02_시험조합_1/2,중등국어,2,0,0.0,0
2026-08-04,03_에듀코치_PC,02_시험조합_1/2,고등국어,2,0,0.0,0
2026-08-04,03_에듀코치_PC,02_시험조합_1/2,중1수학,4,0,0.0,0
2026-08-04,03_에듀코치_PC,02_시험조합_1/2,예비중1수학,1,0,0.0,0
2026-08-04,03_에듀코치_PC,02_시험조합_1/2,중학생수학,6,0,0.0,0
2026-08-04,03_에듀코치_PC,02_시험조합_1/2,고1수학,3,0,0.0,0
2026-08-04,03_에듀코치_PC,02_시험조합_1/2,영어,5,0,0.0,0
2026-08-04,03_에듀코치_PC,02_시험조합_1/2,중1영어,8,0,0.0,0
2026-08-04,03_에듀코치_PC,02_시험조합_1/2,중학생영어,7,0,0.0,0
2026-08-04,03_에듀코치_PC,02_시험조합_1/2,예비고3공부,6,0,0.0,0
2026-08-04,03_에듀코치_PC,02_시험조합_1/2,중2과학공부법,1,0,0.0,0
2026-08-04,03_에듀코치_PC,02_시험조합_1/2,고등학생수학공부법,1,0,0.0,0
2026-08-04,03_에듀코치_PC,02_시험조합_1/2,국어내신대비,1,0,0.0,0
2026-08-04,03_에듀코치_PC,02_시험조합_1/2,수학내신대비,3,0,0.0,0
2026-08-04,03_에듀코치_PC,02_시험조합_1/2,중1수학기출,5,0,0.0,0
2026-08-04,03_에듀코치_PC,02_시험조합_1/2,국어시험,1,0,0.0,0
2026-08-04,03_에듀코치_PC,02_시험조합_1/2,중1수학시험,1,0,0.0,0
2026-08-04,03_에듀코치_PC,02_시험조합_1/2,중3수학시험,1,0,0.0,0
2026-08-04,03_에듀코치_PC,02_시험조합_1/2,중등수학시험,1,0,0.0,0
2026-08-04,03_에듀코치_PC,02_시험조합_1/2,영어시험,2,0,0.0,0
2026-08-04,03_에듀코치_PC,02_시험조합_2/2,중1사회,2,0,0.0,0
2026-08-04,03_에듀코치_PC,02_시험조합_2/2,중3사회,1,0,0.0,0
2026-08-04,03_에듀코치_PC,02_시험조합_2/2,중등사회,4,0,0.0,0
2026-08-04,03_에듀코치_PC,02_시험조합_2/2,중등,8,0,0.0,0
2026-08-04,03_에듀코치_PC,02_시험조합_2/2,과학,1,0,0.0,0
2026-08-04,03_에듀코치_PC,02_시험조합_2/2,중학생과학,4,0,0.0,0
2026-08-04,03_에듀코치_PC,02_시험조합_2/2,고1과학,1,0,0.0,0
2026-08-04,03_에듀코치_PC,02_시험조합_2/2,고등영어내신,1,0,0.0,0
2026-08-04,03_에듀코치_PC,02_시험조합_2/2,사회내신,1,0,0.0,0
2026-08-04,03_에듀코치_PC,02_시험조합_2/2,중학생내신,1,0,0.0,0
2026-08-04,03_에듀코치_PC,02_시험조합_2/2,고2내신,3,0,0.0,0
2026-08-04,03_에듀코치_PC,02_시험조합_2/2,고3내신,2,0,0.0,0
2026-08-04,03_에듀코치_PC,02_시험조합_2/2,고등수학내신,2,0,0.0,0
2026-08-04,03_에듀코치_PC,02_시험조합_2/2,사회기출,1,0,0.0,0
2026-08-04,03_에듀코치_PC,02_시험조합_2/2,시험,5,0,0.0,0
2026-08-04,03_에듀코치_PC,02_시험조합_2/2,중3시험,1,0,0.0,0
2026-08-04,03_에듀코치_PC,03_학원_1/2,국영수,1,0,0.0,0
2026-08-04,03_에듀코치_PC,03_학원_1/2,중3국어,1,0,0.0,0
2026-08-04,03_에듀코치_PC,03_학원_1/2,고1국어,3,0,0.0,0
2026-08-04,03_에듀코치_PC,03_학원_1/2,사회,3,0,0.0,0
2026-08-04,03_에듀코치_PC,03_학원_1/2,중1사회,1,0,0.0,0
2026-08-04,03_에듀코치_PC,03_학원_1/2,중3사회,1,0,0.0,0
2026-08-04,03_에듀코치_PC,03_학원_1/2,수학,13,0,0.0,0
2026-08-04,03_에듀코치_PC,03_학원_1/2,고1수학,8,0,0.0,0
2026-08-04,03_에듀코치_PC,03_학원_1/2,영수,1,0,0.0,0
2026-08-04,03_에듀코치_PC,03_학원_1/2,중등영어,3,0,0.0,0
2026-08-04,03_에듀코치_PC,03_학원_1/2,고1영어,2,0,0.0,0
2026-08-04,03_에듀코치_PC,03_학원_1/2,고3영어,2,0,0.0,0
2026-08-04,03_에듀코치_PC,03_학원_1/2,고등영어,1,0,0.0,0
2026-08-04,03_에듀코치_PC,03_학원_1/2,중2과학,2,0,0.0,0
2026-08-04,03_에듀코치_PC,03_학원_1/2,중등,4,0,0.0,0
2026-08-04,03_에듀코치_PC,03_학원_1/2,수학학원,4,0,0.0,0
2026-08-04,03_에듀코치_PC,03_학원_1/2,중학생수학학원,2,0,0.0,0
2026-08-04,03_에듀코치_PC,03_학원_1/2,영어학원,6,0,0.0,0
2026-08-04,03_에듀코치_PC,03_학원_1/2,수학학원추천,1,0,0.0,0
2026-08-04,03_에듀코치_PC,03_학원_1/2,영어학원추천,5,0,0.0,0
2026-08-04,03_에듀코치_PC,03_학원_1/2,소수정예,8,0,0.0,0
2026-08-04,03_에듀코치_PC,03_학원_2/2,전과목학원,2,0,0.0,0
2026-08-04,03_에듀코치_PC,03_학원_2/2,예비고3학원,1,0,0.0,0
2026-08-04,03_에듀코치_PC,03_학원_2/2,고2수학학원,1,0,0.0,0
2026-08-04,03_에듀코치_PC,03_학원_2/2,고2수학,1,0,0.0,0
2026-08-04,03_에듀코치_PC,03_학원_2/2,고3수학,2,0,0.0,0
2026-08-04,03_에듀코치_PC,03_학원_2/2,중3내신대비,1,0,0.0,0
2026-08-04,03_에듀코치_PC,03_학원_2/2,고등내신대비,1,0,0.0,0
2026-08-04,03_에듀코치_MO,01_시험,수능공부,2,0,0.0,0
2026-08-04,03_에듀코치_MO,01_시험,기말고사공부,1,0,0.0,0
2026-08-04,03_에듀코치_MO,01_시험,중간고사대비,2,0,0.0,0
2026-08-04,03_에듀코치_MO,01_시험,기말고사대비,3,0,0.0,0
2026-08-04,03_에듀코치_MO,01_시험,기말대비,3,0,0.0,0
2026-08-04,03_에듀코치_MO,01_시험,기말고사공부법,3,0,0.0,0
2026-08-04,03_에듀코치_MO,01_시험,모의고사,4,0,0.0,0
2026-08-04,03_에듀코치_MO,01_시험,중간고사,1,0,0.0,0
2026-08-04,03_에듀코치_MO,01_시험,기말고사,3,0,0.0,0
2026-08-04,03_에듀코치_MO,01_시험,수학능력시험,16,0,0.0,0
2026-08-04,03_에듀코치_MO,01_시험,서술형,6,0,0.0,0
2026-08-04,03_에듀코치_MO,01_시험,기말,1,0,0.0,0
2026-08-04,03_에듀코치_MO,01_시험,새학기준비,1,0,0.0,0
2026-08-04,03_에듀코치_MO,02_시험조합_1/2,수학시험대비,40,0,0.0,0
2026-08-04,03_에듀코치_MO,02_시험조합_1/2,시험대비,1,0,0.0,0
2026-08-04,03_에듀코치_MO,02_시험조합_1/2,고1시험대비,1,0,0.0,0
2026-08-04,03_에듀코치_MO,02_시험조합_1/2,예비중1국어공부,2,0,0.0,0
2026-08-04,03_에듀코치_MO,02_시험조합_1/2,고1국어공부,1,0,0.0,0
2026-08-04,03_에듀코치_MO,02_시험조합_1/2,고2국어공부,4,0,0.0,0
2026-08-04,03_에듀코치_MO,02_시험조합_1/2,고3국어공부,1,0,0.0,0
2026-08-04,03_에듀코치_MO,02_시험조합_1/2,고등국어공부,8,0,0.0,0
2026-08-04,03_에듀코치_MO,02_시험조합_1/2,예비중1수학공부,9,0,0.0,0
2026-08-04,03_에듀코치_MO,02_시험조합_1/2,영어공부,3,0,0.0,0
2026-08-04,03_에듀코치_MO,02_시험조합_1/2,중학생영어공부,6,0,0.0,0
2026-08-04,03_에듀코치_MO,02_시험조합_1/2,고등영어공부,73,0,0.0,0
2026-08-04,03_에듀코치_MO,02_시험조합_1/2,예비고3영어공부,3,0,0.0,0
2026-08-04,03_에듀코치_MO,02_시험조합_1/2,사회공부,6,0,0.0,0
2026-08-04,03_에듀코치_MO,02_시험조합_1/2,중1공부,2,0,0.0,0
2026-08-04,03_에듀코치_MO,02_시험조합_1/2,중2공부,7,0,0.0,0
2026-08-04,03_에듀코치_MO,02_시험조합_1/2,중등공부,1,0,0.0,0
2026-08-04,03_에듀코치_MO,02_시험조합_1/2,예비중1공부,8,0,0.0,0
2026-08-04,03_에듀코치_MO,02_시험조합_1/2,중학생공부,22,0,0.0,0
2026-08-04,03_에듀코치_MO,02_시험조합_1/2,예비고1국어공부법,6,0,0.0,0
2026-08-04,03_에듀코치_MO,02_시험조합_1/2,예비고3국어공부법,3,0,0.0,0
2026-08-04,03_에듀코치_MO,02_시험조합_1/2,고등학생국어공부법,12,0,0.0,0
2026-08-04,03_에듀코치_MO,02_시험조합_1/2,중3영어공부법,1,0,0.0,0
2026-08-04,03_에듀코치_MO,02_시험조합_1/2,고등영어공부법,48,0,0.0,0
2026-08-04,03_에듀코치_MO,02_시험조합_1/2,중등공부법,6,0,0.0,0
2026-08-04,03_에듀코치_MO,02_시험조합_1/2,예비중1공부법,11,0,0.0,0
2026-08-04,03_에듀코치_MO,02_시험조합_1/2,고등국어학습,13,0,0.0,0
2026-08-04,03_에듀코치_MO,02_시험조합_1/2,예비고1국어학습,4,0,0.0,0
2026-08-04,03_에듀코치_MO,02_시험조합_1/2,고등영어학습,3,0,0.0,0
2026-08-04,03_에듀코치_MO,02_시험조합_1/2,사회학습,3,0,0.0,0
2026-08-04,03_에듀코치_MO,02_시험조합_1/2,고등시험대비,1,0,0.0,0
2026-08-04,03_에듀코치_MO,02_시험조합_1/2,국어,101,0,0.0,0
2026-08-04,03_에듀코치_MO,02_시험조합_1/2,고1국어,4,0,0.0,0
2026-08-04,03_에듀코치_MO,02_시험조합_1/2,고2국어,73,0,0.0,0
2026-08-04,03_에듀코치_MO,02_시험조합_1/2,수학,214,0,0.0,0
2026-08-04,03_에듀코치_MO,02_시험조합_1/2,고2국영수,1,0,0.0,0
2026-08-04,03_에듀코치_MO,02_시험조합_1/2,영어,31,0,0.0,0
2026-08-04,03_에듀코치_MO,02_시험조합_1/2,고1영어,15,0,0.0,0
2026-08-04,03_에듀코치_MO,02_시험조합_1/2,고등과학공부,1,0,0.0,0
2026-08-04,03_에듀코치_MO,02_시험조합_1/2,고등수학공부,40,0,0.0,0
2026-08-04,03_에듀코치_MO,02_시험조합_1/2,예비고3수학공부,13,0,0.0,0
2026-08-04,03_에듀코치_MO,02_시험조합_1/2,고1국어내신,3,0,0.0,0
2026-08-04,03_에듀코치_MO,02_시험조합_1/2,고2국어내신,1,0,0.0,0
2026-08-04,03_에듀코치_MO,02_시험조합_1/2,고3국어내신,39,0,0.0,0
2026-08-04,03_에듀코치_MO,02_시험조합_1/2,고등국어내신,27,0,0.0,0
2026-08-04,03_에듀코치_MO,02_시험조합_1/2,고1수학내신,24,0,0.0,0
2026-08-04,03_에듀코치_MO,02_시험조합_1/2,중등영어내신,1,0,0.0,0
2026-08-04,03_에듀코치_MO,02_시험조합_1/2,고1영어내신,17,0,0.0,0
2026-08-04,03_에듀코치_MO,02_시험조합_1/2,고2영어내신,4,0,0.0,0
2026-08-04,03_에듀코치_MO,02_시험조합_1/2,고3영어내신,15,0,0.0,0
2026-08-04,03_에듀코치_MO,02_시험조합_1/2,고등과학공부법,2,0,0.0,0
2026-08-04,03_에듀코치_MO,02_시험조합_1/2,예비고3공부법,5,0,0.0,0
2026-08-04,03_에듀코치_MO,02_시험조합_1/2,고등수학공부법,14,0,0.0,0
2026-08-04,03_에듀코치_MO,02_시험조합_1/2,예비고3수학공부법,3,0,0.0,0
2026-08-04,03_에듀코치_MO,02_시험조합_1/2,국어내신대비,6,0,0.0,0
2026-08-04,03_에듀코치_MO,02_시험조합_1/2,고1국어내신대비,4,1,667.0,0
2026-08-04,03_에듀코치_MO,02_시험조합_1/2,고2국어내신대비,6,0,0.0,0
2026-08-04,03_에듀코치_MO,02_시험조합_1/2,고등국어내신대비,25,0,0.0,0
2026-08-04,03_에듀코치_MO,02_시험조합_1/2,영어내신대비,7,0,0.0,0
2026-08-04,03_에듀코치_MO,02_시험조합_1/2,고3영어내신대비,18,0,0.0,0
2026-08-04,03_에듀코치_MO,02_시험조합_1/2,과학학습,2,0,0.0,0
2026-08-04,03_에듀코치_MO,02_시험조합_1/2,고등학습,1,0,0.0,0
2026-08-04,03_에듀코치_MO,02_시험조합_1/2,고등학생학습,5,0,0.0,0
2026-08-04,03_에듀코치_MO,02_시험조합_1/2,국어기출,21,0,0.0,0
2026-08-04,03_에듀코치_MO,02_시험조합_1/2,고등국어기출,6,0,0.0,0
2026-08-04,03_에듀코치_MO,02_시험조합_1/2,수학기출,25,0,0.0,0
2026-08-04,03_에듀코치_MO,02_시험조합_1/2,영어기출,16,0,0.0,0
2026-08-04,03_에듀코치_MO,02_시험조합_1/2,국어시험,10,0,0.0,0
2026-08-04,03_에듀코치_MO,02_시험조합_1/2,고1국어시험,1,0,0.0,0
2026-08-04,03_에듀코치_MO,02_시험조합_1/2,고등국어시험,1,0,0.0,0
2026-08-04,03_에듀코치_MO,02_시험조합_1/2,고1수학시험,11,0,0.0,0
2026-08-04,03_에듀코치_MO,02_시험조합_1/2,영어시험,7,0,0.0,0
2026-08-04,03_에듀코치_MO,03_학원_1/2,중등수학,2,0,0.0,0
2026-08-04,03_에듀코치_MO,03_학원_1/2,중학생영어,26,1,1164.0,0
2026-08-04,03_에듀코치_MO,03_학원_1/2,고등영어,6,0,0.0,0
2026-08-04,03_에듀코치_MO,03_학원_1/2,수학학원,1,0,0.0,0
2026-08-04,03_에듀코치_MO,03_학원_1/2,영어학원,3,0,0.0,0
2026-08-04,03_에듀코치_MO,03_학원_1/2,중등전과목,1,0,0.0,0
2026-08-04,03_에듀코치_MO,02_시험조합_2/2,예비고3영어,1,0,0.0,0
2026-08-04,03_에듀코치_MO,02_시험조합_2/2,고등영어내신,3,0,0.0,0
2026-08-04,03_에듀코치_MO,02_시험조합_2/2,중3내신,1,0,0.0,0
2026-08-04,03_에듀코치_MO,02_시험조합_2/2,고등내신,76,1,1174.0,0
2026-08-04,03_에듀코치_MO,03_학원_2/2,고3수학,1,0,0.0,0
2026-08-04,03_에듀코치_MO,03_학원_2/2,종합학원,1,0,0.0,0
2026-08-04,03_에듀코치_MO,03_학원_2/2,내신대비학원,1,0,0.0,0
2026-08-04,05_여름시즌_MO,03_캠프+기숙학원,썸머캠프,6,0,0.0,0
2026-08-04,05_여름시즌_MO,03_캠프+기숙학원,여름캠프,14,0,0.0,0
2026-08-04,05_여름시즌_MO,03_캠프+기숙학원,방학캠프,5,0,0.0,0
2026-08-04,05_여름시즌_MO,03_캠프+기숙학원,청소년캠프,14,0,0.0,0
2026-08-04,05_여름시즌_MO,03_캠프+기숙학원,여름방학캠프,16,0,0.0,0
2026-08-04,05_여름시즌_MO,03_캠프+기숙학원,중학생여름방학캠프,4,0,0.0,0
2026-08-04,05_여름시즌_MO,03_캠프+기숙학원,고등학생여름방학캠프,1,0,0.0,0
2026-08-04,05_여름시즌_MO,03_캠프+기숙학원,중3여름캠프,1,0,0.0,0
2026-08-04,05_여름시즌_MO,03_캠프+기숙학원,중학생캠프,9,0,0.0,0
2026-08-04,05_여름시즌_MO,03_캠프+기숙학원,고등학교캠프,1,0,0.0,0
2026-08-04,05_여름시즌_MO,03_캠프+기숙학원,자기주도학습캠프,5,0,0.0,0
2026-08-04,05_여름시즌_MO,03_캠프+기숙학원,기숙학원썸머스쿨,1,1,871.0,0
2026-08-04,05_여름시즌_MO,03_캠프+기숙학원,수학캠프,1,0,0.0,0
2026-08-04,05_여름시즌_MO,03_캠프+기숙학원,중학생방학캠프,2,0,0.0,0
2026-08-04,05_여름시즌_MO,03_캠프+기숙학원,고등기숙학원,6,0,0.0,0
2026-08-04,05_여름시즌_MO,03_캠프+기숙학원,중등기숙학원,1,0,0.0,0
2026-08-04,05_여름시즌_MO,03_캠프+기숙학원,고3기숙학원,3,0,0.0,0
2026-08-04,05_여름시즌_MO,03_캠프+기숙학원,고2기숙학원,1,0,0.0,0
2026-08-04,05_여름시즌_MO,03_캠프+기숙학원,중3기숙학원,6,0,0.0,0
2026-08-04,05_여름시즌_MO,03_캠프+기숙학원,썸머기숙학원,3,0,0.0,0
2026-08-04,05_여름시즌_MO,01_썸머스쿨,썸머스쿨,203,0,0.0,0
2026-08-04,05_여름시즌_MO,01_썸머스쿨,고1썸머스쿨,1,0,0.0,0
2026-08-04,05_여름시즌_MO,01_썸머스쿨,중3썸머스쿨,3,0,0.0,0
2026-08-04,05_여름시즌_MO,01_썸머스쿨,중학생썸머스쿨,1,0,0.0,0
2026-08-04,05_여름시즌_MO,01_썸머스쿨,고등썸머스쿨,3,0,0.0,0
2026-08-04,05_여름시즌_MO,01_썸머스쿨,여름방학학원,4,0,0.0,0
2026-08-04,05_여름시즌_PC,01_썸머스쿨,썸머스쿨,932,0,0.0,0
2026-08-04,05_여름시즌_PC,03_캠프+기숙학원,썸머캠프,24,0,0.0,0
2026-08-04,05_여름시즌_PC,03_캠프+기숙학원,여름캠프,12,0,0.0,0
2026-08-04,05_여름시즌_PC,03_캠프+기숙학원,방학캠프,12,0,0.0,0
2026-08-04,05_여름시즌_PC,03_캠프+기숙학원,청소년캠프,27,0,0.0,0
2026-08-04,05_여름시즌_PC,03_캠프+기숙학원,여름방학캠프,15,0,0.0,0
2026-08-04,05_여름시즌_PC,03_캠프+기숙학원,중학생여름방학캠프,52,0,0.0,0
2026-08-04,05_여름시즌_PC,03_캠프+기숙학원,중등여름방학캠프,18,0,0.0,0
2026-08-04,05_여름시즌_PC,03_캠프+기숙학원,중등방학캠프,2,0,0.0,0
2026-08-04,05_여름시즌_PC,03_캠프+기숙학원,고등학생여름방학캠프,11,0,0.0,0
2026-08-04,05_여름시즌_PC,03_캠프+기숙학원,고등학생캠프,40,0,0.0,0
2026-08-04,05_여름시즌_PC,03_캠프+기숙학원,중학생캠프,11,0,0.0,0
2026-08-04,05_여름시즌_PC,03_캠프+기숙학원,중학교캠프,2,0,0.0,0
2026-08-04,05_여름시즌_PC,03_캠프+기숙학원,자기주도학습캠프,13,0,0.0,0
2026-08-04,05_여름시즌_PC,03_캠프+기숙학원,기숙학원썸머스쿨,24,0,0.0,0
2026-08-04,05_여름시즌_PC,03_캠프+기숙학원,수학캠프,4,0,0.0,0
2026-08-04,05_여름시즌_PC,03_캠프+기숙학원,중학생방학캠프,24,0,0.0,0
2026-08-04,05_여름시즌_PC,03_캠프+기숙학원,방학기숙학원,1,0,0.0,0
2026-08-04,05_여름시즌_PC,03_캠프+기숙학원,고등기숙학원,15,0,0.0,0
2026-08-04,05_여름시즌_PC,03_캠프+기숙학원,중등기숙학원,58,0,0.0,0
2026-08-04,05_여름시즌_PC,03_캠프+기숙학원,고3기숙학원,40,0,0.0,0
2026-08-04,05_여름시즌_PC,03_캠프+기숙학원,고2기숙학원,1,0,0.0,0
2026-08-04,05_여름시즌_PC,03_캠프+기숙학원,고1기숙학원,22,0,0.0,0
2026-08-04,05_여름시즌_PC,03_캠프+기숙학원,중3기숙학원,1,0,0.0,0
2026-08-04,05_여름시즌_PC,03_캠프+기숙학원,중2기숙학원,20,0,0.0,0
2026-08-04,05_여름시즌_PC,03_캠프+기숙학원,썸머스쿨기숙학원,2,0,0.0,0
2026-08-04,05_여름시즌_PC,03_캠프+기숙학원,재학생기숙학원,3,0,0.0,0
2026-08-04,05_여름시즌_PC,03_캠프+기숙학원,썸머기숙학원,3,0,0.0,0
2026-08-04,06_초등_MO,01_자기주도학습,초등공부,16,0,0.0,0
2026-08-04,06_초등_MO,01_자기주도학습,초등학습,4,1,1354.0,0
2026-08-04,06_초등_MO,01_자기주도학습,초등수행평가,3,0,0.0,0
2026-08-04,06_초등_MO,01_자기주도학습,초등공부습관만들기,2,0,0.0,0
2026-08-04,06_초등_MO,03_인강/과외,초5과외,4,0,0.0,0
2026-08-04,06_초등_MO,03_인강/과외,초5인강,4,0,0.0,0
2026-08-04,06_초등_MO,03_인강/과외,초5수학인강,2,0,0.0,0
2026-08-04,06_초등_PC,03_인강/과외,초5인강수업,2,0,0.0,0
2026-08-04,06_초등_PC,03_인강/과외,초등공부방,2,0,0.0,0
2026-08-04,06_초등_PC,03_인강/과외,초등영어과외,8,0,0.0,0
2026-08-04,06_초등_PC,03_인강/과외,초등영어인강,15,0,0.0,0
2026-08-04,06_초등_PC,03_인강/과외,초등학생과외,10,0,0.0,0
2026-08-04,06_초등_PC,03_인강/과외,초등학생영어인강,52,0,0.0,0
2026-08-04,06_초등_PC,01_자기주도학습,초등공부,1,0,0.0,0
2026-08-04,06_초등_PC,01_자기주도학습,초등학습,1,0,0.0,0
2026-08-04,06_초등_PC,01_자기주도학습,초등수행평가,1,0,0.0,0
2026-08-04,06_초등_PC,01_자기주도학습,초등학생수행평가,1,0,0.0,0
2026-08-04,06_초등_PC,01_자기주도학습,초등학교수행평가,1,0,0.0,0
2026-08-04,08_중등_MO,01_자기주도학습,중학생학습,2,0,0.0,0
2026-08-04,08_중등_MO,01_자기주도학습,중학교자기주도학습,1,0,0.0,0
2026-08-04,08_중등_MO,02_학원,중3학원,3,0,0.0,0
2026-08-04,08_중등_MO,02_학원,중3영어,1,0,0.0,0
2026-08-04,08_중등_MO,02_학원,중등학원,8,0,0.0,0
2026-08-04,08_중등_MO,02_학원,중등전문학원,21,1,459.0,0
2026-08-04,08_중등_MO,02_학원,중등수학학원,27,0,0.0,0
2026-08-04,08_중등_MO,02_학원,중등영어학원,1,0,0.0,0
2026-08-04,08_중등_MO,02_학원,중등국어학원,7,0,0.0,0
2026-08-04,08_중등_MO,02_학원,중등과학학원,5,0,0.0,0
2026-08-04,08_중등_MO,02_학원,중학교영수학원,1,0,0.0,0
2026-08-04,08_중등_MO,02_학원,중학교영어학원,3,0,0.0,0
2026-08-04,08_중등_MO,02_학원,중1학원,1,0,0.0,0
2026-08-04,08_중등_MO,02_학원,예비중1수학,4,0,0.0,0
2026-08-04,08_중등_MO,02_학원,중학생학원,1,0,0.0,0
2026-08-04,08_중등_MO,02_학원,중학생수학,7,0,0.0,0
2026-08-04,08_중등_MO,02_학원,중학생수학학원,1,0,0.0,0
2026-08-04,08_중등_MO,02_학원,중2학원,1,1,1179.0,0
2026-08-04,08_중등_MO,02_학원,중2국어학원,1,0,0.0,0
2026-08-04,08_중등_MO,04_중학교 내신,중학교내신,2143,4,9458.0,0
2026-08-04,08_중등_PC,01_자기주도학습,중학생멘토링,1,0,0.0,0
2026-08-04,08_중등_PC,01_자기주도학습,중학교멘토링,1,0,0.0,0
2026-08-04,08_중등_PC,02_학원,중등영어학원추천,1,0,0.0,0
2026-08-04,08_중등_PC,02_학원,중등영어,2,0,0.0,0
2026-08-04,08_중등_PC,02_학원,중등수학학원,14,0,0.0,0
2026-08-04,08_중등_PC,02_학원,중등영어학원,57,0,0.0,0
2026-08-04,08_중등_PC,02_학원,중학생영어학원,49,0,0.0,0
2026-08-04,08_중등_PC,02_학원,중2수학,2,0,0.0,0
2026-08-04,08_중등_PC,02_학원,종합학원,18,0,0.0,0
2026-08-04,08_중등_PC,03_인강/과외,중3과외,27,0,0.0,0
2026-08-04,08_중등_PC,03_인강/과외,중3수학과외,1,0,0.0,0
2026-08-04,08_중등_PC,03_인강/과외,중3영어과외,52,0,0.0,0
2026-08-04,08_중등_PC,03_인강/과외,중3인강,9,0,0.0,0
2026-08-04,08_중등_PC,03_인강/과외,중3수학인강,1,0,0.0,0
2026-08-04,08_중등_PC,03_인강/과외,중3영어인강,1,0,0.0,0
2026-08-04,08_중등_PC,03_인강/과외,중등수학과외,1,0,0.0,0
2026-08-04,08_중등_PC,03_인강/과외,중등영어과외,14,0,0.0,0
2026-08-04,08_중등_PC,03_인강/과외,중등과학과외,3,0,0.0,0
2026-08-04,08_중등_PC,03_인강/과외,중등인강,7,0,0.0,0
2026-08-04,08_중등_PC,03_인강/과외,중등수학인강,8,0,0.0,0
2026-08-04,08_중등_PC,03_인강/과외,중등국어인강,42,0,0.0,0
2026-08-04,08_중등_PC,03_인강/과외,중등영어인강,4,0,0.0,0
2026-08-04,08_중등_PC,03_인강/과외,중학생공부방,1,0,0.0,0
2026-08-04,08_중등_PC,03_인강/과외,중학생과외,2,0,0.0,0
2026-08-04,08_중등_PC,03_인강/과외,중학생수학과외,2,0,0.0,0
2026-08-04,08_중등_PC,03_인강/과외,중학생영어과외,52,0,0.0,0
2026-08-04,08_중등_PC,03_인강/과외,중학생국어과외,1,0,0.0,0
2026-08-04,08_중등_PC,03_인강/과외,중학생인강,12,0,0.0,0
2026-08-04,08_중등_PC,03_인강/과외,중학생수학인강,3,0,0.0,0
2026-08-04,08_중등_PC,03_인강/과외,중학교공부방,1,0,0.0,0
2026-08-04,08_중등_PC,03_인강/과외,중학교영어과외,48,0,0.0,0
2026-08-04,08_중등_PC,03_인강/과외,중학교국어과외,1,0,0.0,0
2026-08-04,08_중등_PC,03_인강/과외,중학교인강,14,0,0.0,0
2026-08-04,08_중등_PC,03_인강/과외,중학교수학인강,1,0,0.0,0
2026-08-04,08_중등_PC,03_인강/과외,중학교영어인강,1,0,0.0,0
2026-08-04,08_중등_PC,03_인강/과외,중1영어과외,16,0,0.0,0
2026-08-04,08_중등_PC,03_인강/과외,중1수학인강,3,0,0.0,0
2026-08-04,08_중등_PC,03_인강/과외,중1국어인강,1,0,0.0,0
2026-08-04,08_중등_PC,03_인강/과외,중2영어과외,2,0,0.0,0
2026-08-04,08_중등_PC,03_인강/과외,중2국어과외,1,0,0.0,0
2026-08-04,08_중등_PC,03_인강/과외,중2인강,2,0,0.0,0
2026-08-04,08_중등_PC,03_인강/과외,중2영어인강,3,0,0.0,0
2026-08-04,08_중등_PC,03_인강/과외,중등온라인학습,9,0,0.0,0
2026-08-04,08_중등_PC,03_인강/과외,중등온라인수업,1,0,0.0,0
2026-08-04,08_중등_PC,03_인강/과외,중학교온라인수업,2,0,0.0,0
2026-08-04,08_중등_PC,03_인강/과외,중학교온라인강의,1,1,2894.0,0
2026-08-04,08_중등_PC,03_인강/과외,중학교홈스쿨링,1,0,0.0,0
2026-08-04,08_중등_PC,04_중학교 내신,중학교내신,478,0,0.0,0
2026-08-04,16_특정 키워드,01_경쟁사키워드,프리미어학원,2,0,0.0,0
2026-08-04,16_특정 키워드,02_참고서키워드,개념원리수학,5,0,0.0,0
2026-08-04,16_특정 키워드,02_참고서키워드,참고서,1,0,0.0,0
2026-08-04,16_특정 키워드,02_참고서키워드,한국사문제집,5,0,0.0,0
2026-08-04,16_특정 키워드,02_참고서키워드,마더텅영어,1,0,0.0,0
2026-08-04,16_특정 키워드,02_참고서키워드,개념원리인강,5,0,0.0,0
2026-08-04,16_특정 키워드,02_참고서키워드,개념원리수1,1,0,0.0,0
2026-08-04,16_특정 키워드,02_참고서키워드,개념원리확률과통계,1,0,0.0,0
2026-08-04,16_특정 키워드,02_참고서키워드,개념원리수2,2,0,0.0,0
2026-08-04,16_특정 키워드,02_참고서키워드,개념유형,2,0,0.0,0
2026-08-04,16_특정 키워드,02_참고서키워드,개념원리확통,1,0,0.0,0
2026-08-04,16_특정 키워드,02_참고서키워드,로즈리그래머홀릭,4,0,0.0,0
2026-08-04,16_특정 키워드,02_참고서키워드,미래엔교과서구입,24,0,0.0,0
2026-08-04,16_특정 키워드,02_참고서키워드,개념원리미적분,12,0,0.0,0
2026-08-04,16_특정 키워드,02_참고서키워드,과학관련도서,1,0,0.0,0
2026-08-04,16_특정 키워드,02_참고서키워드,EBS초등수학,14,0,0.0,0
2026-08-04,16_특정 키워드,02_참고서키워드,수학의정석,39,0,0.0,0
2026-08-04,16_특정 키워드,02_참고서키워드,완자화학1,2,0,0.0,0
2026-08-04,16_특정 키워드,02_참고서키워드,국어문법,1,0,0.0,0
2026-08-04,16_특정 키워드,02_참고서키워드,기적의영어리딩,5,0,0.0,0
2026-08-04,16_특정 키워드,02_참고서키워드,미래엔수학,79,0,0.0,0
2026-08-04,16_특정 키워드,02_참고서키워드,미래엔한국사,1,0,0.0,0
2026-08-04,16_특정 키워드,02_참고서키워드,그래머인사이드,4,0,0.0,0
2026-08-04,16_특정 키워드,04_유리스마,웩슬러검사,36,0,0.0,0
2026-08-04,16_특정 키워드,04_유리스마,지능검사,65,0,0.0,0
2026-08-04,16_특정 키워드,04_유리스마,유리스마,20,0,0.0,0
2026-08-04,16_특정 키워드,미미미누 콜라보,미3누,2,0,0.0,0
2026-08-04,16_특정 키워드,미미미누 콜라보,VLT,22,0,0.0,0
2026-08-04,16_특정 키워드,미미미누 콜라보,에듀플렉스후기,20,0,0.0,0
2026-08-04,11_예비고1_MO,예비고1+자기주도학습,예비고1자기주도학습센터,1,0,0.0,0
2026-08-04,11_예비고1_MO,예비고1+관리/준비,예비고1공부,78,0,0.0,0
2026-08-04,11_예비고1_MO,예비고1+관리/준비,고등진학상담,5,0,0.0,0
2026-08-04,11_예비고1_MO,예비고1+학원/과외,예비고1학원,32,0,0.0,0
2026-08-04,11_예비고1_MO,예비고1+학원/과외,예비고1영어과외,53,0,0.0,0
2026-08-04,11_예비고1_MO,예비고1+학원/과외,예비고1영어학원,13,0,0.0,0
2026-08-04,11_예비고1_MO,예비고1+학원/과외,예비고1국어학원,15,0,0.0,0
2026-08-04,11_예비고1_PC,예비고1+관리/준비,예비고1준비,35,0,0.0,0
2026-08-04,11_예비고1_PC,예비고1+관리/준비,고등진학상담,2,0,0.0,0
2026-08-04,11_예비고1_PC,예비고1+자기주도학습,예비고1코디네이터,2,0,0.0,0
2026-08-04,11_예비고1_PC,예비고1+학원/과외,예비고1과외,1,0,0.0,0
2026-08-04,11_예비고1_PC,예비고1+학원/과외,예비고1수학과외,10,0,0.0,0
2026-08-04,11_예비고1_PC,예비고1+학원/과외,예비고1국어학원,3,0,0.0,0
2026-08-04,12_예비중1_MO,3. 예비중1+학원/과외,예비중1수학학원,9,1,1546.0,0
2026-08-04,12_예비중1_MO,3. 예비중1+학원/과외,예비중1영어과외,1,0,0.0,0
2026-08-04,12_예비중1_MO,3. 예비중1+학원/과외,예비중1종합학원,3,0,0.0,0
2026-08-04,12_예비중1_MO,3. 예비중1+학원/과외,예비중1학원,17,0,0.0,0
2026-08-04,12_예비중1_PC,예비중1+학원/과외,예비중1수학과외,15,0,0.0,0
2026-08-04,12_예비중1_PC,예비중1+학원/과외,예비중1영어과외,46,0,0.0,0
2026-08-04,12_예비중1_PC,예비중1+학원/과외,예비중1학원,1,0,0.0,0
2026-08-04,10_고등_MO,01_자기주도학습,고3공부,1,0,0.0,0
2026-08-04,10_고등_MO,01_자기주도학습,고등학생공부,1,0,0.0,0
2026-08-04,10_고등_MO,01_자기주도학습,고등학생자기주도학습,2,0,0.0,0
2026-08-04,10_고등_MO,02_학원,고등국어학원,6,0,0.0,0
2026-08-04,10_고등_MO,02_학원,고등수학,22,0,0.0,0
2026-08-04,10_고등_MO,02_학원,고등수학학원,64,0,0.0,0
2026-08-04,10_고등_MO,02_학원,고등영어,15,0,0.0,0
2026-08-04,10_고등_MO,02_학원,고등영어학원,34,1,3042.0,0
2026-08-04,10_고등_MO,02_학원,고등영어학원추천,5,0,0.0,0
2026-08-04,10_고등_MO,02_학원,고등학원,2,0,0.0,0
2026-08-04,10_고등_MO,02_학원,고등학교수학,9,0,0.0,0
2026-08-04,10_고등_MO,02_학원,고등학교영어,3,0,0.0,0
2026-08-04,10_고등_MO,02_학원,고등학교학원,1,0,0.0,0
2026-08-04,10_고등_MO,02_학원,고등학생수학,1,0,0.0,0
2026-08-04,10_고등_MO,02_학원,고등학생영어,3,0,0.0,0
2026-08-04,10_고등_MO,02_학원,고등학생영어학원,1,0,0.0,0
2026-08-04,10_고등_MO,02_학원,고1수학,19,0,0.0,0
2026-08-04,10_고등_MO,02_학원,고1영어,5,0,0.0,0
2026-08-04,10_고등_MO,02_학원,고2수학,10,0,0.0,0
2026-08-04,10_고등_MO,02_학원,고2영어,2,0,0.0,0
2026-08-04,10_고등_MO,02_학원,고3수학,9,0,0.0,0
2026-08-04,10_고등_MO,02_학원,고3영어,2,0,0.0,0
2026-08-04,10_고등_MO,03_인강과외,고등국어,9,0,0.0,0
2026-08-04,10_고등_MO,03_인강과외,고등과외,2,0,0.0,0
2026-08-04,10_고등_MO,03_인강과외,고등국어과외,1,0,0.0,0
2026-08-04,10_고등_MO,03_인강과외,고등국어인강,1,0,0.0,0
2026-08-04,10_고등_MO,03_인강과외,고등수학과외,7,0,0.0,0
2026-08-04,10_고등_MO,03_인강과외,고등수학인강,3,1,3367.0,0
2026-08-04,10_고등_MO,03_인강과외,고등영어과외,2,0,0.0,0
2026-08-04,10_고등_MO,03_인강과외,고등인강,5,0,0.0,0
2026-08-04,10_고등_MO,03_인강과외,고등학생영어인강,1,0,0.0,0
2026-08-04,10_고등_MO,03_인강과외,고등학생인강,1,0,0.0,0
2026-08-04,10_고등_MO,03_인강과외,고등학교국어,1,0,0.0,0
2026-08-04,10_고등_MO,03_인강과외,고등학교인강,2,0,0.0,0
2026-08-04,10_고등_MO,03_인강과외,고1수학과외,2,0,0.0,0
2026-08-04,10_고등_MO,03_인강과외,고2인강,1,0,0.0,0
2026-08-04,10_고등_MO,03_인강과외,고3국어과외,1,0,0.0,0
2026-08-04,10_고등_MO,03_인강과외,고3수학과외,2,0,0.0,0
2026-08-04,10_고등_MO,03_인강과외,고3영어인강,1,0,0.0,0
2026-08-04,10_고등_MO,03_인강과외,고등인강추천,15,0,0.0,0
2026-08-04,10_고등_MO,04_입시,대입학원,1,0,0.0,0
2026-08-04,10_고등_MO,04_입시,대학교입시,3,0,0.0,0
2026-08-04,10_고등_MO,04_입시,입시학원,1,0,0.0,0
2026-08-04,10_고등_MO,04_입시,면접학원,24,0,0.0,0
2026-08-04,10_고등_MO,04_입시,정시대비학원,1,0,0.0,0
2026-08-04,10_고등_MO,04_입시,자기소개서학원,1,0,0.0,0
2026-08-04,10_고등_MO,04_입시,대입상담,2,1,4216.0,0
2026-08-04,10_고등_MO,04_입시,고교입시설명회,1,0,0.0,0
2026-08-04,10_고등_MO,04_입시,고교입학설명회,2,0,0.0,0
2026-08-04,10_고등_MO,04_입시,수능,760,1,1774.0,0
2026-08-04,10_고등_MO,04_입시,모의,6,0,0.0,0
2026-08-04,10_고등_MO,04_입시,평가원모의고사,3,0,0.0,0
2026-08-04,10_고등_MO,05_고등 내신,고등학교내신,1,0,0.0,0
2026-08-04,10_고등_MO,05_고등 내신,고등내신,2,0,0.0,0
2026-08-04,10_고등_MO,05_고등 내신,고2내신,1,0,0.0,0
2026-08-04,10_고등_PC,01_자기주도학습,고등학생멘토링,3,0,0.0,0
2026-08-04,10_고등_PC,01_자기주도학습,고등공부,4,0,0.0,0
2026-08-04,10_고등_PC,02_학원,고등과학학원,1,0,0.0,0
2026-08-04,10_고등_PC,02_학원,고등국어학원,1,0,0.0,0
2026-08-04,10_고등_PC,02_학원,고등수학,13,1,7374.0,0
2026-08-04,10_고등_PC,02_학원,고등수학학원추천,2,0,0.0,0
2026-08-04,10_고등_PC,02_학원,고등영어학원,92,1,1620.0,0
2026-08-04,10_고등_PC,02_학원,고등종합학원,2,0,0.0,0
2026-08-04,10_고등_PC,02_학원,고1수학학원,2,0,0.0,0
2026-08-04,10_고등_PC,02_학원,고2수학학원,3,0,0.0,0
2026-08-04,10_고등_PC,02_학원,종합학원,15,0,0.0,0
2026-08-04,10_고등_PC,03_인강과외,고등내신,4,0,0.0,0
2026-08-04,10_고등_PC,03_인강과외,고등국어,7,0,0.0,0
2026-08-04,10_고등_PC,03_인강과외,고등과학,1,0,0.0,0
2026-08-04,10_고등_PC,03_인강과외,고등국어학원,2,0,0.0,0
2026-08-04,10_고등_PC,03_인강과외,고등과외,3,0,0.0,0
2026-08-04,10_고등_PC,03_인강과외,고등과학과외,1,0,0.0,0
2026-08-04,10_고등_PC,03_인강과외,고등국어과외,1,0,0.0,0
2026-08-04,10_고등_PC,03_인강과외,고등국어인강,21,0,0.0,0
2026-08-04,10_고등_PC,03_인강과외,고등수학과외,2,0,0.0,0
2026-08-04,10_고등_PC,03_인강과외,고등학생과외,1,0,0.0,0
2026-08-04,10_고등_PC,03_인강과외,고등학생수학과외,1,0,0.0,0
2026-08-04,10_고등_PC,03_인강과외,고등학생영어과외,60,0,0.0,0
2026-08-04,10_고등_PC,03_인강과외,고등학생인강,4,0,0.0,0
2026-08-04,10_고등_PC,03_인강과외,고등학교인강,45,1,1282.0,0
2026-08-04,10_고등_PC,03_인강과외,고1국어,9,0,0.0,0
2026-08-04,10_고등_PC,03_인강과외,고1국어인강,9,0,0.0,0
2026-08-04,10_고등_PC,03_인강과외,고1수학인강,1,0,0.0,0
2026-08-04,10_고등_PC,03_인강과외,고1영어과외,45,0,0.0,0
2026-08-04,10_고등_PC,03_인강과외,고2국어,12,0,0.0,0
2026-08-04,10_고등_PC,03_인강과외,고2국어인강,9,0,0.0,0
2026-08-04,10_고등_PC,03_인강과외,고2인강,1,0,0.0,0
2026-08-04,10_고등_PC,03_인강과외,고3국어,10,0,0.0,0
2026-08-04,10_고등_PC,03_인강과외,고3과외,3,0,0.0,0
2026-08-04,10_고등_PC,03_인강과외,고3국어과외,1,0,0.0,0
2026-08-04,10_고등_PC,03_인강과외,고3수학과외,1,0,0.0,0
2026-08-04,10_고등_PC,03_인강과외,고3영어과외,42,0,0.0,0
2026-08-04,10_고등_PC,03_인강과외,고등온라인학습,2,0,0.0,0
2026-08-04,10_고등_PC,04_입시,대입입시컨설팅,3,0,0.0,0
2026-08-04,10_고등_PC,04_입시,대입학원,5,0,0.0,0
2026-08-04,10_고등_PC,04_입시,대입면접,8,0,0.0,0
2026-08-04,10_고등_PC,04_입시,대학교상담,19,0,0.0,0
2026-08-04,10_고등_PC,04_입시,대학교입시,20,0,0.0,0
2026-08-04,10_고등_PC,04_입시,대학교입시컨설팅,3,0,0.0,0
2026-08-04,10_고등_PC,04_입시,대학교면접,10,0,0.0,0
2026-08-04,10_고등_PC,04_입시,입시학원,7,0,0.0,0
2026-08-04,10_고등_PC,04_입시,입시컨설팅학원,4,0,0.0,0
2026-08-04,10_고등_PC,04_입시,면접학원,10,0,0.0,0
2026-08-04,10_고등_PC,04_입시,대입상담,5,0,0.0,0
2026-08-04,10_고등_PC,04_입시,예비고1설명회,1,0,0.0,0
2026-08-04,10_고등_PC,04_입시,내신등급계산,7,0,0.0,0
2026-08-04,10_고등_PC,04_입시,수학능력시험,57,0,0.0,0
2026-08-04,10_고등_PC,04_입시,모의,4,0,0.0,0
2026-08-04,10_고등_PC,04_입시,모의고사,4,0,0.0,0
2026-08-04,10_고등_PC,04_입시,수능공부,37,0,0.0,0
2026-08-04,10_고등_PC,05_고등 내신,고등학교내신,259,0,0.0,0
2026-08-04,B_브랜드검색,04_MO_브랜드검색,에듀플렉스,485,50,0.0,0
2026-08-04,B_브랜드검색,04_MO_브랜드검색,애듀플렉스,21,2,0.0,0
2026-08-04,B_브랜드검색,04_MO_브랜드검색,에듀플랙스,11,2,0.0,0
2026-08-04,B_브랜드검색,04_MO_브랜드검색,애듀플랙스,1,0,0.0,0
2026-08-04,B_브랜드검색,04_MO_브랜드검색,에듀플렉스검사,1,0,0.0,0
2026-08-04,B_브랜드검색,04_MO_브랜드검색,에듀플렉스체험,1,1,0.0,0
2026-08-04,B_브랜드검색,04_PC_브랜드검색,애듀플렉스,6,2,0.0,0
2026-08-04,B_브랜드검색,04_PC_브랜드검색,에듀플랙스,6,1,0.0,0
2026-08-04,B_브랜드검색,04_PC_브랜드검색,에듀플렉스,64,15,0.0,0
2026-08-04,B_브랜드검색,04_PC_브랜드검색,에듀플렉스후기,4,1,0.0,0
2026-08-05,02-1_FC,O_002_개금,부산진구과외,1,0,0.0,0
2026-08-05,02-1_FC,O_003_계산,계양구국어학원,28,0,0.0,0
2026-08-05,02-1_FC,O_003_계산,계양구영어학원,1,0,0.0,0
2026-08-05,02-1_FC,O_003_계산,계양구수학학원,5,0,0.0,0
2026-08-05,02-1_FC,O_003_계산,계양구수학,1,0,0.0,0
2026-08-05,02-1_FC,O_003_계산,작전동과외,2,1,4889.0,0
2026-08-05,02-1_FC,O_003_계산,계산동과외,1,0,0.0,0
2026-08-05,02-1_FC,O_003_계산,계양구수학과외,1,0,0.0,0
2026-08-05,02-1_FC,O_005_공덕,공덕국어학원,1,0,0.0,0
2026-08-05,02-1_FC,O_005_공덕,마포과외,1,0,0.0,0
2026-08-05,02-1_FC,O_006_공덕2,대흥역수학학원,1,0,0.0,0
2026-08-05,02-1_FC,O_006_공덕2,염리동수학학원,4,0,0.0,0
2026-08-05,02-1_FC,O_006_공덕2,염리동초등수학학원,1,0,0.0,0
2026-08-05,02-1_FC,O_006_공덕2,마포영어과외,3,0,0.0,0
2026-08-05,02-1_FC,O_008_광교,광교초등영어학원,13,0,0.0,0
2026-08-05,02-1_FC,O_008_광교,광교과외,2,0,0.0,0
2026-08-05,02-1_FC,O_008_광교,광교수학과외,1,0,0.0,0
2026-08-05,02-1_FC,O_008_광교,광교영어과외,6,0,0.0,0
2026-08-05,02-1_FC,O_010_교동,강릉과외,20,0,0.0,0
2026-08-05,02-1_FC,O_010_교동,강릉수학과외,4,0,0.0,0
2026-08-05,02-1_FC,O_010_교동,강릉영어과외,14,0,0.0,0
2026-08-05,02-1_FC,O_010_교동,강릉국어과외,2,0,0.0,0
2026-08-05,02-1_FC,O_010_교동,강릉과학과외,3,0,0.0,0
2026-08-05,02-1_FC,O_011_구서,구서동학원,2,0,0.0,0
2026-08-05,02-1_FC,O_011_구서,구서동영어학원,95,0,0.0,0
2026-08-05,02-1_FC,O_012_구월,구월동수학학원,11,0,0.0,0
2026-08-05,02-1_FC,O_012_구월,구월동독서실,3,0,0.0,0
2026-08-05,02-1_FC,O_012_구월,구월동초등영어학원,2,0,0.0,0
2026-08-05,02-1_FC,O_012_구월,구월동과외,1,0,0.0,0
2026-08-05,02-1_FC,O_014_금오,의정부학원,7,0,0.0,0
2026-08-05,02-1_FC,O_014_금오,의정부영어학원,1,0,0.0,0
2026-08-05,02-1_FC,O_014_금오,의정부수학학원,1,0,0.0,0
2026-08-05,02-1_FC,O_014_금오,의정부독서실,5,0,0.0,0
2026-08-05,02-1_FC,O_014_금오,금오동과외,1,0,0.0,0
2026-08-05,02-1_FC,O_017_내외,김해국어학원,2,0,0.0,0
2026-08-05,02-1_FC,O_017_내외,김해수학학원,1,0,0.0,0
2026-08-05,02-1_FC,O_017_내외,김해초등영어학원,2,0,0.0,0
2026-08-05,02-1_FC,O_017_내외,김해과외,2,0,0.0,0
2026-08-05,02-1_FC,O_017_내외,김해수학과외,2,0,0.0,0
2026-08-05,02-1_FC,O_017_내외,김해영어과외,14,0,0.0,0
2026-08-05,02-1_FC,O_017_내외,김해국어과외,2,0,0.0,0
2026-08-05,02-1_FC,O_020_다대포,사하구수학과외,1,0,0.0,0
2026-08-05,02-1_FC,O_020_다대포,다대동고등영어학원,1,0,0.0,0
2026-08-05,02-1_FC,O_022_당산,당산영어,3,0,0.0,0
2026-08-05,02-1_FC,O_022_당산,영등포구자기주도학습센터,1,0,0.0,0
2026-08-05,02-1_FC,O_023_대방_1/3,신길수학,1,0,0.0,0
2026-08-05,02-1_FC,O_023_대방_1/3,대방동과외,1,0,0.0,0
2026-08-05,02-1_FC,O_023_대방_1/3,대방동국어학원,1,0,0.0,0
2026-08-05,02-1_FC,O_023_대방_1/3,대방동수학학원,6,0,0.0,0
2026-08-05,02-1_FC,O_023_대방_1/3,상남동국어학원,1,0,0.0,0
2026-08-05,02-1_FC,O_023_대방_1/3,상남동수학과외,1,0,0.0,0
2026-08-05,02-1_FC,O_023_대방_1/3,상남동수학학원,3,0,0.0,0
2026-08-05,02-1_FC,O_023_대방_1/3,상남동영어학원,1,0,0.0,0
2026-08-05,02-1_FC,O_023_대방_1/3,상남동학원,2,0,0.0,0
2026-08-05,02-1_FC,O_029_동춘,동춘동국어학원,55,1,2220.0,0
2026-08-05,02-1_FC,O_029_동춘,동춘동영어학원,133,0,0.0,0
2026-08-05,02-1_FC,O_029_동춘,동춘동수학학원,49,0,0.0,0
2026-08-05,02-1_FC,O_029_동춘,동춘동고등영어학원,3,0,0.0,0
2026-08-05,02-1_FC,O_029_동춘,동춘동고등수학학원,2,0,0.0,0
2026-08-05,02-1_FC,O_029_동춘,동춘동중등국어학원,1,0,0.0,0
2026-08-05,02-1_FC,O_029_동춘,연수구영어과외,13,0,0.0,0
2026-08-05,02-1_FC,O_034_만수,서창동과외,1,0,0.0,0
2026-08-05,02-1_FC,O_034_만수,서창동수학과외,1,0,0.0,0
2026-08-05,02-1_FC,O_034_만수,서창동영어학원,1,0,0.0,0
2026-08-05,02-1_FC,"O_037_명일, 고덕 ",명일동수학학원,3,0,0.0,0
2026-08-05,02-1_FC,"O_037_명일, 고덕 ",명일동중등수학학원,1,0,0.0,0
2026-08-05,02-1_FC,"O_037_명일, 고덕 ",명일동초등영어학원,1,0,0.0,0
2026-08-05,02-1_FC,"O_037_명일, 고덕 ",고덕동과외,2,0,0.0,0
2026-08-05,02-1_FC,"O_037_명일, 고덕 ",고덕동수학과외,1,0,0.0,0
2026-08-05,02-1_FC,"O_037_명일, 고덕 ",하남과외,1,0,0.0,0
2026-08-05,02-1_FC,O_038_명지,명지수학학원,1,0,0.0,0
2026-08-05,02-1_FC,O_038_명지,명지동영어학원,1,0,0.0,0
2026-08-05,02-1_FC,O_038_명지,명지수학과외,1,0,0.0,0
2026-08-05,02-1_FC,O_050_범어,수성구학원,1,0,0.0,0
2026-08-05,02-1_FC,O_050_범어,수성구수학과외,5,0,0.0,0
2026-08-05,02-1_FC,O_050_범어,수성구영어과외,1,0,0.0,0
2026-08-05,02-1_FC,O_050_범어,만촌동수학과외,1,0,0.0,0
2026-08-05,02-1_FC,O_050_범어,수성구윈터스쿨,2,0,0.0,0
2026-08-05,02-1_FC,O_052_봉곡,구미초등수학학원,4,0,0.0,0
2026-08-05,02-1_FC,O_052_봉곡,구미과외,4,0,0.0,0
2026-08-05,02-1_FC,O_052_봉곡,구미영어과외,14,0,0.0,0
2026-08-05,02-1_FC,O_053_봉선,봉선동국어학원,2,0,0.0,0
2026-08-05,02-1_FC,O_053_봉선,봉선동영어학원,46,0,0.0,0
2026-08-05,02-1_FC,O_053_봉선,봉선동수학학원,47,0,0.0,0
2026-08-05,02-1_FC,O_053_봉선,봉선동영어,4,0,0.0,0
2026-08-05,02-1_FC,O_053_봉선,광주봉선동영어학원,4,0,0.0,0
2026-08-05,02-1_FC,O_053_봉선,봉선동영어과외,2,0,0.0,0
2026-08-05,02-1_FC,O_056_부평,부평수학학원,7,0,0.0,0
2026-08-05,02-1_FC,O_056_부평,부평중등수학학원,1,0,0.0,0
2026-08-05,02-1_FC,O_056_부평,부평고등영어학원,3,0,0.0,0
2026-08-05,02-1_FC,O_056_부평,부평과외,5,0,0.0,0
2026-08-05,02-1_FC,O_056_부평,부평국어,1,0,0.0,0
2026-08-05,02-1_FC,O_056_부평,부평수학과외,1,0,0.0,0
2026-08-05,02-1_FC,O_056_부평,부평국어과외,1,0,0.0,0
2026-08-05,02-1_FC,O_070_상동,부천상동영어학원,17,0,0.0,0
2026-08-05,02-1_FC,O_070_상동,부천상동수학학원,4,0,0.0,0
2026-08-05,02-1_FC,O_070_상동,상동영어학원,122,0,0.0,0
2026-08-05,02-1_FC,O_070_상동,상동수학학원,9,0,0.0,0
2026-08-05,02-1_FC,O_070_상동,상동초등영어학원,2,0,0.0,0
2026-08-05,02-1_FC,O_070_상동,상동초등수학학원,1,0,0.0,0
2026-08-05,02-1_FC,O_070_상동,상동고등영어학원,2,0,0.0,0
2026-08-05,02-1_FC,O_070_상동,상동수학,6,0,0.0,0
2026-08-05,02-1_FC,O_070_상동,상동역국어학원,1,0,0.0,0
2026-08-05,02-1_FC,O_070_상동,상동역영어학원,1,0,0.0,0
2026-08-05,02-1_FC,O_070_상동,상동역수학학원,4,0,0.0,0
2026-08-05,02-1_FC,O_070_상동,상동역수학,1,0,0.0,0
2026-08-05,02-1_FC,O_070_상동,부천과학학원추천,3,0,0.0,0
2026-08-05,02-1_FC,O_070_상동,부천영어과외,43,0,0.0,0
2026-08-05,02-1_FC,O_070_상동,상동국어과외,1,0,0.0,0
2026-08-05,02-1_FC,O_070_상동,부천윈터스쿨,2,0,0.0,0
2026-08-05,02-1_FC,O_070_상동,상동윈터스쿨,2,0,0.0,0
2026-08-05,02-1_FC,O_076_서초2,서초동수학학원,3,0,0.0,0
2026-08-05,02-1_FC,O_076_서초2,서초구과외,1,0,0.0,0
2026-08-05,02-1_FC,O_076_서초2,서초구수학과외,2,0,0.0,0
2026-08-05,02-1_FC,O_076_서초2,서초구국어과외,1,0,0.0,0
2026-08-05,02-1_FC,O_076_서초2,서초학원,1,0,0.0,0
2026-08-05,02-1_FC,O_076_서초2,서초수학과외,4,0,0.0,0
2026-08-05,02-1_FC,O_078_센텀,센텀국어학원,1,0,0.0,0
2026-08-05,02-1_FC,O_078_센텀,센텀영어학원,2,0,0.0,0
2026-08-05,02-1_FC,O_078_센텀,센텀수학학원,27,0,0.0,0
2026-08-05,02-1_FC,O_078_센텀,센텀수학,1,0,0.0,0
2026-08-05,02-1_FC,O_078_센텀,재송동수학과외,1,0,0.0,0
2026-08-05,02-1_FC,O_079_송도,송도국어학원,1,0,0.0,0
2026-08-05,02-1_FC,O_079_송도,송도수학학원,57,0,0.0,0
2026-08-05,02-1_FC,O_079_송도,송도독서실,9,0,0.0,0
2026-08-05,02-1_FC,O_079_송도,송도영어학원추천,2,0,0.0,0
2026-08-05,02-1_FC,O_079_송도,송도중등영어학원,1,0,0.0,0
2026-08-05,02-1_FC,O_079_송도,송도과외,6,0,0.0,0
2026-08-05,02-1_FC,O_079_송도,송도영어,65,0,0.0,0
2026-08-05,02-1_FC,O_079_송도,송도수학,7,0,0.0,0
2026-08-05,02-1_FC,O_079_송도,송도종합학원,1,0,0.0,0
2026-08-05,02-1_FC,O_079_송도,송도자기주도학습,1,1,77.0,0
2026-08-05,02-1_FC,O_079_송도,송도수학과외,8,0,0.0,0
2026-08-05,02-1_FC,O_079_송도,송도영어과외,8,0,0.0,0
2026-08-05,02-1_FC,O_079_송도,송도방학특강,2,0,0.0,0
2026-08-05,02-1_FC,O_079_송도,송도윈터스쿨,25,1,2125.0,0
2026-08-05,02-1_FC,O_083_수지,용인과외,1,0,0.0,0
2026-08-05,02-1_FC,O_083_수지,수지학원,1,0,0.0,0
2026-08-05,02-1_FC,O_083_수지,수지영어학원,14,0,0.0,0
2026-08-05,02-1_FC,O_083_수지,수지수학학원,31,0,0.0,0
2026-08-05,02-1_FC,O_083_수지,수지초등수학학원,1,0,0.0,0
2026-08-05,02-1_FC,O_083_수지,수지고등수학학원,3,0,0.0,0
2026-08-05,02-1_FC,O_083_수지,수지중등과학학원,5,0,0.0,0
2026-08-05,02-1_FC,O_083_수지,수지수학과외,1,0,0.0,0
2026-08-05,02-1_FC,O_083_수지,수지영어과외,1,0,0.0,0
2026-08-05,02-1_FC,O_083_수지,풍덕천동수학과외,1,0,0.0,0
2026-08-05,02-1_FC,O_083_수지,수지구청역학원,5,0,0.0,0
2026-08-05,02-1_FC,O_083_수지,수지구청영어학원추천,1,0,0.0,0
2026-08-05,02-1_FC,O_083_수지,수지구청역중등영어학원,1,0,0.0,0
2026-08-05,02-1_FC,O_084_수택,수택동수학학원,1,0,0.0,0
2026-08-05,02-1_FC,O_084_수택,구리과외,1,0,0.0,0
2026-08-05,02-1_FC,O_084_수택,구리고등수학학원,1,0,0.0,0
2026-08-05,02-1_FC,O_084_수택,구리중등수학학원,1,0,0.0,0
2026-08-05,02-1_FC,O_084_수택,구리중등영어학원,9,0,0.0,0
2026-08-05,02-1_FC,O_084_수택,구리수학과외,2,0,0.0,0
2026-08-05,02-1_FC,O_084_수택,구리영어과외,19,0,0.0,0
2026-08-05,02-1_FC,O_084_수택,구리시과외,1,0,0.0,0
2026-08-05,02-1_FC,O_091_양산,양산수학학원,22,0,0.0,0
2026-08-05,02-1_FC,O_091_양산,양산영어학원,117,0,0.0,0
2026-08-05,02-1_FC,O_091_양산,양산중등영어학원,1,0,0.0,0
2026-08-05,02-1_FC,O_091_양산,양산수학,1,0,0.0,0
2026-08-05,02-1_FC,O_091_양산,양산수학과외,2,0,0.0,0
2026-08-05,02-1_FC,O_091_양산,물금수학과외,1,0,0.0,0
2026-08-05,02-1_FC,O_102_월성,대구달서구수학학원,5,0,0.0,0
2026-08-05,02-1_FC,O_102_월성,월성동영어학원,9,0,0.0,0
2026-08-05,02-1_FC,O_102_월성,월성동수학학원,10,0,0.0,0
2026-08-05,02-1_FC,O_102_월성,월성동초등수학학원,2,0,0.0,0
2026-08-05,02-1_FC,O_102_월성,월성동영어,3,0,0.0,0
2026-08-05,02-1_FC,O_102_월성,월성동수학과외,6,0,0.0,0
2026-08-05,02-1_FC,O_104_위례,위례국어학원,4,0,0.0,0
2026-08-05,02-1_FC,O_104_위례,위례영어학원,7,0,0.0,0
2026-08-05,02-1_FC,O_104_위례,위례수학학원,25,0,0.0,0
2026-08-05,02-1_FC,O_104_위례,위례학원추천,1,0,0.0,0
2026-08-05,02-1_FC,O_104_위례,위례국어학원추천,2,0,0.0,0
2026-08-05,02-1_FC,O_104_위례,위례초등영어학원,1,0,0.0,0
2026-08-05,02-1_FC,O_104_위례,위례중등영어학원,1,0,0.0,0
2026-08-05,02-1_FC,O_104_위례,위례중등국어학원,1,0,0.0,0
2026-08-05,02-1_FC,O_104_위례,위례영어,1,0,0.0,0
2026-08-05,02-1_FC,O_104_위례,위례수학과외,1,0,0.0,0
2026-08-05,02-1_FC,O_104_위례,창곡동수학과외,1,0,0.0,0
2026-08-05,02-1_FC,O_105_율하,율하국어학원,1,0,0.0,0
2026-08-05,02-1_FC,O_105_율하,율하고등수학학원,10,0,0.0,0
2026-08-05,02-1_FC,O_105_율하,율하영어,1,0,0.0,0
2026-08-05,02-1_FC,O_105_율하,김해독서실,2,0,0.0,0
2026-08-05,02-1_FC,O_105_율하,율하수학과외,3,0,0.0,0
2026-08-05,02-1_FC,O_107_인천삼산,삼산동수학학원,24,0,0.0,0
2026-08-05,02-1_FC,O_107_인천삼산,삼산동영어학원,4,0,0.0,0
2026-08-05,02-1_FC,O_110_장기,김포학원,3,0,0.0,0
2026-08-05,02-1_FC,O_110_장기,김포수학학원,5,0,0.0,0
2026-08-05,02-1_FC,O_110_장기,김포영어학원추천,2,0,0.0,0
2026-08-05,02-1_FC,O_110_장기,김포과외,5,0,0.0,0
2026-08-05,02-1_FC,O_110_장기,김포수학,2,0,0.0,0
2026-08-05,02-1_FC,O_110_장기,장기동학원,1,0,0.0,0
2026-08-05,02-1_FC,O_110_장기,장기동수학학원,20,0,0.0,0
2026-08-05,02-1_FC,O_110_장기,장기동영어학원,103,0,0.0,0
2026-08-05,02-1_FC,O_110_장기,장기동과외,2,0,0.0,0
2026-08-05,02-1_FC,O_110_장기,장기동수학과외,7,0,0.0,0
2026-08-05,02-1_FC,O_110_장기,장기동영어과외,5,0,0.0,0
2026-08-05,02-1_FC,O_114_제주이도,제주도수학학원,2,0,0.0,0
2026-08-05,02-1_FC,O_114_제주이도,제주영어과외,1,0,0.0,0
2026-08-05,02-1_FC,O_114_제주이도,제주자기주도학습,1,0,0.0,0
2026-08-05,02-1_FC,O_114_제주이도,제주자기주도학습센터,2,0,0.0,0
2026-08-05,02-1_FC,O_118_중동,중동수학학원,1,0,0.0,0
2026-08-05,02-1_FC,O_118_중동,중동중등수학학원,1,0,0.0,0
2026-08-05,02-1_FC,O_118_중동,중동영어과외,1,0,0.0,0
2026-08-05,02-1_FC,O_123_철산,철산과외,1,0,0.0,0
2026-08-05,02-1_FC,O_123_철산,철산동과외,2,0,0.0,0
2026-08-05,02-1_FC,O_123_철산,철산동수학학원,4,0,0.0,0
2026-08-05,02-1_FC,O_125_청라,청라고등영어학원,1,0,0.0,0
2026-08-05,02-1_FC,O_125_청라,청라과외,8,0,0.0,0
2026-08-05,02-1_FC,O_125_청라,청라독서실,4,0,0.0,0
2026-08-05,02-1_FC,O_125_청라,청라수학,13,0,0.0,0
2026-08-05,02-1_FC,O_125_청라,청라수학학원,33,0,0.0,0
2026-08-05,02-1_FC,O_125_청라,청라영어,3,0,0.0,0
2026-08-05,02-1_FC,O_125_청라,청라영어학원,4,0,0.0,0
2026-08-05,02-1_FC,O_125_청라,청라종합학원,1,0,0.0,0
2026-08-05,02-1_FC,O_125_청라,청라중등수학학원,6,0,0.0,0
2026-08-05,02-1_FC,O_125_청라,청라중등영어학원,2,0,0.0,0
2026-08-05,02-1_FC,O_125_청라,청라초등영어학원,1,0,0.0,0
2026-08-05,02-1_FC,O_125_청라,청라과학과외,1,0,0.0,0
2026-08-05,02-1_FC,O_125_청라,청라동영어과외,1,0,0.0,0
2026-08-05,02-1_FC,O_127_침산,침산동학원,2,0,0.0,0
2026-08-05,02-1_FC,O_127_침산,침산동국어학원,19,0,0.0,0
2026-08-05,02-1_FC,O_127_침산,침산동영어학원,31,0,0.0,0
2026-08-05,02-1_FC,O_127_침산,침산동수학학원,17,0,0.0,0
2026-08-05,02-1_FC,O_127_침산,침산동영어학원추천,4,0,0.0,0
2026-08-05,02-1_FC,O_127_침산,침산동초등국어학원,1,0,0.0,0
2026-08-05,02-1_FC,O_127_침산,침산동수학,5,0,0.0,0
2026-08-05,02-1_FC,O_138_황금,지산동수학학원,2,0,0.0,0
2026-08-05,02-1_FC,O_138_황금,지산동영어학원,1,0,0.0,0
2026-08-05,02-1_FC,O_138_황금,지산수학,1,0,0.0,0
2026-08-05,02-1_FC,O_016_남천,남천동학원,2,0,0.0,0
2026-08-05,02-1_FC,O_016_남천,남천동영어학원,16,0,0.0,0
2026-08-05,02-1_FC,O_016_남천,남천동수학학원,3,0,0.0,0
2026-08-05,02-1_FC,O_016_남천,남천동중등영어학원,1,0,0.0,0
2026-08-05,02-1_FC,O_101_운정,파주운정영어학원,1,0,0.0,0
2026-08-05,02-1_FC,O_101_운정,파주운정초등수학학원,3,0,0.0,0
2026-08-05,02-1_FC,O_101_운정,파주운정수학,2,0,0.0,0
2026-08-05,02-1_FC,O_101_운정,운정학원,2,0,0.0,0
2026-08-05,02-1_FC,O_101_운정,운정국어학원,6,0,0.0,0
2026-08-05,02-1_FC,O_101_운정,운정영어학원,7,0,0.0,0
2026-08-05,02-1_FC,O_101_운정,운정수학학원,34,0,0.0,0
2026-08-05,02-1_FC,O_101_운정,운정중등영어학원,9,0,0.0,0
2026-08-05,02-1_FC,O_101_운정,운정과외,3,0,0.0,0
2026-08-05,02-1_FC,O_101_운정,운정수학,6,0,0.0,0
2026-08-05,02-1_FC,O_101_운정,운정수학과외,9,0,0.0,0
2026-08-05,02-1_FC,O_101_운정,운정국어과외,2,0,0.0,0
2026-08-05,02-1_FC,O_101_운정,파주학원,3,0,0.0,0
2026-08-05,02-1_FC,O_101_운정,파주과외,7,0,0.0,0
2026-08-05,02-1_FC,O_101_운정,파주수학과외,2,0,0.0,0
2026-08-05,02-1_FC,O_101_운정,파주영어과외,3,0,0.0,0
2026-08-05,02-1_FC,O_101_운정,파주윈터스쿨,1,0,0.0,0
2026-08-05,02-1_FC,O_055_부산대,부산대학원,9,0,0.0,0
2026-08-05,02-1_FC,O_055_부산대,부산대과외,1,0,0.0,0
2026-08-05,02-1_FC,O_055_부산대,부산대영어,10,0,0.0,0
2026-08-05,02-1_FC,O_055_부산대,부산대수학,12,0,0.0,0
2026-08-05,02-1_FC,O_137_화정,화정과외,2,0,0.0,0
2026-08-05,02-1_FC,O_137_화정,화정동수학,1,0,0.0,0
2026-08-05,02-1_FC,O_137_화정,화정동영수학원,2,0,0.0,0
2026-08-05,02-1_FC,O_137_화정,화정수학학원,1,0,0.0,0
2026-08-05,02-1_FC,O_137_화정,화정영어학원,2,0,0.0,0
2026-08-05,02-1_FC,O_137_화정,행신동학원,1,0,0.0,0
2026-08-05,02-1_FC,O_137_화정,행신동고등수학학원,2,0,0.0,0
2026-08-05,02-1_FC,O_137_화정,행신동수학과외,3,0,0.0,0
2026-08-05,02-1_FC,O_057_분당미금,미금역수학학원,4,0,0.0,0
2026-08-05,02-1_FC,O_057_분당미금,동천동과외,1,0,0.0,0
2026-08-05,02-1_FC,O_057_분당미금,동천학원,2,0,0.0,0
2026-08-05,02-1_FC,O_072_상현,상현동영어학원,1,0,0.0,0
2026-08-05,02-1_FC,O_072_상현,상현동수학학원추천,1,0,0.0,0
2026-08-05,02-1_FC,O_072_상현,상현동초등수학학원,1,0,0.0,0
2026-08-05,02-1_FC,O_072_상현,상현동과외,1,0,0.0,0
2026-08-05,02-1_FC,O_072_상현,상현동수학,1,0,0.0,0
2026-08-05,02-1_FC,O_072_상현,용인시학원,1,0,0.0,0
2026-08-05,02-1_FC,O_096_옥계,옥계영어학원,1,0,0.0,0
2026-08-05,02-1_FC,O_044_민락,민락수학학원,1,0,0.0,0
2026-08-05,02-1_FC,O_044_민락,수영과외,3,0,0.0,0
2026-08-05,02-1_FC,O_044_민락,수영영어,1,0,0.0,0
2026-08-05,02-1_FC,O_032_둔산,둔산영어학원,13,0,0.0,0
2026-08-05,02-1_FC,O_032_둔산,둔산수학학원,1,0,0.0,0
2026-08-05,02-1_FC,O_032_둔산,둔산동학원,9,0,0.0,0
2026-08-05,02-1_FC,O_032_둔산,둔산동국어학원,5,0,0.0,0
2026-08-05,02-1_FC,O_032_둔산,둔산동영어학원,36,0,0.0,0
2026-08-05,02-1_FC,O_032_둔산,둔산동수학학원,24,0,0.0,0
2026-08-05,02-1_FC,O_032_둔산,둔산동초등수학학원,1,0,0.0,0
2026-08-05,02-1_FC,O_032_둔산,둔산동고등영어학원,1,0,0.0,0
2026-08-05,02-1_FC,O_032_둔산,둔산동과외,8,1,2917.0,0
2026-08-05,02-1_FC,O_032_둔산,둔산동국어,4,0,0.0,0
2026-08-05,02-1_FC,O_032_둔산,둔산동수학,1,0,0.0,0
2026-08-05,02-1_FC,O_032_둔산,둔산동영어과외,1,0,0.0,0
2026-08-05,02-1_FC,O_032_둔산,둔산동국어과외,1,0,0.0,0
2026-08-05,02-1_FC,O_031_동탄청계,청계동과외,1,0,0.0,0
2026-08-05,02-1_FC,O_049_방이,방이국어학원,7,0,0.0,0
2026-08-05,02-1_FC,O_049_방이,방이역수학학원,2,0,0.0,0
2026-08-05,02-1_FC,O_049_방이,오금동영어학원,41,0,0.0,0
2026-08-05,02-1_FC,O_049_방이,오금동수학학원,3,0,0.0,0
2026-08-05,02-1_FC,O_049_방이,방이동학원,2,0,0.0,0
2026-08-05,02-1_FC,O_049_방이,방이동고등수학학원,1,0,0.0,0
2026-08-05,02-1_FC,O_049_방이,방이동국어학원추천,1,0,0.0,0
2026-08-05,02-1_FC,O_049_방이,방이동수학과외,9,0,0.0,0
2026-08-05,02-1_FC,O_045_반송,창원영어학원,1,0,0.0,0
2026-08-05,02-1_FC,O_045_반송,창원수학학원,2,0,0.0,0
2026-08-05,02-1_FC,O_028_동백,동백국어학원,2,0,0.0,0
2026-08-05,02-1_FC,O_028_동백,동백수학학원,19,0,0.0,0
2026-08-05,02-1_FC,O_028_동백,동백영어학원,23,0,0.0,0
2026-08-05,02-1_FC,O_028_동백,동백초등영어학원,1,0,0.0,0
2026-08-05,02-1_FC,O_028_동백,동백과외,1,0,0.0,0
2026-08-05,02-1_FC,O_041_무실,원주영어학원,98,0,0.0,0
2026-08-05,02-1_FC,O_041_무실,원주독서실,9,0,0.0,0
2026-08-05,02-1_FC,O_041_무실,무실동학원,1,0,0.0,0
2026-08-05,02-1_FC,O_041_무실,원주영어과외,1,0,0.0,0
2026-08-05,02-1_FC,O_041_무실,원주국어과외,3,0,0.0,0
2026-08-05,02-1_FC,O_041_무실,무실동영어과외,1,0,0.0,0
2026-08-05,02-1_FC,O_041_무실,원주시학원,1,0,0.0,0
2026-08-05,02-1_FC,O_019_논현,인천논현학원,1,0,0.0,0
2026-08-05,02-1_FC,O_019_논현,인천논현역수학학원,2,0,0.0,0
2026-08-05,02-1_FC,O_019_논현,인천논현동국어학원,2,0,0.0,0
2026-08-05,02-1_FC,O_019_논현,인천논현동영어학원,6,0,0.0,0
2026-08-05,02-1_FC,O_019_논현,인천논현동수학학원,18,0,0.0,0
2026-08-05,02-1_FC,O_019_논현,인천논현동과외,1,0,0.0,0
2026-08-05,02-1_FC,O_019_논현,인천논현동영어,8,0,0.0,0
2026-08-05,02-1_FC,O_019_논현,논현동종합학원,1,0,0.0,0
2026-08-05,02-1_FC,O_019_논현,남동구수학과외,2,0,0.0,0
2026-08-05,02-1_FC,O_019_논현,고잔동중등수학학원,4,0,0.0,0
2026-08-05,02-1_FC,O_019_논현,고잔동중등영어학원,1,0,0.0,0
2026-08-05,02-1_FC,O_103_월평,월평동영어학원,19,0,0.0,0
2026-08-05,02-1_FC,O_103_월평,월평동수학학원,2,0,0.0,0
2026-08-05,02-1_FC,O_103_월평,대전학원,11,0,0.0,0
2026-08-05,02-1_FC,O_103_월평,대전과외,6,1,1850.0,0
2026-08-05,02-1_FC,O_103_월평,대전수학과외,2,0,0.0,0
2026-08-05,02-1_FC,O_103_월평,대전영어과외,30,0,0.0,0
2026-08-05,02-1_FC,O_103_월평,대전과학과외,1,0,0.0,0
2026-08-05,02-1_FC,O_018_노은,지족동영어,1,0,0.0,0
2026-08-05,02-1_FC,O_018_노은,노은영어,1,0,0.0,0
2026-08-05,02-1_FC,O_099_용호_1/2,남천동수학학원,5,0,0.0,0
2026-08-05,02-1_FC,O_099_용호_1/2,남천동영어학원,1,0,0.0,0
2026-08-05,02-1_FC,O_099_용호_1/2,대연동수학학원,2,0,0.0,0
2026-08-05,02-1_FC,O_099_용호_1/2,대연동국어학원,3,0,0.0,0
2026-08-05,02-1_FC,O_099_용호_1/2,대연동자기주도학습,1,0,0.0,0
2026-08-05,02-1_FC,O_099_용호_1/2,대연동과외,1,0,0.0,0
2026-08-05,02-1_FC,O_099_용호_1/2,대연동수학과외,1,0,0.0,0
2026-08-05,02-1_FC,O_099_용호_1/2,대연동영어과외,1,0,0.0,0
2026-08-05,02-1_FC,O_136_화명2,화명동중등수학학원,2,0,0.0,0
2026-08-05,02-1_FC,O_136_화명2,화명동중등영어학원,2,0,0.0,0
2026-08-05,02-1_FC,O_136_화명2,화명동영어과외,1,0,0.0,0
2026-08-05,02-1_FC,O_136_화명2,화명동수학학원,5,0,0.0,0
2026-08-05,02-1_FC,O_136_화명2,화명동국어학원,5,0,0.0,0
2026-08-05,02-1_FC,O_136_화명2,화명동영어학원,51,0,0.0,0
2026-08-05,02-1_FC,O_136_화명2,화명수학학원,2,0,0.0,0
2026-08-05,02-1_FC,O_136_화명2,화명영어학원,2,0,0.0,0
2026-08-05,02-1_FC,O_098_왕지,순천과외,3,0,0.0,0
2026-08-05,02-1_FC,O_036_명륜,온천장수학학원,1,0,0.0,0
2026-08-05,02-1_FC,O_036_명륜,명륜학원,1,0,0.0,0
2026-08-05,02-1_FC,O_065_사직,동래과외,1,0,0.0,0
2026-08-05,02-1_FC,O_065_사직,동래수학,1,0,0.0,0
2026-08-05,02-1_FC,O_065_사직,사직수학,1,0,0.0,0
2026-08-05,02-1_FC,O_065_사직,사직동영어학원,19,0,0.0,0
2026-08-05,02-1_FC,O_065_사직,사직동수학학원,9,0,0.0,0
2026-08-05,02-1_FC,O_065_사직,사직동학습코칭,1,0,0.0,0
2026-08-05,02-1_FC,O_065_사직,동래수학과외,1,0,0.0,0
2026-08-05,02-1_FC,O_092_양정,부산진구과외,2,0,0.0,0
2026-08-05,02-1_FC,O_092_양정,부산진구영어과외,1,0,0.0,0
2026-08-05,02-1_FC,O_092_양정,양정동영어과외,1,0,0.0,0
2026-08-05,02-1_FC,O_111_전농,동대문구과외,1,0,0.0,0
2026-08-05,02-1_FC,O_111_전농,동대문구수학과외,2,0,0.0,0
2026-08-05,02-1_FC,O_111_전농,동대문과외,4,0,0.0,0
2026-08-05,02-1_FC,O_111_전농,전농동과외,1,0,0.0,0
2026-08-05,02-1_FC,O_111_전농,장안동과외,1,0,0.0,0
2026-08-05,02-1_FC,O_111_전농,장안동국어과외,1,0,0.0,0
2026-08-05,02-1_FC,O_111_전농,동대문윈터스쿨,1,0,0.0,0
2026-08-05,02-1_FC,O_069_상계,상계동과외,1,0,0.0,0
2026-08-05,02-1_FC,O_069_상계,상계동영어,1,0,0.0,0
2026-08-05,02-1_FC,O_069_상계,노원구학원,2,0,0.0,0
2026-08-05,02-1_FC,O_069_상계,노원구과외,3,0,0.0,0
2026-08-05,02-1_FC,O_069_상계,노원구수학과외,2,0,0.0,0
2026-08-05,02-1_FC,O_069_상계,노원구진학상담,1,0,0.0,0
2026-08-05,02-1_FC,O_069_상계,노원학원,1,0,0.0,0
2026-08-05,02-1_FC,O_069_상계,노원공부방,1,0,0.0,0
2026-08-05,02-1_FC,O_069_상계,노원과외,5,0,0.0,0
2026-08-05,02-1_FC,O_069_상계,노원영어과외,1,0,0.0,0
2026-08-05,02-1_FC,O_069_상계,노원역학원,4,0,0.0,0
2026-08-05,02-1_FC,O_051_보라매,영등포구과외,2,0,0.0,0
2026-08-05,02-1_FC,O_051_보라매,영등포과외,4,0,0.0,0
2026-08-05,02-1_FC,O_051_보라매,신길동수학과외,1,0,0.0,0
2026-08-05,02-1_FC,O_093_연신내,은평구영어학원추천,1,0,0.0,0
2026-08-05,02-1_FC,O_093_연신내,은평구수학과외,3,0,0.0,0
2026-08-05,02-1_FC,O_093_연신내,은평구영어과외,2,0,0.0,0
2026-08-05,02-1_FC,O_093_연신내,은평구국어과외,1,0,0.0,0
2026-08-05,02-1_FC,O_093_연신내,진관동고등영어학원,1,0,0.0,0
2026-08-05,02-1_FC,O_093_연신내,은평구윈터스쿨,1,0,0.0,0
2026-08-05,02-1_FC,O_001_가좌,가좌동영어학원,22,0,0.0,0
2026-08-05,02-1_FC,O_001_가좌,홍은동영어학원,20,0,0.0,0
2026-08-05,02-1_FC,O_001_가좌,신사동수학과외,1,0,0.0,0
2026-08-05,02-1_FC,O_061_분당이매,이매동보습학원,1,0,0.0,0
2026-08-05,02-1_FC,O_061_분당이매,이매동과외,1,0,0.0,0
2026-08-05,02-1_FC,O_061_분당이매,이매동고등수학학원,1,0,0.0,0
2026-08-05,02-1_FC,O_061_분당이매,이매동고등영어학원,1,0,0.0,0
2026-08-05,02-1_FC,O_061_분당이매,이매동수학과외,1,0,0.0,0
2026-08-05,02-1_FC,O_088_쌍용,천안학원,12,0,0.0,0
2026-08-05,02-1_FC,O_088_쌍용,천안국어학원,9,0,0.0,0
2026-08-05,02-1_FC,O_088_쌍용,천안영어학원,15,0,0.0,0
2026-08-05,02-1_FC,O_088_쌍용,천안수학학원,2,0,0.0,0
2026-08-05,02-1_FC,O_088_쌍용,천안과외,3,0,0.0,0
2026-08-05,02-1_FC,O_088_쌍용,천안영어,14,0,0.0,0
2026-08-05,02-1_FC,O_088_쌍용,쌍용학원,1,0,0.0,0
2026-08-05,02-1_FC,O_088_쌍용,천안수학과외,4,0,0.0,0
2026-08-05,02-1_FC,O_088_쌍용,천안영어과외,20,0,0.0,0
2026-08-05,02-1_FC,O_088_쌍용,쌍용동과외,3,0,0.0,0
2026-08-05,02-1_FC,O_088_쌍용,쌍용동중등수학학원,1,0,0.0,0
2026-08-05,02-1_FC,O_088_쌍용,불당동학원,1,0,0.0,0
2026-08-05,02-1_FC,O_088_쌍용,불당영어학원추천,2,0,0.0,0
2026-08-05,02-1_FC,O_025_대치한티,한티역영어학원,8,0,0.0,0
2026-08-05,02-1_FC,O_025_대치한티,한티역수학학원,7,0,0.0,0
2026-08-05,02-1_FC,O_025_대치한티,대치동학원,1,0,0.0,0
2026-08-05,02-1_FC,O_025_대치한티,대치동국어학원,11,0,0.0,0
2026-08-05,02-1_FC,O_025_대치한티,대치동수학학원,11,0,0.0,0
2026-08-05,02-1_FC,O_025_대치한티,대치동독서실,1,0,0.0,0
2026-08-05,02-1_FC,O_025_대치한티,대치동국어학원추천,1,0,0.0,0
2026-08-05,02-1_FC,O_025_대치한티,대치동초등영어학원,3,0,0.0,0
2026-08-05,02-1_FC,O_025_대치한티,대치동초등수학학원,21,0,0.0,0
2026-08-05,02-1_FC,O_025_대치한티,대치동중등영어학원,16,0,0.0,0
2026-08-05,02-1_FC,O_025_대치한티,대치동중등수학학원,21,0,0.0,0
2026-08-05,02-1_FC,O_025_대치한티,대치동고등수학학원,27,0,0.0,0
2026-08-05,02-1_FC,O_025_대치한티,대치동고등국어학원,1,0,0.0,0
2026-08-05,02-1_FC,O_025_대치한티,대치동과외,1,0,0.0,0
2026-08-05,02-1_FC,O_025_대치한티,대치동국어,31,0,0.0,0
2026-08-05,02-1_FC,O_025_대치한티,대치동영어,96,0,0.0,0
2026-08-05,02-1_FC,O_025_대치한티,대치동수학,2,0,0.0,0
2026-08-05,02-1_FC,O_143_장유,장유수학과외,1,0,0.0,0
2026-08-05,02-1_FC,O_128_테크노,관평동학원,1,0,0.0,0
2026-08-05,02-1_FC,O_128_테크노,관평동국어학원,3,0,0.0,0
2026-08-05,02-1_FC,O_128_테크노,관평동영어학원,13,1,3135.0,0
2026-08-05,02-1_FC,O_128_테크노,관평동수학학원,2,0,0.0,0
2026-08-05,02-1_FC,O_128_테크노,유성구과외,1,0,0.0,0
2026-08-05,02-1_FC,O_128_테크노,관평동수학과외,3,0,0.0,0
2026-08-05,02-1_FC,O_128_테크노,전민동영어과외,1,0,0.0,0
2026-08-05,02-1_FC,O_062_분평_1/2,청주학원,2,0,0.0,0
2026-08-05,02-1_FC,O_062_분평_1/2,청주과외,3,0,0.0,0
2026-08-05,02-1_FC,O_062_분평_1/2,청주수학과외,19,0,0.0,0
2026-08-05,02-1_FC,O_062_분평_1/2,청주영어과외,2,0,0.0,0
2026-08-05,02-1_FC,O_062_분평_1/2,청주국어과외,1,0,0.0,0
2026-08-05,02-1_FC,O_062_분평_1/2,청주진로상담,1,0,0.0,0
2026-08-05,02-1_FC,O_062_분평_2/2,청주윈터스쿨,1,0,0.0,0
2026-08-05,02-1_FC,O_048_방배,방배동영어학원,8,0,0.0,0
2026-08-05,02-1_FC,O_048_방배,방배동수학학원,10,0,0.0,0
2026-08-05,02-1_FC,O_048_방배,사당동과외,1,0,0.0,0
2026-08-05,02-1_FC,O_145_하남미사,하남학원,2,0,0.0,0
2026-08-05,02-1_FC,O_145_하남미사,하남과외,2,0,0.0,0
2026-08-05,02-1_FC,O_145_하남미사,하남수학과외,1,0,0.0,0
2026-08-05,02-1_FC,O_145_하남미사,강일동과외,1,0,0.0,0
2026-08-05,02-1_FC,O_145_하남미사,강일동국어과외,2,0,0.0,0
2026-08-05,02-1_FC,O_145_하남미사,하남시수학과외,1,0,0.0,0
2026-08-05,02-1_FC,O_145_하남미사,미사고등수학학원,3,0,0.0,0
2026-08-05,02-1_FC,O_145_하남미사,미사수학과외,1,0,0.0,0
2026-08-05,02-1_FC,O_145_하남미사,풍산동과외,5,0,0.0,0
2026-08-05,02-1_FC,O_145_하남미사,풍산동수학학원추천,1,0,0.0,0
2026-08-05,02-1_FC,O_145_하남미사,미사강변학원,9,0,0.0,0
2026-08-05,02-1_FC,O_149_서강,마포과외,1,0,0.0,0
2026-08-05,02-1_FC,O_149_서강,마포입시학원,1,0,0.0,0
2026-08-05,02-1_FC,O_149_서강,신수동수학과외,1,0,0.0,0
2026-08-05,02-1_FC,O_150_잠실새내_1/2,송파고등수학학원,1,0,0.0,0
2026-08-05,02-1_FC,O_150_잠실새내_1/2,송파윈터스쿨,5,0,0.0,0
2026-08-05,02-1_FC,O_150_잠실새내_1/2,송파썸머스쿨,1,0,0.0,0
2026-08-05,02-1_FC,O_150_잠실새내_1/2,송파입시학원,3,0,0.0,0
2026-08-05,02-1_FC,O_150_잠실새내_1/2,잠실관리형독서실,1,0,0.0,0
2026-08-05,02-1_FC,O_150_잠실새내_1/2,송파구관리형독서실,3,0,0.0,0
2026-08-05,02-1_FC,O_150_잠실새내_1/2,송파과외,3,0,0.0,0
2026-08-05,02-1_FC,O_150_잠실새내_1/2,송파구과외,2,0,0.0,0
2026-08-05,02-1_FC,O_150_잠실새내_1/2,송파구국어과외,1,0,0.0,0
2026-08-05,02-1_FC,O_150_잠실새내_1/2,송파구수학과외,1,0,0.0,0
2026-08-05,02-1_FC,O_150_잠실새내_1/2,송파구수학학원,1,0,0.0,0
2026-08-05,02-1_FC,O_150_잠실새내_1/2,송파구영어학원,22,0,0.0,0
2026-08-05,02-1_FC,O_150_잠실새내_1/2,송파구학원,3,0,0.0,0
2026-08-05,02-1_FC,O_150_잠실새내_1/2,송파국어학원,1,0,0.0,0
2026-08-05,02-1_FC,O_150_잠실새내_1/2,송파동수학학원,1,0,0.0,0
2026-08-05,02-1_FC,O_150_잠실새내_1/2,송파수학학원,6,0,0.0,0
2026-08-05,02-1_FC,O_150_잠실새내_1/2,송파영어과외,1,0,0.0,0
2026-08-05,02-1_FC,O_150_잠실새내_1/2,송파영어학원,60,0,0.0,0
2026-08-05,02-1_FC,O_150_잠실새내_1/2,송파학원,4,0,0.0,0
2026-08-05,02-1_FC,O_150_잠실새내_1/2,잠실과외,3,0,0.0,0
2026-08-05,02-1_FC,O_150_잠실새내_1/2,잠실수학학원,16,0,0.0,0
2026-08-05,02-1_FC,O_150_잠실새내_1/2,잠실영어학원,5,0,0.0,0
2026-08-05,02-1_FC,O_150_잠실새내_1/2,잠실학원,2,0,0.0,0
2026-08-05,02-1_FC,O_150_잠실새내_1/2,송파종합학원,1,0,0.0,0
2026-08-05,02-1_FC,O_151_원효_1/3,용산관리형독서실,1,0,0.0,0
2026-08-05,02-1_FC,O_151_원효_1/3,용산과외,1,0,0.0,0
2026-08-05,02-1_FC,O_151_원효_1/3,용산구과외,1,0,0.0,0
2026-08-05,02-1_FC,O_151_원효_1/3,용산구수학과외,1,0,0.0,0
2026-08-05,02-1_FC,O_151_원효_1/3,용산영어학원,1,0,0.0,0
2026-08-05,02-1_FC,O_151_원효_2/3,용산동과학학원,1,0,0.0,0
2026-08-05,02-1_FC,O_151_원효_2/3,용산동국어학원,1,0,0.0,0
2026-08-05,02-1_FC,O_152_남동탄_1/2,산척동고등수학학원,1,0,0.0,0
2026-08-05,02-1_FC,O_152_남동탄_1/2,산척동수학학원,8,0,0.0,0
2026-08-05,02-1_FC,O_152_남동탄_1/2,중앙학원,1,0,0.0,0
2026-08-05,02-1_FC,O_152_남동탄_1/2,남동탄수학학원,14,0,0.0,0
2026-08-05,02-1_FC,O_152_남동탄_1/2,동탄중국어학원,3,0,0.0,0
2026-08-05,02-1_FC,O_027_돈암_1/3,종암동중등수학학원,2,0,0.0,0
2026-08-05,02-1_FC,O_027_돈암_1/3,돈암영어학원,2,0,0.0,0
2026-08-05,02-1_FC,O_027_돈암_1/3,돈암동영어학원,8,0,0.0,0
2026-08-05,02-1_FC,O_027_돈암_1/3,동소문동영어학원,1,0,0.0,0
2026-08-05,02-1_FC,O_064_사우_1/2,사우동고등수학학원,2,0,0.0,0
2026-08-05,02-1_FC,O_064_사우_1/2,풍무동고등수학학원,1,0,0.0,0
2026-08-05,02-1_FC,O_064_사우_1/2,북변동영어과외,1,0,0.0,0
2026-08-05,02-1_FC,O_064_사우_1/2,풍무동학원,1,0,0.0,0
2026-08-05,02-1_FC,O_064_사우_1/2,풍무동수학학원,10,0,0.0,0
2026-08-05,02-1_FC,O_064_사우_1/2,풍무동영어학원,49,0,0.0,0
2026-08-05,02-1_FC,O_064_사우_1/2,풍무동국어학원,1,0,0.0,0
2026-08-05,02-1_FC,O_064_사우_1/2,사우동학원,6,0,0.0,0
2026-08-05,02-1_FC,O_064_사우_1/2,사우동과외,2,0,0.0,0
2026-08-05,02-1_FC,O_064_사우_1/2,사우동수학학원,15,0,0.0,0
2026-08-05,02-1_FC,O_064_사우_1/2,사우동과학학원,1,0,0.0,0
2026-08-05,02-1_FC,O_064_사우_1/2,풍무동입시학원,1,0,0.0,0
2026-08-05,02-1_FC,O_064_사우_1/2,사우동입시,1,0,0.0,0
2026-08-05,02-1_FC,O_027_돈암_2/3,경신중중간고사,1,0,0.0,0
2026-08-05,02-1_FC,O_027_돈암_3/3,계성고기출,1,0,0.0,0
2026-08-05,02-1_FC,O_064_사우_2/2,김포중국어학원,1,0,0.0,0
2026-08-05,02-1_FC,O_023_대방_3/3,울산중국어학원,9,0,0.0,0
2026-08-05,02-1_FC,O_099_용호_2/2,분포고학원,1,0,0.0,0
2026-08-05,02-1_FC,O_153_상도_2/2,당곡고내신,5,0,0.0,0
2026-08-05,02-1_FC,O_153_상도_2/2,동작고내신,2,0,0.0,0
2026-08-05,02-1_FC,O_153_상도_2/2,동작고수학,2,0,0.0,0
2026-08-05,02-1_FC,O_153_상도_2/2,숭의여고국어학원,1,0,0.0,0
2026-08-05,02-1_FC,O_153_상도_2/2,숭의여고내신,1,0,0.0,0
2026-08-05,02-1_FC,O_153_상도_2/2,사당중수학,1,0,0.0,0
2026-08-05,02-1_FC,O_155_다산_1/2,다산국어학원,1,0,0.0,0
2026-08-05,02-1_FC,O_155_다산_1/2,다산동과외,3,0,0.0,0
2026-08-05,02-1_FC,O_155_다산_1/2,다산동수학과외,2,0,0.0,0
2026-08-05,02-1_FC,O_155_다산_1/2,다산동수학학원,3,0,0.0,0
2026-08-05,02-1_FC,O_155_다산_1/2,다산동영어학원,1,0,0.0,0
2026-08-05,02-1_FC,O_155_다산_1/2,다산수학학원,36,0,0.0,0
2026-08-05,02-1_FC,O_155_다산_1/2,다산신도시수학학원,1,0,0.0,0
2026-08-05,02-1_FC,O_155_다산_1/2,다산신도시영어학원,2,0,0.0,0
2026-08-05,02-1_FC,O_155_다산_1/2,다산영어과외,2,0,0.0,0
2026-08-05,02-1_FC,O_155_다산_1/2,다산영어학원,1,0,0.0,0
2026-08-05,02-1_FC,O_155_다산_1/2,다산중등수학학원,1,0,0.0,0
2026-08-05,02-1_FC,O_155_다산_1/2,다산중등영어학원,1,0,0.0,0
2026-08-05,02-1_FC,O_155_다산_1/2,다산학원,6,0,0.0,0
2026-08-05,02-1_FC,O_156_광주화정_2/3,금호중앙여고영어학원,1,0,0.0,0
2026-08-05,02-1_FC,O_156_광주화정_1/3,광주입시,3,0,0.0,0
2026-08-05,02-1_FC,O_156_광주화정_1/3,광주관리형독서실,12,0,0.0,0
2026-08-05,02-1_FC,O_156_광주화정_1/3,광주고등과외,1,0,0.0,0
2026-08-05,02-1_FC,O_156_광주화정_1/3,광주국어과외,1,0,0.0,0
2026-08-05,02-1_FC,O_156_광주화정_1/3,광주수학과외,4,0,0.0,0
2026-08-05,02-1_FC,O_156_광주화정_1/3,광주영어과외,15,0,0.0,0
2026-08-05,02-1_FC,O_156_광주화정_1/3,광주중학생학원,1,0,0.0,0
2026-08-05,02-1_FC,O_156_광주화정_1/3,화정동과외,1,0,0.0,0
2026-08-05,02-1_FC,O_156_광주화정_1/3,화정동국어과외,1,0,0.0,0
2026-08-05,02-1_FC,O_156_광주화정_1/3,화정동수학학원,8,0,0.0,0
2026-08-05,02-1_FC,O_156_광주화정_1/3,화정동영수학원,2,0,0.0,0
2026-08-05,02-1_FC,O_156_광주화정_1/3,화정동영어학원,2,0,0.0,0
2026-08-05,02-1_FC,O_156_광주화정_1/3,화정역수학학원,1,0,0.0,0
2026-08-05,02-1_FC,O_156_광주화정_3/3,서초과학학원,1,0,0.0,0
2026-08-05,02-1_FC,O_158_광명소하,소하동국어과외,1,0,0.0,0
2026-08-05,02-1_FC,O_158_광명소하,소하동수학과외,2,0,0.0,0
2026-08-05,02-1_FC,O_158_광명소하,소하동에듀플렉스,1,0,0.0,0
2026-08-05,02-1_FC,O_158_광명소하,시흥동수학과외,1,0,0.0,0
2026-08-05,02-1_FC,O_158_광명소하,시흥동수학학원,2,0,0.0,0
2026-08-05,02-1_FC,O_158_광명소하,광명과외,5,0,0.0,0
2026-08-05,02-1_FC,O_158_광명소하,광명관리형독서실,1,0,0.0,0
2026-08-05,02-1_FC,O_158_광명소하,광명국어과외,1,0,0.0,0
2026-08-05,02-1_FC,O_158_광명소하,광명수학과외,1,0,0.0,0
2026-08-05,02-1_FC,O_159_광명하안,하안동수학,3,0,0.0,0
2026-08-05,02-1_FC,O_159_광명하안,하안동수학학원,2,0,0.0,0
2026-08-05,02-1_FC,O_159_광명하안,광명수학과외,5,0,0.0,0
2026-08-05,02-1_FC,O_160_단구,원주과외,7,0,0.0,0
2026-08-05,02-1_FC,O_160_단구,원주관리형독서실,15,0,0.0,0
2026-08-05,02-1_FC,O_160_단구,원주수학학원,3,0,0.0,0
2026-08-05,02-1_FC,O_160_단구,원주학원,3,0,0.0,0
2026-08-05,02-1_FC,O_160_단구,원주기숙학원,5,0,0.0,0
2026-08-05,02-1_FC,O_161_분당정자,정자동과학학원,3,0,0.0,0
2026-08-05,02-1_FC,O_161_분당정자,정자동관리형독서실,2,0,0.0,0
2026-08-05,02-1_FC,O_161_분당정자,정자동국어학원,1,0,0.0,0
2026-08-05,02-1_FC,O_161_분당정자,정자동수학학원추천,1,0,0.0,0
2026-08-05,02-1_FC,O_161_분당정자,정자동영어과외,2,0,0.0,0
2026-08-05,02-1_FC,O_161_분당정자,정자역국어학원,1,0,0.0,0
2026-08-05,02-1_FC,O_162_불당,불당관리형독서실,1,0,0.0,0
2026-08-05,02-1_FC,O_162_불당,불당수학학원,3,0,0.0,0
2026-08-05,02-1_FC,O_162_불당,불당동과학학원,2,0,0.0,0
2026-08-05,02-1_FC,O_162_불당,불당동관리형독서실,3,0,0.0,0
2026-08-05,02-1_FC,O_162_불당,불당동수학학원,16,0,0.0,0
2026-08-05,02-1_FC,O_162_불당,불당동영어학원,29,0,0.0,0
2026-08-05,02-1_FC,O_162_불당,천안고등과외,1,0,0.0,0
2026-08-05,02-1_FC,O_162_불당,천안과외,1,0,0.0,0
2026-08-05,02-1_FC,O_162_불당,천안과학학원,2,0,0.0,0
2026-08-05,02-1_FC,O_162_불당,천안관리형독서실,6,0,0.0,0
2026-08-05,02-1_FC,O_162_불당,천안국어학원,1,0,0.0,0
2026-08-05,02-1_FC,O_162_불당,천안수시컨설팅,2,0,0.0,0
2026-08-05,02-1_FC,O_162_불당,천안영어학원,9,0,0.0,0
2026-08-05,02-1_FC,O_162_불당,천안학원,3,0,0.0,0
2026-08-05,02-1_FC,O_165_유니시티,유니시티수학학원,2,0,0.0,0
2026-08-05,02-1_FC,O_165_유니시티,창원수학과외,2,0,0.0,0
2026-08-05,02-1_FC,O_165_유니시티,창원수학학원,3,0,0.0,0
2026-08-05,02-1_FC,O_165_유니시티,창원에듀플렉스,1,0,0.0,0
2026-08-05,02-1_FC,O_165_유니시티,창원영어과외,19,0,0.0,0
2026-08-05,02-1_FC,O_165_유니시티,창원영어학원,1,0,0.0,0
2026-08-05,02-1_FC,O_165_유니시티,창원윈터스쿨,1,0,0.0,0
2026-08-05,02-1_FC,O_165_유니시티,창원입시상담,7,0,0.0,0
2026-08-05,02-1_FC,O_165_유니시티,창원기숙학원,3,0,0.0,0
2026-08-05,02-1_FC,O_163_송촌,송촌동국어학원,1,0,0.0,0
2026-08-05,02-1_FC,O_163_송촌,송촌동수학과외,1,0,0.0,0
2026-08-05,02-1_FC,O_163_송촌,송촌동수학학원,7,0,0.0,0
2026-08-05,02-1_FC,O_163_송촌,송촌동에듀플렉스,2,0,0.0,0
2026-08-05,02-1_FC,O_163_송촌,송촌동영어학원,16,0,0.0,0
2026-08-05,02-1_FC,O_163_송촌,중리동수학과외,1,0,0.0,0
2026-08-05,02-1_FC,O_168_도안,도안영어전문학원,2,0,0.0,0
2026-08-05,02-1_FC,O_168_도안,원신흥동수학학원,3,0,0.0,0
2026-08-05,02-1_FC,O_168_도안,유성온천역영어학원,1,0,0.0,0
2026-08-05,02-1_FC,O_168_도안,도안학원,1,0,0.0,0
2026-08-05,02-1_FC,O_169_분당정자,정자동관리형독서실,2,0,0.0,0
2026-08-05,02-1_FC,O_170_송파역,송파동수학학원,2,0,0.0,0
2026-08-05,02-1_FC,O_171_개포점,도곡동영어과외,3,0,0.0,0
2026-08-05,02-1_FC,O_171_개포점,개포동학원,1,0,0.0,0
2026-08-05,02-1_FC,O_171_개포점,개포동과외,4,0,0.0,0
2026-08-05,02-1_FC,O_171_개포점,개포동중등수학학원,1,0,0.0,0
2026-08-05,02-1_FC,O_172_산곡점,산곡동과학과외,1,0,0.0,0
2026-08-05,02-1_FC,O_172_산곡점,가좌동학원,3,0,0.0,0
2026-08-05,02-1_FC,O_172_산곡점,가좌동영어과외,3,0,0.0,0
2026-08-05,02-1_FC,O_172_산곡점,십정동과외,1,0,0.0,0
2026-08-05,02-1_FC,O_172_산곡점,인천학원,3,0,0.0,0
2026-08-05,02-1_FC,O_174_하계점,하계동학원,1,0,0.0,0
2026-08-05,02-1_FC,O_174_하계점,중계동학원,1,0,0.0,0
2026-08-05,02-1_FC,O_174_하계점,중계동학원추천,2,0,0.0,0
2026-08-05,02-1_FC,O_174_하계점,월계동학원,3,0,0.0,0
2026-08-05,02-1_FC,O_174_하계점,중계동입시학원,2,0,0.0,0
2026-08-05,02-1_FC,O_174_하계점,중계동입시상담,2,0,0.0,0
2026-08-05,02-1_FC,O_173_등촌점,가양동학원,1,0,0.0,0
2026-08-05,02-1_FC,O_173_등촌점,염창동학원,11,0,0.0,0
2026-08-05,02-1_FC,O_173_등촌점,염창동국영수학원,1,0,0.0,0
2026-08-05,02-1_FC,O_175_별내점,별내동영수학원,1,0,0.0,0
2026-08-05,02-1_FC,O_176_문화점,오류동국어학원,1,0,0.0,0
2026-08-05,02-1_FC,O_176_문화점,은행동영어학원,1,0,0.0,0
2026-08-05,02-1_FC,O_182_행당점,왕십리영어학원,2,0,0.0,0
2026-08-05,02-1_FC,O_189_고척점,광명동국어학원,1,0,0.0,0
2026-08-05,02-1_FC,O_185_첨단1점,양산동영어학원,11,0,0.0,0
2026-08-05,02-1_FC,O_184_비전점,비전동수학학원,18,0,0.0,0
2026-08-05,02-1_FC,O_184_비전점,비전동국어학원,1,0,0.0,0
2026-08-05,02-1_FC,O_184_비전점,비전동내신대비,1,0,0.0,0
2026-08-05,02-1_FC,O_184_비전점,동삭동국어학원,1,0,0.0,0
2026-08-05,02-1_FC,O_184_비전점,평택역영어학원,1,0,0.0,0
2026-08-05,02-1_FC,O_184_비전점,세교동수학학원,1,0,0.0,0
2026-08-05,02-1_FC,O_184_비전점,세교동영어학원,1,0,0.0,0
2026-08-05,02-1_FC,O_183_신정점,고척동영어학원,2,0,0.0,0
2026-08-05,02-1_FC,O_181_주엽점,주엽동수학학원,1,0,0.0,0
2026-08-05,02-1_FC,O_181_주엽점,주엽동영어학원,2,0,0.0,0
2026-08-05,02-1_FC,O_181_주엽점,주엽동국어학원,5,0,0.0,0
2026-08-05,02-1_FC,O_181_주엽점,장항동영어학원,1,0,0.0,0
2026-08-05,02-1_FC,O_180_마곡점,마곡국어학원,1,0,0.0,0
2026-08-05,02-1_FC,O_180_마곡점,마곡역영어학원,1,0,0.0,0
2026-08-05,02-1_FC,O_180_마곡점,마곡나루수학학원,2,0,0.0,0
2026-08-05,02-1_FC,O_180_마곡점,마곡나루영어학원,1,0,0.0,0
2026-08-05,02-1_FC,O_178_진관점,진관동수학학원,2,0,0.0,0
2026-08-05,02-1_FC,O_178_진관점,진관동영어학원,2,0,0.0,0
2026-08-05,02-1_FC,O_178_진관점,동산동수학학원,1,0,0.0,0
2026-08-05,02-1_FC,O_179_신갈점,신갈동영어학원,1,0,0.0,0
2026-08-05,02-1_FC,O_179_신갈점,구갈동영어학원,9,0,0.0,0
2026-08-05,02-1_FC,O_179_신갈점,신갈역영어학원,3,0,0.0,0
2026-08-05,02-1_FC,O_179_신갈점,상갈동영어학원,1,0,0.0,0
2026-08-05,02-1_FC,O_177_운양점,운양동학원,3,0,0.0,0
2026-08-05,02-1_FC,O_177_운양점,운양동수학학원,6,0,0.0,0
2026-08-05,02-1_FC,O_177_운양점,운양동영어학원,19,0,0.0,0
2026-08-05,09_진로진학,진로진학_PC,상상코치,4,0,0.0,0
2026-08-05,09_진로진학,진로진학_PC,아이기질검사,2,0,0.0,0
2026-08-05,09_진로진학,진로진학_PC,지문적성검사,1,0,0.0,0
2026-08-05,09_진로진학,진로진학_PC,직업적성검사,8,0,0.0,0
2026-08-05,09_진로진학,진로진학_PC,진로,13,0,0.0,0
2026-08-05,09_진로진학,진로진학_PC,진로검사,2,0,0.0,0
2026-08-05,09_진로진학,진로진학_PC,진로교육,1,0,0.0,0
2026-08-05,09_진로진학,진로진학_PC,진로상담,2,0,0.0,0
2026-08-05,09_진로진학,진로진학_PC,진로상담사,2,0,0.0,0
2026-08-05,09_진로진학,진로진학_PC,진로적성검사,2,0,0.0,0
2026-08-05,09_진로진학,진로진학_PC,진로탐색,1,0,0.0,0
2026-08-05,09_진로진학,진로진학_PC,청소년상담,4,0,0.0,0
2026-08-05,09_진로진학,진로진학_MO,진로,1,0,0.0,0
2026-08-05,09_진로진학,진로진학_MO,진로검사,1,0,0.0,0
2026-08-05,09_진로진학,진로진학_MO,진로교육,1,0,0.0,0
2026-08-05,09_진로진학,진로진학_MO,진로상담,7,0,0.0,0
2026-08-05,09_진로진학,진로진학_MO,진로적성검사,2,0,0.0,0
2026-08-05,09_진로진학,진로진학_MO,진로찾기,1,0,0.0,0
2026-08-05,09_진로진학,진로진학_MO,상상코치,2,0,0.0,0
2026-08-05,09_진로진학,진로진학_MO,아이기질검사,3,0,0.0,0
2026-08-05,09_진로진학,진로진학_MO,지문적성검사,1,0,0.0,0
2026-08-05,09_진로진학,진로진학_MO,직업상담,3,0,0.0,0
2026-08-05,09_진로진학,진로진학_MO,진로상담사,1,0,0.0,0
2026-08-05,00_브랜드,01 브랜드,에듀코치,16,0,0.0,0
2026-08-05,00_브랜드,01 브랜드,에듀플렉스,311,8,7667.0,0
2026-08-05,00_브랜드,01 브랜드,에듀플렉스과학,3,0,0.0,0
2026-08-05,00_브랜드,01 브랜드,에듀플렉스수학,3,0,0.0,0
2026-08-05,00_브랜드,01 브랜드,에듀플렉스영어,1,0,0.0,0
2026-08-05,00_브랜드,01 브랜드,에듀플렉스중학생,1,0,0.0,0
2026-08-05,00_브랜드,01 브랜드,에듀플렉스초등학생,1,0,0.0,0
2026-08-05,00_브랜드,01 브랜드,에듀플렉스후기,5,0,0.0,0
2026-08-05,00_브랜드,01 브랜드,에듀코치개별지도,93,0,0.0,0
2026-08-05,00_브랜드,01 브랜드,구리에듀플렉스,2,0,0.0,0
2026-08-05,00_브랜드,01 브랜드,대전에듀플렉스,2,0,0.0,0
2026-08-05,00_브랜드,01 브랜드,에듀플렉스개별지도,1,0,0.0,0
2026-08-05,00_브랜드,01 브랜드,에듀플렉스고등,2,0,0.0,0
2026-08-05,00_브랜드,01 브랜드,에듀플렉스국어,1,0,0.0,0
2026-08-05,00_브랜드,01 브랜드,에듀플렉스매니저,1,0,0.0,0
2026-08-05,00_브랜드,01 브랜드,에듀플렉스초등,2,0,0.0,0
2026-08-05,00_브랜드,01 브랜드,에듀플렉스학습매니저,2,0,0.0,0
2026-08-05,00_브랜드,01 브랜드,에듀플렉스학원,2,0,0.0,0
2026-08-05,00_브랜드,01 브랜드,천안에듀플렉스,1,0,0.0,0
2026-08-05,00_브랜드,01 브랜드,VLT,10,0,0.0,0
2026-08-05,00_브랜드,01 브랜드,강서구에듀플렉스,1,1,71.0,0
2026-08-05,00_브랜드,01 브랜드,에듀플렉스청담,1,0,0.0,0
2026-08-05,00_브랜드,01 브랜드,학습유형검사,51,0,0.0,0
2026-08-05,00_브랜드,01 브랜드,학습전략검사,3,0,0.0,0
2026-08-05,00_브랜드,01 브랜드,에듀플렉스가격,7,0,0.0,0
2026-08-05,03_에듀코치_PC,01_시험,수능공부,1,0,0.0,0
2026-08-05,03_에듀코치_PC,01_시험,모의고사,101,0,0.0,0
2026-08-05,03_에듀코치_PC,01_시험,중간고사,1,0,0.0,0
2026-08-05,03_에듀코치_PC,01_시험,기말고사,2,0,0.0,0
2026-08-05,03_에듀코치_PC,02_시험조합_1/2,시험대비,2,0,0.0,0
2026-08-05,03_에듀코치_PC,02_시험조합_1/2,중3국어공부,1,0,0.0,0
2026-08-05,03_에듀코치_PC,02_시험조합_1/2,고등학생국어공부,1,0,0.0,0
2026-08-05,03_에듀코치_PC,02_시험조합_1/2,중1수학공부,3,0,0.0,0
2026-08-05,03_에듀코치_PC,02_시험조합_1/2,중3수학공부,1,0,0.0,0
2026-08-05,03_에듀코치_PC,02_시험조합_1/2,중학생수학공부,1,0,0.0,0
2026-08-05,03_에듀코치_PC,02_시험조합_1/2,영어공부,2,0,0.0,0
2026-08-05,03_에듀코치_PC,02_시험조합_1/2,중2영어공부,2,0,0.0,0
2026-08-05,03_에듀코치_PC,02_시험조합_1/2,고등영어공부,2,0,0.0,0
2026-08-05,03_에듀코치_PC,02_시험조합_1/2,중1공부,1,0,0.0,0
2026-08-05,03_에듀코치_PC,02_시험조합_1/2,중등공부,2,0,0.0,0
2026-08-05,03_에듀코치_PC,02_시험조합_1/2,중3수학공부법,1,0,0.0,0
2026-08-05,03_에듀코치_PC,02_시험조합_1/2,중2영어공부법,1,0,0.0,0
2026-08-05,03_에듀코치_PC,02_시험조합_1/2,중1공부법,1,0,0.0,0
2026-08-05,03_에듀코치_PC,02_시험조합_1/2,중학생공부법,2,0,0.0,0
2026-08-05,03_에듀코치_PC,02_시험조합_1/2,수학학습,1,0,0.0,0
2026-08-05,03_에듀코치_PC,02_시험조합_1/2,영어학습,49,0,0.0,0
2026-08-05,03_에듀코치_PC,02_시험조합_1/2,학습,19,0,0.0,0
2026-08-05,03_에듀코치_PC,02_시험조합_1/2,중등국어,4,0,0.0,0
2026-08-05,03_에듀코치_PC,02_시험조합_1/2,고1국어,1,0,0.0,0
2026-08-05,03_에듀코치_PC,02_시험조합_1/2,고등국어,1,0,0.0,0
2026-08-05,03_에듀코치_PC,02_시험조합_1/2,중1수학,5,0,0.0,0
2026-08-05,03_에듀코치_PC,02_시험조합_1/2,중3수학,5,0,0.0,0
2026-08-05,03_에듀코치_PC,02_시험조합_1/2,중학생수학,8,0,0.0,0
2026-08-05,03_에듀코치_PC,02_시험조합_1/2,고1수학,1,0,0.0,0
2026-08-05,03_에듀코치_PC,02_시험조합_1/2,영어,28,0,0.0,0
2026-08-05,03_에듀코치_PC,02_시험조합_1/2,중2영어,1,0,0.0,0
2026-08-05,03_에듀코치_PC,02_시험조합_1/2,중학생영어,5,0,0.0,0
2026-08-05,03_에듀코치_PC,02_시험조합_1/2,고3영어,2,0,0.0,0
2026-08-05,03_에듀코치_PC,02_시험조합_1/2,예비고3공부,2,0,0.0,0
2026-08-05,03_에듀코치_PC,02_시험조합_1/2,중등영어내신,1,0,0.0,0
2026-08-05,03_에듀코치_PC,02_시험조합_1/2,고등수학공부법,1,0,0.0,0
2026-08-05,03_에듀코치_PC,02_시험조합_1/2,수학내신대비,1,0,0.0,0
2026-08-05,03_에듀코치_PC,02_시험조합_1/2,국어기출,1,0,0.0,0
2026-08-05,03_에듀코치_PC,02_시험조합_1/2,고3국어기출,1,0,0.0,0
2026-08-05,03_에듀코치_PC,02_시험조합_1/2,수학기출,2,0,0.0,0
2026-08-05,03_에듀코치_PC,02_시험조합_1/2,중3수학기출,1,0,0.0,0
2026-08-05,03_에듀코치_PC,02_시험조합_1/2,영어기출,1,0,0.0,0
2026-08-05,03_에듀코치_PC,02_시험조합_1/2,고1영어기출,1,0,0.0,0
2026-08-05,03_에듀코치_PC,02_시험조합_1/2,국어시험,1,0,0.0,0
2026-08-05,03_에듀코치_PC,02_시험조합_1/2,수학시험,2,0,0.0,0
2026-08-05,03_에듀코치_PC,02_시험조합_1/2,영어시험,2,0,0.0,0
2026-08-05,03_에듀코치_PC,02_시험조합_2/2,중3사회,2,0,0.0,0
2026-08-05,03_에듀코치_PC,02_시험조합_2/2,중등사회,5,0,0.0,0
2026-08-05,03_에듀코치_PC,02_시험조합_2/2,중등,3,0,0.0,0
2026-08-05,03_에듀코치_PC,02_시험조합_2/2,중1과학,1,0,0.0,0
2026-08-05,03_에듀코치_PC,02_시험조합_2/2,중학생과학,3,0,0.0,0
2026-08-05,03_에듀코치_PC,02_시험조합_2/2,고등영어내신,1,0,0.0,0
2026-08-05,03_에듀코치_PC,02_시험조합_2/2,사회내신,1,0,0.0,0
2026-08-05,03_에듀코치_PC,02_시험조합_2/2,중학생내신,1,0,0.0,0
2026-08-05,03_에듀코치_PC,02_시험조합_2/2,과학내신,1,0,0.0,0
2026-08-05,03_에듀코치_PC,02_시험조합_2/2,고2과학내신,1,0,0.0,0
2026-08-05,03_에듀코치_PC,02_시험조합_2/2,고2내신,4,0,0.0,0
2026-08-05,03_에듀코치_PC,02_시험조합_2/2,고3내신,1,0,0.0,0
2026-08-05,03_에듀코치_PC,02_시험조합_2/2,고등수학내신,2,0,0.0,0
2026-08-05,03_에듀코치_PC,02_시험조합_2/2,중1과학내신대비,17,0,0.0,0
2026-08-05,03_에듀코치_PC,02_시험조합_2/2,고등영어기출,1,0,0.0,0
2026-08-05,03_에듀코치_PC,02_시험조합_2/2,시험,7,0,0.0,0
2026-08-05,03_에듀코치_PC,02_시험조합_2/2,중학생시험,3,0,0.0,0
2026-08-05,03_에듀코치_PC,03_학원_1/2,고1국어,1,0,0.0,0
2026-08-05,03_에듀코치_PC,03_학원_1/2,사회,11,0,0.0,0
2026-08-05,03_에듀코치_PC,03_학원_1/2,중3사회,2,0,0.0,0
2026-08-05,03_에듀코치_PC,03_학원_1/2,수학,17,0,0.0,0
2026-08-05,03_에듀코치_PC,03_학원_1/2,중2수학,1,0,0.0,0
2026-08-05,03_에듀코치_PC,03_학원_1/2,고1수학,8,0,0.0,0
2026-08-05,03_에듀코치_PC,03_학원_1/2,중등영어,4,0,0.0,0
2026-08-05,03_에듀코치_PC,03_학원_1/2,중학생과학,1,0,0.0,0
2026-08-05,03_에듀코치_PC,03_학원_1/2,고등학생과학,1,0,0.0,0
2026-08-05,03_에듀코치_PC,03_학원_1/2,중등,2,0,0.0,0
2026-08-05,03_에듀코치_PC,03_학원_1/2,전과목,2,0,0.0,0
2026-08-05,03_에듀코치_PC,03_학원_1/2,수학학원,4,0,0.0,0
2026-08-05,03_에듀코치_PC,03_학원_1/2,영어학원,6,0,0.0,0
2026-08-05,03_에듀코치_PC,03_학원_1/2,수학학원추천,2,0,0.0,0
2026-08-05,03_에듀코치_PC,03_학원_1/2,영어학원추천,1,0,0.0,0
2026-08-05,03_에듀코치_PC,03_학원_1/2,수학전문학원,1,0,0.0,0
2026-08-05,03_에듀코치_PC,03_학원_1/2,소수정예,8,1,1379.0,0
2026-08-05,03_에듀코치_PC,03_학원_2/2,고2수학,1,0,0.0,0
2026-08-05,03_에듀코치_PC,03_학원_2/2,고3수학,2,0,0.0,0
2026-08-05,03_에듀코치_PC,03_학원_2/2,중1내신대비,1,0,0.0,0
2026-08-05,03_에듀코치_PC,03_학원_2/2,중등내신대비,3,0,0.0,0
2026-08-05,03_에듀코치_MO,01_시험,기말고사준비,2,0,0.0,0
2026-08-05,03_에듀코치_MO,01_시험,수능공부,1,0,0.0,0
2026-08-05,03_에듀코치_MO,01_시험,기말공부,1,0,0.0,0
2026-08-05,03_에듀코치_MO,01_시험,기말고사대비,3,0,0.0,0
2026-08-05,03_에듀코치_MO,01_시험,기말대비,2,0,0.0,0
2026-08-05,03_에듀코치_MO,01_시험,기말고사공부법,1,0,0.0,0
2026-08-05,03_에듀코치_MO,01_시험,모의고사,1,0,0.0,0
2026-08-05,03_에듀코치_MO,01_시험,중간고사,1,0,0.0,0
2026-08-05,03_에듀코치_MO,01_시험,기말고사,1,0,0.0,0
2026-08-05,03_에듀코치_MO,01_시험,수학능력시험,13,0,0.0,0
2026-08-05,03_에듀코치_MO,01_시험,서술형,7,0,0.0,0
2026-08-05,03_에듀코치_MO,02_시험조합_1/2,수학시험대비,32,0,0.0,0
2026-08-05,03_에듀코치_MO,02_시험조합_1/2,시험대비,1,0,0.0,0
2026-08-05,03_에듀코치_MO,02_시험조합_1/2,예비중1국어공부,3,0,0.0,0
2026-08-05,03_에듀코치_MO,02_시험조합_1/2,고등국어공부,5,0,0.0,0
2026-08-05,03_에듀코치_MO,02_시험조합_1/2,예비고3국어공부,1,0,0.0,0
2026-08-05,03_에듀코치_MO,02_시험조합_1/2,중등수학공부,1,0,0.0,0
2026-08-05,03_에듀코치_MO,02_시험조합_1/2,예비중1수학공부,10,0,0.0,0
2026-08-05,03_에듀코치_MO,02_시험조합_1/2,영어공부,3,0,0.0,0
2026-08-05,03_에듀코치_MO,02_시험조합_1/2,중학생영어공부,11,0,0.0,0
2026-08-05,03_에듀코치_MO,02_시험조합_1/2,고등영어공부,58,0,0.0,0
2026-08-05,03_에듀코치_MO,02_시험조합_1/2,예비고3영어공부,6,0,0.0,0
2026-08-05,03_에듀코치_MO,02_시험조합_1/2,사회공부,3,0,0.0,0
2026-08-05,03_에듀코치_MO,02_시험조합_1/2,중2공부,8,0,0.0,0
2026-08-05,03_에듀코치_MO,02_시험조합_1/2,중등공부,3,0,0.0,0
2026-08-05,03_에듀코치_MO,02_시험조합_1/2,예비중1공부,13,0,0.0,0
2026-08-05,03_에듀코치_MO,02_시험조합_1/2,중학생공부,13,0,0.0,0
2026-08-05,03_에듀코치_MO,02_시험조합_1/2,중학생국어공부법,1,0,0.0,0
2026-08-05,03_에듀코치_MO,02_시험조합_1/2,예비고1국어공부법,4,0,0.0,0
2026-08-05,03_에듀코치_MO,02_시험조합_1/2,예비고3국어공부법,1,0,0.0,0
2026-08-05,03_에듀코치_MO,02_시험조합_1/2,고등학생국어공부법,7,0,0.0,0
2026-08-05,03_에듀코치_MO,02_시험조합_1/2,중3영어공부법,1,0,0.0,0
2026-08-05,03_에듀코치_MO,02_시험조합_1/2,고등영어공부법,38,0,0.0,0
2026-08-05,03_에듀코치_MO,02_시험조합_1/2,고등학생영어공부법,3,0,0.0,0
2026-08-05,03_에듀코치_MO,02_시험조합_1/2,중등공부법,4,0,0.0,0
2026-08-05,03_에듀코치_MO,02_시험조합_1/2,예비중1공부법,3,0,0.0,0
2026-08-05,03_에듀코치_MO,02_시험조합_1/2,고등국어학습,10,0,0.0,0
2026-08-05,03_에듀코치_MO,02_시험조합_1/2,예비고1국어학습,2,0,0.0,0
2026-08-05,03_에듀코치_MO,02_시험조합_1/2,사회학습,3,0,0.0,0
2026-08-05,03_에듀코치_MO,02_시험조합_1/2,고등시험대비,1,0,0.0,0
2026-08-05,03_에듀코치_MO,02_시험조합_1/2,국어,42,0,0.0,0
2026-08-05,03_에듀코치_MO,02_시험조합_1/2,고1국어,50,0,0.0,0
2026-08-05,03_에듀코치_MO,02_시험조합_1/2,고2국어,94,0,0.0,0
2026-08-05,03_에듀코치_MO,02_시험조합_1/2,수학,203,0,0.0,0
2026-08-05,03_에듀코치_MO,02_시험조합_1/2,고2국영수,2,0,0.0,0
2026-08-05,03_에듀코치_MO,02_시험조합_1/2,영어,40,0,0.0,0
2026-08-05,03_에듀코치_MO,02_시험조합_1/2,고1영어,9,0,0.0,0
2026-08-05,03_에듀코치_MO,02_시험조합_1/2,예비고3공부,5,0,0.0,0
2026-08-05,03_에듀코치_MO,02_시험조합_1/2,고등수학공부,44,0,0.0,0
2026-08-05,03_에듀코치_MO,02_시험조합_1/2,예비고3수학공부,17,0,0.0,0
2026-08-05,03_에듀코치_MO,02_시험조합_1/2,고1국어내신,2,0,0.0,0
2026-08-05,03_에듀코치_MO,02_시험조합_1/2,고3국어내신,30,0,0.0,0
2026-08-05,03_에듀코치_MO,02_시험조합_1/2,고등국어내신,19,0,0.0,0
2026-08-05,03_에듀코치_MO,02_시험조합_1/2,고1수학내신,22,0,0.0,0
2026-08-05,03_에듀코치_MO,02_시험조합_1/2,중등영어내신,1,0,0.0,0
2026-08-05,03_에듀코치_MO,02_시험조합_1/2,고1영어내신,11,0,0.0,0
2026-08-05,03_에듀코치_MO,02_시험조합_1/2,고2영어내신,6,0,0.0,0
2026-08-05,03_에듀코치_MO,02_시험조합_1/2,고3영어내신,16,0,0.0,0
2026-08-05,03_에듀코치_MO,02_시험조합_1/2,예비고3공부법,4,0,0.0,0
2026-08-05,03_에듀코치_MO,02_시험조합_1/2,고등수학공부법,16,0,0.0,0
2026-08-05,03_에듀코치_MO,02_시험조합_1/2,예비고3수학공부법,2,0,0.0,0
2026-08-05,03_에듀코치_MO,02_시험조합_1/2,국어내신대비,4,0,0.0,0
2026-08-05,03_에듀코치_MO,02_시험조합_1/2,고2국어내신대비,2,0,0.0,0
2026-08-05,03_에듀코치_MO,02_시험조합_1/2,고등국어내신대비,33,0,0.0,0
2026-08-05,03_에듀코치_MO,02_시험조합_1/2,영어내신대비,11,0,0.0,0
2026-08-05,03_에듀코치_MO,02_시험조합_1/2,고3영어내신대비,31,0,0.0,0
2026-08-05,03_에듀코치_MO,02_시험조합_1/2,과학학습,5,0,0.0,0
2026-08-05,03_에듀코치_MO,02_시험조합_1/2,국어기출,12,0,0.0,0
2026-08-05,03_에듀코치_MO,02_시험조합_1/2,고등국어기출,5,0,0.0,0
2026-08-05,03_에듀코치_MO,02_시험조합_1/2,수학기출,25,0,0.0,0
2026-08-05,03_에듀코치_MO,02_시험조합_1/2,영어기출,22,0,0.0,0
2026-08-05,03_에듀코치_MO,02_시험조합_1/2,국어시험,19,0,0.0,0
2026-08-05,03_에듀코치_MO,02_시험조합_1/2,고등국어시험,1,0,0.0,0
2026-08-05,03_에듀코치_MO,02_시험조합_1/2,고1수학시험,11,0,0.0,0
2026-08-05,03_에듀코치_MO,02_시험조합_1/2,영어시험,3,0,0.0,0
2026-08-05,03_에듀코치_MO,03_학원_1/2,중학생영어,43,1,1682.0,0
2026-08-05,03_에듀코치_MO,03_학원_1/2,고등영어,5,0,0.0,0
2026-08-05,03_에듀코치_MO,03_학원_1/2,수학학원,4,0,0.0,0
2026-08-05,03_에듀코치_MO,02_시험조합_2/2,고등영어내신,1,0,0.0,0
2026-08-05,03_에듀코치_MO,02_시험조합_2/2,고1사회내신,1,0,0.0,0
2026-08-05,03_에듀코치_MO,02_시험조합_2/2,중3내신,3,0,0.0,0
2026-08-05,03_에듀코치_MO,02_시험조합_2/2,중학생내신,2,0,0.0,0
2026-08-05,03_에듀코치_MO,02_시험조합_2/2,과학내신,1,0,0.0,0
2026-08-05,03_에듀코치_MO,02_시험조합_2/2,고3내신,1,0,0.0,0
2026-08-05,03_에듀코치_MO,02_시험조합_2/2,고등내신,134,0,0.0,0
2026-08-05,05_여름시즌_MO,03_캠프+기숙학원,썸머캠프,1,0,0.0,0
2026-08-05,05_여름시즌_MO,03_캠프+기숙학원,여름캠프,18,0,0.0,0
2026-08-05,05_여름시즌_MO,03_캠프+기숙학원,방학캠프,6,0,0.0,0
2026-08-05,05_여름시즌_MO,03_캠프+기숙학원,청소년캠프,17,0,0.0,0
2026-08-05,05_여름시즌_MO,03_캠프+기숙학원,여름방학캠프,10,0,0.0,0
2026-08-05,05_여름시즌_MO,03_캠프+기숙학원,중등방학캠프,1,0,0.0,0
2026-08-05,05_여름시즌_MO,03_캠프+기숙학원,중학생캠프,4,0,0.0,0
2026-08-05,05_여름시즌_MO,03_캠프+기숙학원,자기주도학습캠프,1,0,0.0,0
2026-08-05,05_여름시즌_MO,03_캠프+기숙학원,기숙학원썸머스쿨,1,0,0.0,0
2026-08-05,05_여름시즌_MO,03_캠프+기숙학원,중학생방학캠프,1,0,0.0,0
2026-08-05,05_여름시즌_MO,03_캠프+기숙학원,중등기숙학원,4,0,0.0,0
2026-08-05,05_여름시즌_MO,03_캠프+기숙학원,고3기숙학원,1,0,0.0,0
2026-08-05,05_여름시즌_MO,03_캠프+기숙학원,중3기숙학원,2,0,0.0,0
2026-08-05,05_여름시즌_MO,03_캠프+기숙학원,중2기숙학원,2,0,0.0,0
2026-08-05,05_여름시즌_MO,01_썸머스쿨,썸머스쿨,102,1,829.0,0
2026-08-05,05_여름시즌_PC,01_썸머스쿨,썸머스쿨,739,0,0.0,0
2026-08-05,05_여름시즌_PC,01_썸머스쿨,고3썸머스쿨,1,0,0.0,0
2026-08-05,05_여름시즌_PC,03_캠프+기숙학원,썸머캠프,24,0,0.0,0
2026-08-05,05_여름시즌_PC,03_캠프+기숙학원,여름캠프,15,0,0.0,0
2026-08-05,05_여름시즌_PC,03_캠프+기숙학원,방학캠프,9,0,0.0,0
2026-08-05,05_여름시즌_PC,03_캠프+기숙학원,청소년캠프,23,0,0.0,0
2026-08-05,05_여름시즌_PC,03_캠프+기숙학원,여름방학캠프,7,0,0.0,0
2026-08-05,05_여름시즌_PC,03_캠프+기숙학원,중학생여름방학캠프,42,0,0.0,0
2026-08-05,05_여름시즌_PC,03_캠프+기숙학원,중등여름방학캠프,7,0,0.0,0
2026-08-05,05_여름시즌_PC,03_캠프+기숙학원,중등방학캠프,1,0,0.0,0
2026-08-05,05_여름시즌_PC,03_캠프+기숙학원,고등학생여름방학캠프,8,0,0.0,0
2026-08-05,05_여름시즌_PC,03_캠프+기숙학원,고등여름방학캠프,7,0,0.0,0
2026-08-05,05_여름시즌_PC,03_캠프+기숙학원,고등학생캠프,34,0,0.0,0
2026-08-05,05_여름시즌_PC,03_캠프+기숙학원,중학생캠프,2,0,0.0,0
2026-08-05,05_여름시즌_PC,03_캠프+기숙학원,중학교캠프,1,0,0.0,0
2026-08-05,05_여름시즌_PC,03_캠프+기숙학원,자기주도학습캠프,16,0,0.0,0
2026-08-05,05_여름시즌_PC,03_캠프+기숙학원,기숙학원썸머스쿨,13,0,0.0,0
2026-08-05,05_여름시즌_PC,03_캠프+기숙학원,수학캠프,3,0,0.0,0
2026-08-05,05_여름시즌_PC,03_캠프+기숙학원,중학생방학캠프,14,0,0.0,0
2026-08-05,05_여름시즌_PC,03_캠프+기숙학원,방학기숙학원,6,0,0.0,0
2026-08-05,05_여름시즌_PC,03_캠프+기숙학원,고등기숙학원,16,0,0.0,0
2026-08-05,05_여름시즌_PC,03_캠프+기숙학원,중등기숙학원,47,0,0.0,0
2026-08-05,05_여름시즌_PC,03_캠프+기숙학원,고3기숙학원,39,0,0.0,0
2026-08-05,05_여름시즌_PC,03_캠프+기숙학원,고2기숙학원,1,0,0.0,0
2026-08-05,05_여름시즌_PC,03_캠프+기숙학원,고1기숙학원,15,0,0.0,0
2026-08-05,05_여름시즌_PC,03_캠프+기숙학원,중2기숙학원,11,0,0.0,0
2026-08-05,05_여름시즌_PC,03_캠프+기숙학원,썸머스쿨기숙학원,3,0,0.0,0
2026-08-05,05_여름시즌_PC,03_캠프+기숙학원,재학생기숙학원,10,0,0.0,0
2026-08-05,06_초등_MO,01_자기주도학습,초등자기주도학습,1,0,0.0,0
2026-08-05,06_초등_MO,01_자기주도학습,초등공부,19,0,0.0,0
2026-08-05,06_초등_MO,01_자기주도학습,초등수행평가,1,0,0.0,0
2026-08-05,06_초등_MO,03_인강/과외,초5과외,4,0,0.0,0
2026-08-05,06_초등_MO,03_인강/과외,초5수학과외,1,0,0.0,0
2026-08-05,06_초등_MO,03_인강/과외,초5인강,2,0,0.0,0
2026-08-05,06_초등_PC,03_인강/과외,초등공부방,14,0,0.0,0
2026-08-05,06_초등_PC,03_인강/과외,초등영어과외,11,0,0.0,0
2026-08-05,06_초등_PC,03_인강/과외,초등영어인강,16,0,0.0,0
2026-08-05,06_초등_PC,03_인강/과외,초등학생과외,6,0,0.0,0
2026-08-05,06_초등_PC,03_인강/과외,초등학생인강수업,1,0,0.0,0
2026-08-05,06_초등_PC,03_인강/과외,초등학생영어인강,12,0,0.0,0
2026-08-05,06_초등_PC,01_자기주도학습,초등학생자기주도학습,1,0,0.0,0
2026-08-05,06_초등_PC,01_자기주도학습,초등학습,1,0,0.0,0
2026-08-05,06_초등_PC,01_자기주도학습,초등수행평가,2,0,0.0,0
2026-08-05,08_중등_MO,01_자기주도학습,중학생학습,3,0,0.0,0
2026-08-05,08_중등_MO,01_자기주도학습,중등학습코칭,1,0,0.0,0
2026-08-05,08_중등_MO,01_자기주도학습,중등공부,1,0,0.0,0
2026-08-05,08_중등_MO,01_자기주도학습,중학교자기주도학습,4,0,0.0,0
2026-08-05,08_중등_MO,02_학원,중3영어,3,0,0.0,0
2026-08-05,08_중등_MO,02_학원,중등학원,5,0,0.0,0
2026-08-05,08_중등_MO,02_학원,중등종합학원,1,0,0.0,0
2026-08-05,08_중등_MO,02_학원,중등전문학원,24,1,398.0,0
2026-08-05,08_중등_MO,02_학원,중등영어,2,0,0.0,0
2026-08-05,08_중등_MO,02_학원,중등수학학원,21,0,0.0,0
2026-08-05,08_중등_MO,02_학원,중등국어학원,8,0,0.0,0
2026-08-05,08_중등_MO,02_학원,중등과학학원,8,0,0.0,0
2026-08-05,08_중등_MO,02_학원,중학교영어학원,1,0,0.0,0
2026-08-05,08_중등_MO,02_학원,중1영어학원,2,0,0.0,0
2026-08-05,08_중등_MO,02_학원,예비중1수학,4,0,0.0,0
2026-08-05,08_중등_MO,02_학원,예비중1영어,1,0,0.0,0
2026-08-05,08_중등_MO,02_학원,중학생학원,6,0,0.0,0
2026-08-05,08_중등_MO,02_학원,중학생수학,5,0,0.0,0
2026-08-05,08_중등_MO,02_학원,중학생수학학원,2,0,0.0,0
2026-08-05,08_중등_MO,02_학원,중2학원,1,0,0.0,0
2026-08-05,08_중등_MO,02_학원,중2수학,1,0,0.0,0
2026-08-05,08_중등_MO,02_학원,중2영어학원,3,0,0.0,0
2026-08-05,08_중등_MO,04_중학교 내신,중학교내신,1862,5,5755.0,0
2026-08-05,08_중등_MO,04_중학교 내신,중학교수행평가,2,0,0.0,0
2026-08-05,08_중등_PC,01_자기주도학습,중학생학습코칭,1,0,0.0,0
2026-08-05,08_중등_PC,01_자기주도학습,중학생공부,2,0,0.0,0
2026-08-05,08_중등_PC,01_자기주도학습,중학생학습,2,0,0.0,0
2026-08-05,08_중등_PC,01_자기주도학습,중등자기주도학습,1,0,0.0,0
2026-08-05,08_중등_PC,01_자기주도학습,중등공부,8,0,0.0,0
2026-08-05,08_중등_PC,01_자기주도학습,중등학습,2,0,0.0,0
2026-08-05,08_중등_PC,01_자기주도학습,중학교자기주도학습,12,0,0.0,0
2026-08-05,08_중등_PC,01_자기주도학습,중학교공부,7,0,0.0,0
2026-08-05,08_중등_PC,02_학원,중3영어,1,0,0.0,0
2026-08-05,08_중등_PC,02_학원,중등수학학원,21,0,0.0,0
2026-08-05,08_중등_PC,02_학원,중등영어학원,105,0,0.0,0
2026-08-05,08_중등_PC,02_학원,중학교영어,1,0,0.0,0
2026-08-05,08_중등_PC,02_학원,중학교영어학원,6,0,0.0,0
2026-08-05,08_중등_PC,02_학원,중학생영어학원,29,0,0.0,0
2026-08-05,08_중등_PC,02_학원,중2수학,4,0,0.0,0
2026-08-05,08_중등_PC,02_학원,중2영어,1,0,0.0,0
2026-08-05,08_중등_PC,02_학원,종합학원,14,0,0.0,0
2026-08-05,08_중등_PC,03_인강/과외,중3과외,36,0,0.0,0
2026-08-05,08_중등_PC,03_인강/과외,중3영어과외,14,0,0.0,0
2026-08-05,08_중등_PC,03_인강/과외,중3인강,10,0,0.0,0
2026-08-05,08_중등_PC,03_인강/과외,중3수학인강,1,0,0.0,0
2026-08-05,08_중등_PC,03_인강/과외,중3국어인강,1,0,0.0,0
2026-08-05,08_중등_PC,03_인강/과외,중3영어인강,6,0,0.0,0
2026-08-05,08_중등_PC,03_인강/과외,중등공부방,3,0,0.0,0
2026-08-05,08_중등_PC,03_인강/과외,중등영어과외,8,0,0.0,0
2026-08-05,08_중등_PC,03_인강/과외,중등과학과외,3,0,0.0,0
2026-08-05,08_중등_PC,03_인강/과외,중등인강,11,0,0.0,0
2026-08-05,08_중등_PC,03_인강/과외,중등수학인강,7,0,0.0,0
2026-08-05,08_중등_PC,03_인강/과외,중등국어인강,92,0,0.0,0
2026-08-05,08_중등_PC,03_인강/과외,중등영어인강,4,0,0.0,0
2026-08-05,08_중등_PC,03_인강/과외,중학생공부방,1,0,0.0,0
2026-08-05,08_중등_PC,03_인강/과외,중학생과외,2,0,0.0,0
2026-08-05,08_중등_PC,03_인강/과외,중학생영어과외,49,0,0.0,0
2026-08-05,08_중등_PC,03_인강/과외,중학생국어과외,5,1,985.0,0
2026-08-05,08_중등_PC,03_인강/과외,중학생인강,11,0,0.0,0
2026-08-05,08_중등_PC,03_인강/과외,중학생수학인강,10,0,0.0,0
2026-08-05,08_중등_PC,03_인강/과외,중학생영어인강,1,0,0.0,0
2026-08-05,08_중등_PC,03_인강/과외,중학교공부방,1,0,0.0,0
2026-08-05,08_중등_PC,03_인강/과외,중학교영어과외,26,0,0.0,0
2026-08-05,08_중등_PC,03_인강/과외,중학교국어과외,2,0,0.0,0
2026-08-05,08_중등_PC,03_인강/과외,중학교과학과외,68,0,0.0,0
2026-08-05,08_중등_PC,03_인강/과외,중학교인강,66,0,0.0,0
2026-08-05,08_중등_PC,03_인강/과외,중학교수학인강,1,0,0.0,0
2026-08-05,08_중등_PC,03_인강/과외,중학교영어인강,4,0,0.0,0
2026-08-05,08_중등_PC,03_인강/과외,중1영어과외,10,0,0.0,0
2026-08-05,08_중등_PC,03_인강/과외,중1국어과외,1,0,0.0,0
2026-08-05,08_중등_PC,03_인강/과외,중1인강,2,0,0.0,0
2026-08-05,08_중등_PC,03_인강/과외,중1수학인강,11,0,0.0,0
2026-08-05,08_중등_PC,03_인강/과외,중1국어인강,2,0,0.0,0
2026-08-05,08_중등_PC,03_인강/과외,중1영어인강,2,0,0.0,0
2026-08-05,08_중등_PC,03_인강/과외,중2인강,9,0,0.0,0
2026-08-05,08_중등_PC,03_인강/과외,중2영어인강,4,0,0.0,0
2026-08-05,08_중등_PC,03_인강/과외,중등화상수업,1,0,0.0,0
2026-08-05,08_중등_PC,03_인강/과외,중등홈스쿨링,2,0,0.0,0
2026-08-05,08_중등_PC,03_인강/과외,중등홈스쿨,1,0,0.0,0
2026-08-05,08_중등_PC,03_인강/과외,중등온라인수업,2,0,0.0,0
2026-08-05,08_중등_PC,03_인강/과외,중학교온라인수업,1,0,0.0,0
2026-08-05,08_중등_PC,03_인강/과외,중학교온라인학습,1,0,0.0,0
2026-08-05,08_중등_PC,04_중학교 내신,중학교내신,361,1,1004.0,0
2026-08-05,16_특정 키워드,01_경쟁사키워드,프리미어학원,1,0,0.0,0
2026-08-05,16_특정 키워드,01_경쟁사키워드,밀크티.,1,0,0.0,0
2026-08-05,16_특정 키워드,02_참고서키워드,개념원리수학,4,0,0.0,0
2026-08-05,16_특정 키워드,02_참고서키워드,참고서,2,0,0.0,0
2026-08-05,16_특정 키워드,02_참고서키워드,수학문제집추천,1,0,0.0,0
2026-08-05,16_특정 키워드,02_참고서키워드,한국사문제집,12,0,0.0,0
2026-08-05,16_특정 키워드,02_참고서키워드,마더텅기출,1,0,0.0,0
2026-08-05,16_특정 키워드,02_참고서키워드,개념원리인강,1,0,0.0,0
2026-08-05,16_특정 키워드,02_참고서키워드,개념원리수1,1,0,0.0,0
2026-08-05,16_특정 키워드,02_참고서키워드,개념원리확률과통계,3,0,0.0,0
2026-08-05,16_특정 키워드,02_참고서키워드,개념원리확통,2,0,0.0,0
2026-08-05,16_특정 키워드,02_참고서키워드,메가스터디N제,1,0,0.0,0
2026-08-05,16_특정 키워드,02_참고서키워드,로즈리그래머홀릭,1,0,0.0,0
2026-08-05,16_특정 키워드,02_참고서키워드,미래엔교과서구입,23,0,0.0,0
2026-08-05,16_특정 키워드,02_참고서키워드,개념원리미적분,7,0,0.0,0
2026-08-05,16_특정 키워드,02_참고서키워드,EBS초등수학,10,0,0.0,0
2026-08-05,16_특정 키워드,02_참고서키워드,수학의정석,41,0,0.0,0
2026-08-05,16_특정 키워드,02_참고서키워드,완자화학1,2,0,0.0,0
2026-08-05,16_특정 키워드,02_참고서키워드,기적의영어리딩,13,0,0.0,0
2026-08-05,16_특정 키워드,02_참고서키워드,미래엔수학,76,0,0.0,0
2026-08-05,16_특정 키워드,02_참고서키워드,그래머인사이드,2,0,0.0,0
2026-08-05,16_특정 키워드,02_참고서키워드,자습서,1,0,0.0,0
2026-08-05,16_특정 키워드,04_유리스마,웩슬러검사,28,0,0.0,0
2026-08-05,16_특정 키워드,04_유리스마,지능검사,40,0,0.0,0
2026-08-05,16_특정 키워드,04_유리스마,유리스마,14,1,77.0,0
2026-08-05,16_특정 키워드,미미미누 콜라보,VLT,23,0,0.0,0
2026-08-05,16_특정 키워드,미미미누 콜라보,에듀플렉스후기,15,0,0.0,0
2026-08-05,11_예비고1_MO,예비고1+자기주도학습,예비고1공부코디네이터,1,0,0.0,0
2026-08-05,11_예비고1_MO,예비고1+관리/준비,예비고1공부,61,0,0.0,0
2026-08-05,11_예비고1_MO,예비고1+관리/준비,고등진학상담,2,0,0.0,0
2026-08-05,11_예비고1_MO,예비고1+학원/과외,예비고1학원,31,0,0.0,0
2026-08-05,11_예비고1_MO,예비고1+학원/과외,예비고1영어과외,79,0,0.0,0
2026-08-05,11_예비고1_MO,예비고1+학원/과외,예비고1과학과외,1,0,0.0,0
2026-08-05,11_예비고1_MO,예비고1+학원/과외,예비고1영어학원,16,0,0.0,0
2026-08-05,11_예비고1_MO,예비고1+학원/과외,예비고1국어학원,11,0,0.0,0
2026-08-05,11_예비고1_MO,예비고1+학원/과외,예비고1인강,2,0,0.0,0
2026-08-05,11_예비고1_PC,예비고1+관리/준비,예비고1준비,90,0,0.0,0
2026-08-05,11_예비고1_PC,예비고1+자기주도학습,예비고1코디네이터,1,0,0.0,0
2026-08-05,11_예비고1_PC,예비고1+학원/과외,예비고1과외,2,0,0.0,0
2026-08-05,11_예비고1_PC,예비고1+학원/과외,예비고1수학과외,5,0,0.0,0
2026-08-05,11_예비고1_PC,예비고1+학원/과외,예비고1국어학원,4,0,0.0,0
2026-08-05,11_예비고1_PC,예비고1+학원/과외,예비고1인강,1,0,0.0,0
2026-08-05,12_예비중1_MO,3. 예비중1+학원/과외,예비중1수학학원,5,0,0.0,0
2026-08-05,12_예비중1_MO,3. 예비중1+학원/과외,예비중1영어과외,1,0,0.0,0
2026-08-05,12_예비중1_MO,3. 예비중1+학원/과외,예비중1종합학원,2,0,0.0,0
2026-08-05,12_예비중1_MO,3. 예비중1+학원/과외,예비중1학원,34,0,0.0,0
2026-08-05,12_예비중1_PC,예비중1+자기주도학습,예비중1독서실추천,1,0,0.0,0
2026-08-05,12_예비중1_PC,예비중1+학원/과외,예비중1수학과외,3,0,0.0,0
2026-08-05,12_예비중1_PC,예비중1+학원/과외,예비중1영어과외,19,0,0.0,0
2026-08-05,12_예비중1_PC,예비중1+학원/과외,예비중1영어학원,2,0,0.0,0
2026-08-05,12_예비중1_PC,예비중1+학원/과외,예비중1인강,2,0,0.0,0
2026-08-05,10_고등_MO,01_자기주도학습,고1공부계획,1,0,0.0,0
2026-08-05,10_고등_MO,01_자기주도학습,고등학생학습코칭,1,0,0.0,0
2026-08-05,10_고등_MO,01_자기주도학습,고등멘토링,1,0,0.0,0
2026-08-05,10_고등_MO,02_학원,고등과학학원,1,0,0.0,0
2026-08-05,10_고등_MO,02_학원,고등국어학원,10,0,0.0,0
2026-08-05,10_고등_MO,02_학원,고등수학,21,0,0.0,0
2026-08-05,10_고등_MO,02_학원,고등수학학원,38,0,0.0,0
2026-08-05,10_고등_MO,02_학원,고등영어,10,0,0.0,0
2026-08-05,10_고등_MO,02_학원,고등영어학원,20,0,0.0,0
2026-08-05,10_고등_MO,02_학원,고등영어학원추천,1,0,0.0,0
2026-08-05,10_고등_MO,02_학원,고등학원,2,0,0.0,0
2026-08-05,10_고등_MO,02_학원,고등학교국어학원,2,0,0.0,0
2026-08-05,10_고등_MO,02_학원,고등학교수학,5,0,0.0,0
2026-08-05,10_고등_MO,02_학원,고등학교영어,1,0,0.0,0
2026-08-05,10_고등_MO,02_학원,고등학교영어학원,2,0,0.0,0
2026-08-05,10_고등_MO,02_학원,고등학생영어,2,0,0.0,0
2026-08-05,10_고등_MO,02_학원,고등학생영어학원,2,0,0.0,0
2026-08-05,10_고등_MO,02_학원,고1수학,12,0,0.0,0
2026-08-05,10_고등_MO,02_학원,고1영어학원,2,0,0.0,0
2026-08-05,10_고등_MO,02_학원,고2수학,10,0,0.0,0
2026-08-05,10_고등_MO,02_학원,고2학원,1,0,0.0,0
2026-08-05,10_고등_MO,02_학원,고3수학,4,0,0.0,0
2026-08-05,10_고등_MO,03_인강과외,대입과외,1,0,0.0,0
2026-08-05,10_고등_MO,03_인강과외,고등국어,8,0,0.0,0
2026-08-05,10_고등_MO,03_인강과외,고등과외,1,0,0.0,0
2026-08-05,10_고등_MO,03_인강과외,고등국어인강,1,0,0.0,0
2026-08-05,10_고등_MO,03_인강과외,고등수학과외,6,0,0.0,0
2026-08-05,10_고등_MO,03_인강과외,고등수학인강,6,0,0.0,0
2026-08-05,10_고등_MO,03_인강과외,고등영어과외,3,0,0.0,0
2026-08-05,10_고등_MO,03_인강과외,고등인강,1,0,0.0,0
2026-08-05,10_고등_MO,03_인강과외,고등학생수학과외,1,0,0.0,0
2026-08-05,10_고등_MO,03_인강과외,고등학교인강,3,1,2098.0,0
2026-08-05,10_고등_MO,03_인강과외,고1인강,1,0,0.0,0
2026-08-05,10_고등_MO,03_인강과외,고2국어,1,0,0.0,0
2026-08-05,10_고등_MO,03_인강과외,고3국어,3,0,0.0,0
2026-08-05,10_고등_MO,03_인강과외,고3수학과외,1,0,0.0,0
2026-08-05,10_고등_MO,03_인강과외,고3영어인강,1,0,0.0,0
2026-08-05,10_고등_MO,03_인강과외,고등인강추천,3,0,0.0,0
2026-08-05,10_고등_MO,04_입시,대입학원,1,0,0.0,0
2026-08-05,10_고등_MO,04_입시,입시학원,1,0,0.0,0
2026-08-05,10_고등_MO,04_입시,면접학원,29,1,3498.0,0
2026-08-05,10_고등_MO,04_입시,자기소개서학원,2,0,0.0,0
2026-08-05,10_고등_MO,04_입시,대입상담,1,0,0.0,0
2026-08-05,10_고등_MO,04_입시,고교입학설명회,2,0,0.0,0
2026-08-05,10_고등_MO,04_입시,수능,840,0,0.0,0
2026-08-05,10_고등_MO,04_입시,평가원모의고사,2,0,0.0,0
2026-08-05,10_고등_MO,05_고등 내신,고등내신,3,0,0.0,0
2026-08-05,10_고등_PC,01_자기주도학습,고등공부,2,0,0.0,0
2026-08-05,10_고등_PC,02_학원,고등과학학원,1,0,0.0,0
2026-08-05,10_고등_PC,02_학원,고등수학,19,0,0.0,0
2026-08-05,10_고등_PC,02_학원,고등수학학원,1,0,0.0,0
2026-08-05,10_고등_PC,02_학원,고등영어학원,168,0,0.0,0
2026-08-05,10_고등_PC,02_학원,고등종합학원,1,0,0.0,0
2026-08-05,10_고등_PC,02_학원,고1수학학원,1,0,0.0,0
2026-08-05,10_고등_PC,02_학원,고2수학학원,15,0,0.0,0
2026-08-05,10_고등_PC,02_학원,종합학원,8,0,0.0,0
2026-08-05,10_고등_PC,03_인강과외,대입학원,1,0,0.0,0
2026-08-05,10_고등_PC,03_인강과외,고등내신,1,0,0.0,0
2026-08-05,10_고등_PC,03_인강과외,고등수학,1,0,0.0,0
2026-08-05,10_고등_PC,03_인강과외,고등국어,16,0,0.0,0
2026-08-05,10_고등_PC,03_인강과외,고등과학,1,0,0.0,0
2026-08-05,10_고등_PC,03_인강과외,고등국어인강,10,0,0.0,0
2026-08-05,10_고등_PC,03_인강과외,고등수학인강,2,0,0.0,0
2026-08-05,10_고등_PC,03_인강과외,고등영어과외,2,0,0.0,0
2026-08-05,10_고등_PC,03_인강과외,고등학생수학학원,1,0,0.0,0
2026-08-05,10_고등_PC,03_인강과외,고등학생과외,2,1,13832.0,0
2026-08-05,10_고등_PC,03_인강과외,고등학생영어과외,10,0,0.0,0
2026-08-05,10_고등_PC,03_인강과외,고등학생인강,1,0,0.0,0
2026-08-05,10_고등_PC,03_인강과외,고등학교인강,40,0,0.0,0
2026-08-05,10_고등_PC,03_인강과외,고1영어,1,0,0.0,0
2026-08-05,10_고등_PC,03_인강과외,고1국어,9,0,0.0,0
2026-08-05,10_고등_PC,03_인강과외,고1과학,1,0,0.0,0
2026-08-05,10_고등_PC,03_인강과외,고1국어인강,11,0,0.0,0
2026-08-05,10_고등_PC,03_인강과외,고1영어과외,10,0,0.0,0
2026-08-05,10_고등_PC,03_인강과외,고1인강,1,0,0.0,0
2026-08-05,10_고등_PC,03_인강과외,고2국어,20,0,0.0,0
2026-08-05,10_고등_PC,03_인강과외,고2국어인강,9,0,0.0,0
2026-08-05,10_고등_PC,03_인강과외,고3과외,2,0,0.0,0
2026-08-05,10_고등_PC,03_인강과외,고3수학과외,1,0,0.0,0
2026-08-05,10_고등_PC,03_인강과외,고3영어과외,12,0,0.0,0
2026-08-05,10_고등_PC,03_인강과외,고3인강,1,1,3097.0,0
2026-08-05,10_고등_PC,04_입시,대입입시컨설팅,3,0,0.0,0
2026-08-05,10_고등_PC,04_입시,대입학원,4,0,0.0,0
2026-08-05,10_고등_PC,04_입시,대입면접,5,0,0.0,0
2026-08-05,10_고등_PC,04_입시,대학교입시,17,0,0.0,0
2026-08-05,10_고등_PC,04_입시,대학교입시컨설팅,2,0,0.0,0
2026-08-05,10_고등_PC,04_입시,대학교면접,7,0,0.0,0
2026-08-05,10_고등_PC,04_입시,입시학원,10,0,0.0,0
2026-08-05,10_고등_PC,04_입시,입시컨설팅학원,3,0,0.0,0
2026-08-05,10_고등_PC,04_입시,면접학원,13,0,0.0,0
2026-08-05,10_고등_PC,04_입시,대입상담,5,0,0.0,0
2026-08-05,10_고등_PC,04_입시,내신등급계산,2,0,0.0,0
2026-08-05,10_고등_PC,04_입시,수학능력시험,63,0,0.0,0
2026-08-05,10_고등_PC,04_입시,모의,8,0,0.0,0
2026-08-05,10_고등_PC,04_입시,수능공부,5,0,0.0,0
2026-08-05,10_고등_PC,05_고등 내신,고등학교내신,263,0,0.0,0
2026-08-05,B_브랜드검색,04_MO_브랜드검색,에듀플렉스,469,50,0.0,0
2026-08-05,B_브랜드검색,04_MO_브랜드검색,애듀플렉스,6,0,0.0,0
2026-08-05,B_브랜드검색,04_MO_브랜드검색,에듀플랙스,19,5,0.0,0
2026-08-05,B_브랜드검색,04_MO_브랜드검색,애듀플랙스,2,0,0.0,0
2026-08-05,B_브랜드검색,04_MO_브랜드검색,에듀플렉스윈터스쿨,2,1,0.0,0
2026-08-05,B_브랜드검색,04_PC_브랜드검색,애듀플렉스,2,0,0.0,0
2026-08-05,B_브랜드검색,04_PC_브랜드검색,에듀플랙스,1,1,0.0,0
2026-08-05,B_브랜드검색,04_PC_브랜드검색,에듀플렉스,72,17,0.0,0
2026-08-06,02-1_FC,O_002_개금,개금동수학학원,2,0,0.0,0
2026-08-06,02-1_FC,O_002_개금,개금동수학과외,1,0,0.0,0
2026-08-06,02-1_FC,O_002_개금,개금동영어과외,1,0,0.0,0
2026-08-06,02-1_FC,O_003_계산,계양구국어학원,46,0,0.0,0
2026-08-06,02-1_FC,O_003_계산,계양구영어학원,2,0,0.0,0
2026-08-06,02-1_FC,O_003_계산,계양구수학학원,13,2,9762.0,0
2026-08-06,02-1_FC,O_003_계산,계산수학과외,1,0,0.0,0
2026-08-06,02-1_FC,O_003_계산,계양구수학과외,2,0,0.0,0
2026-08-06,02-1_FC,O_005_공덕,아현동영어학원,1,0,0.0,0
2026-08-06,02-1_FC,O_005_공덕,서대문과외,1,0,0.0,0
2026-08-06,02-1_FC,O_005_공덕,용산영어과외,1,0,0.0,0
2026-08-06,02-1_FC,O_006_공덕2,대흥수학학원,1,0,0.0,0
2026-08-06,02-1_FC,O_006_공덕2,대흥역수학학원,2,0,0.0,0
2026-08-06,02-1_FC,O_006_공덕2,마포중등영어학원,1,0,0.0,0
2026-08-06,02-1_FC,O_008_광교,광교국어학원,1,0,0.0,0
2026-08-06,02-1_FC,O_008_광교,광교수학학원,1,0,0.0,0
2026-08-06,02-1_FC,O_008_광교,광교수학학원추천,1,0,0.0,0
2026-08-06,02-1_FC,O_008_광교,광교수학과외,4,0,0.0,0
2026-08-06,02-1_FC,O_010_교동,교동영어과외,1,0,0.0,0
2026-08-06,02-1_FC,O_010_교동,강릉과외,1,0,0.0,0
2026-08-06,02-1_FC,O_010_교동,강릉수학과외,1,0,0.0,0
2026-08-06,02-1_FC,O_010_교동,강릉영어과외,2,0,0.0,0
2026-08-06,02-1_FC,O_011_구서,구서동영어학원,22,0,0.0,0
2026-08-06,02-1_FC,O_011_구서,구서동중등영어학원,3,0,0.0,0
2026-08-06,02-1_FC,O_011_구서,구서동고등영어학원,1,0,0.0,0
2026-08-06,02-1_FC,O_011_구서,구서동과외,2,0,0.0,0
2026-08-06,02-1_FC,O_011_구서,구서동영어,3,0,0.0,0
2026-08-06,02-1_FC,O_011_구서,금정구과외,1,0,0.0,0
2026-08-06,02-1_FC,O_011_구서,금정구수학과외,1,0,0.0,0
2026-08-06,02-1_FC,O_011_구서,금정구자기주도학습,1,0,0.0,0
2026-08-06,02-1_FC,O_012_구월,구월동수학학원,9,0,0.0,0
2026-08-06,02-1_FC,O_014_금오,의정부학원,12,0,0.0,0
2026-08-06,02-1_FC,O_014_금오,의정부수학학원,1,0,0.0,0
2026-08-06,02-1_FC,O_014_금오,의정부독서실,3,1,694.0,0
2026-08-06,02-1_FC,O_014_금오,의정부초등영어학원,1,0,0.0,0
2026-08-06,02-1_FC,O_014_금오,신곡동과외,2,0,0.0,0
2026-08-06,02-1_FC,O_014_금오,의정부수학과외,2,0,0.0,0
2026-08-06,02-1_FC,O_017_내외,김해수학학원,5,0,0.0,0
2026-08-06,02-1_FC,O_017_내외,김해과외,2,0,0.0,0
2026-08-06,02-1_FC,O_017_내외,김해영어,1,0,0.0,0
2026-08-06,02-1_FC,O_017_내외,김해고등학원,1,0,0.0,0
2026-08-06,02-1_FC,O_017_내외,김해시과외,1,0,0.0,0
2026-08-06,02-1_FC,O_017_내외,김해영어과외,1,0,0.0,0
2026-08-06,02-1_FC,O_020_다대포,사하구국어과외,1,0,0.0,0
2026-08-06,02-1_FC,O_022_당산,당산영어,1,0,0.0,0
2026-08-06,02-1_FC,O_023_대방_1/3,중앙동자기주도학습,1,0,0.0,0
2026-08-06,02-1_FC,O_023_대방_1/3,대방동수학학원,4,0,0.0,0
2026-08-06,02-1_FC,O_023_대방_1/3,상남동수학학원,3,0,0.0,0
2026-08-06,02-1_FC,O_023_대방_1/3,상남동학원,1,0,0.0,0
2026-08-06,02-1_FC,O_029_동춘,동춘동국어학원,62,1,2083.0,0
2026-08-06,02-1_FC,O_029_동춘,동춘동영어학원,160,0,0.0,0
2026-08-06,02-1_FC,O_029_동춘,동춘동수학학원,36,0,0.0,0
2026-08-06,02-1_FC,O_029_동춘,동춘동고등영어학원,4,0,0.0,0
2026-08-06,02-1_FC,O_029_동춘,동춘동고등수학학원,1,0,0.0,0
2026-08-06,02-1_FC,O_029_동춘,동춘동영어과외,2,0,0.0,0
2026-08-06,02-1_FC,O_034_만수,만수동수학과외,6,0,0.0,0
2026-08-06,02-1_FC,O_034_만수,만수동영어과외,1,0,0.0,0
2026-08-06,02-1_FC,O_034_만수,서창동과외,1,0,0.0,0
2026-08-06,02-1_FC,O_034_만수,서창동수학과외,1,0,0.0,0
2026-08-06,02-1_FC,"O_037_명일, 고덕 ",명일동영어학원,1,0,0.0,0
2026-08-06,02-1_FC,"O_037_명일, 고덕 ",강동구수학과외,2,0,0.0,0
2026-08-06,02-1_FC,"O_037_명일, 고덕 ",강동구영어과외,1,0,0.0,0
2026-08-06,02-1_FC,"O_037_명일, 고덕 ",하남학원,2,0,0.0,0
2026-08-06,02-1_FC,"O_037_명일, 고덕 ",하남과외,1,0,0.0,0
2026-08-06,02-1_FC,O_038_명지,명지동학원,1,0,0.0,0
2026-08-06,02-1_FC,O_038_명지,명지동영어학원,3,0,0.0,0
2026-08-06,02-1_FC,O_050_범어,만촌동국어학원,1,0,0.0,0
2026-08-06,02-1_FC,O_050_범어,만촌동수학학원,6,0,0.0,0
2026-08-06,02-1_FC,O_050_범어,만촌동중등영어학원,1,0,0.0,0
2026-08-06,02-1_FC,O_050_범어,수성구학원,3,0,0.0,0
2026-08-06,02-1_FC,O_050_범어,수성구고등국어학원,2,0,0.0,0
2026-08-06,02-1_FC,O_050_범어,수성구수학과외,1,0,0.0,0
2026-08-06,02-1_FC,O_050_범어,범어수학과외,1,0,0.0,0
2026-08-06,02-1_FC,O_050_범어,수성구윈터스쿨,1,0,0.0,0
2026-08-06,02-1_FC,O_052_봉곡,구미고등국어학원,1,0,0.0,0
2026-08-06,02-1_FC,O_052_봉곡,구미과외,3,0,0.0,0
2026-08-06,02-1_FC,O_052_봉곡,구미영어과외,11,0,0.0,0
2026-08-06,02-1_FC,O_053_봉선,봉선동영어학원,14,0,0.0,0
2026-08-06,02-1_FC,O_053_봉선,봉선동수학학원,36,0,0.0,0
2026-08-06,02-1_FC,O_053_봉선,봉선동중등영어학원,1,0,0.0,0
2026-08-06,02-1_FC,O_053_봉선,광주봉선동영어학원,4,0,0.0,0
2026-08-06,02-1_FC,O_056_부평,부평국어학원,1,0,0.0,0
2026-08-06,02-1_FC,O_056_부평,부평수학학원,2,0,0.0,0
2026-08-06,02-1_FC,O_056_부평,부평중등영어학원,1,0,0.0,0
2026-08-06,02-1_FC,O_056_부평,부평윈터스쿨,2,0,0.0,0
2026-08-06,02-1_FC,O_066_사하1,괴정동수학학원,1,0,0.0,0
2026-08-06,02-1_FC,O_070_상동,부천상동영어학원,10,0,0.0,0
2026-08-06,02-1_FC,O_070_상동,부천상동수학학원,9,0,0.0,0
2026-08-06,02-1_FC,O_070_상동,부천상동영어학원추천,1,0,0.0,0
2026-08-06,02-1_FC,O_070_상동,부천상동초등수학학원,1,0,0.0,0
2026-08-06,02-1_FC,O_070_상동,상동국어학원,1,0,0.0,0
2026-08-06,02-1_FC,O_070_상동,상동영어학원,11,0,0.0,0
2026-08-06,02-1_FC,O_070_상동,상동수학학원,10,0,0.0,0
2026-08-06,02-1_FC,O_070_상동,상동영어학원추천,1,0,0.0,0
2026-08-06,02-1_FC,O_070_상동,상동과외,1,0,0.0,0
2026-08-06,02-1_FC,O_070_상동,상동수학,7,0,0.0,0
2026-08-06,02-1_FC,O_070_상동,상동역영어학원,1,0,0.0,0
2026-08-06,02-1_FC,O_070_상동,상동역수학학원,4,0,0.0,0
2026-08-06,02-1_FC,O_070_상동,상동역수학,1,0,0.0,0
2026-08-06,02-1_FC,O_070_상동,부천학원,3,0,0.0,0
2026-08-06,02-1_FC,O_070_상동,부천과외,2,0,0.0,0
2026-08-06,02-1_FC,O_070_상동,부천중등과학학원,1,0,0.0,0
2026-08-06,02-1_FC,O_070_상동,부천영어과외,20,0,0.0,0
2026-08-06,02-1_FC,O_070_상동,상동국어과외,1,0,0.0,0
2026-08-06,02-1_FC,O_070_상동,부천윈터스쿨,1,0,0.0,0
2026-08-06,02-1_FC,O_071_상모,임은동영어과외,1,0,0.0,0
2026-08-06,02-1_FC,O_076_서초2,서초동수학학원,4,0,0.0,0
2026-08-06,02-1_FC,O_076_서초2,서초동초등수학학원,1,0,0.0,0
2026-08-06,02-1_FC,O_076_서초2,서초동과외,2,0,0.0,0
2026-08-06,02-1_FC,O_076_서초2,서초구과외,2,0,0.0,0
2026-08-06,02-1_FC,O_076_서초2,서초구수학과외,1,0,0.0,0
2026-08-06,02-1_FC,O_076_서초2,서초동수학과외,3,0,0.0,0
2026-08-06,02-1_FC,O_076_서초2,서초수학과외,1,0,0.0,0
2026-08-06,02-1_FC,O_078_센텀,센텀영어학원,4,0,0.0,0
2026-08-06,02-1_FC,O_078_센텀,센텀수학학원,20,0,0.0,0
2026-08-06,02-1_FC,O_078_센텀,센텀수학,4,0,0.0,0
2026-08-06,02-1_FC,O_078_센텀,재송동수학과외,2,0,0.0,0
2026-08-06,02-1_FC,O_079_송도,송도학원,1,0,0.0,0
2026-08-06,02-1_FC,O_079_송도,송도수학학원,28,0,0.0,0
2026-08-06,02-1_FC,O_079_송도,송도중등영어학원,2,0,0.0,0
2026-08-06,02-1_FC,O_079_송도,송도고등영어학원,3,0,0.0,0
2026-08-06,02-1_FC,O_079_송도,송도고등국어학원,3,0,0.0,0
2026-08-06,02-1_FC,O_079_송도,송도과외,2,1,4253.0,0
2026-08-06,02-1_FC,O_079_송도,송도국어,1,0,0.0,0
2026-08-06,02-1_FC,O_079_송도,송도영어,41,0,0.0,0
2026-08-06,02-1_FC,O_079_송도,송도동초등수학학원,1,0,0.0,0
2026-08-06,02-1_FC,O_079_송도,송도수학과외,5,0,0.0,0
2026-08-06,02-1_FC,O_079_송도,송도영어과외,4,0,0.0,0
2026-08-06,02-1_FC,O_079_송도,송도윈터스쿨,25,0,0.0,0
2026-08-06,02-1_FC,O_083_수지,수지영어학원,6,0,0.0,0
2026-08-06,02-1_FC,O_083_수지,수지수학학원,30,0,0.0,0
2026-08-06,02-1_FC,O_083_수지,수지독서실,1,0,0.0,0
2026-08-06,02-1_FC,O_083_수지,수지고등수학학원,3,0,0.0,0
2026-08-06,02-1_FC,O_083_수지,풍덕천동중등수학학원,1,0,0.0,0
2026-08-06,02-1_FC,O_083_수지,풍덕천동수학,2,0,0.0,0
2026-08-06,02-1_FC,O_083_수지,수지고등학생학원,1,0,0.0,0
2026-08-06,02-1_FC,O_084_수택,수택동과외,1,0,0.0,0
2026-08-06,02-1_FC,O_084_수택,구리과외,2,0,0.0,0
2026-08-06,02-1_FC,O_084_수택,구리중등영어학원,12,0,0.0,0
2026-08-06,02-1_FC,O_084_수택,구리수학과외,1,0,0.0,0
2026-08-06,02-1_FC,O_084_수택,구리영어과외,7,0,0.0,0
2026-08-06,02-1_FC,O_084_수택,구리시학원,1,0,0.0,0
2026-08-06,02-1_FC,O_084_수택,토평동과외,1,0,0.0,0
2026-08-06,02-1_FC,O_091_양산,양산고등수학학원,1,0,0.0,0
2026-08-06,02-1_FC,O_091_양산,양산수학학원,24,0,0.0,0
2026-08-06,02-1_FC,O_091_양산,양산영어학원,20,0,0.0,0
2026-08-06,02-1_FC,O_091_양산,양산과외,1,0,0.0,0
2026-08-06,02-1_FC,O_091_양산,양산수학과외,1,0,0.0,0
2026-08-06,02-1_FC,O_091_양산,양산과학과외,1,0,0.0,0
2026-08-06,02-1_FC,O_091_양산,양산방학특강,1,0,0.0,0
2026-08-06,02-1_FC,O_102_월성,월성동영어학원,7,0,0.0,0
2026-08-06,02-1_FC,O_102_월성,월성동수학학원,26,0,0.0,0
2026-08-06,02-1_FC,O_102_월성,월성동초등수학학원,1,0,0.0,0
2026-08-06,02-1_FC,O_102_월성,월성동영어,2,0,0.0,0
2026-08-06,02-1_FC,O_102_월성,월성동수학과외,1,0,0.0,0
2026-08-06,02-1_FC,O_104_위례,위례학원,4,0,0.0,0
2026-08-06,02-1_FC,O_104_위례,위례영어학원,3,0,0.0,0
2026-08-06,02-1_FC,O_104_위례,위례수학학원,13,0,0.0,0
2026-08-06,02-1_FC,O_104_위례,위례수학,2,0,0.0,0
2026-08-06,02-1_FC,O_104_위례,위례수학과외,1,0,0.0,0
2026-08-06,02-1_FC,O_105_율하,율하영어학원,7,0,0.0,0
2026-08-06,02-1_FC,O_105_율하,김해독서실,4,0,0.0,0
2026-08-06,02-1_FC,O_105_율하,율하공부방,1,0,0.0,0
2026-08-06,02-1_FC,O_105_율하,율하영어과외,1,0,0.0,0
2026-08-06,02-1_FC,O_107_인천삼산,삼산동수학학원,9,0,0.0,0
2026-08-06,02-1_FC,O_107_인천삼산,삼산동영어학원,3,0,0.0,0
2026-08-06,02-1_FC,O_110_장기,김포학원,2,0,0.0,0
2026-08-06,02-1_FC,O_110_장기,김포수학학원,3,0,0.0,0
2026-08-06,02-1_FC,O_110_장기,김포과외,3,0,0.0,0
2026-08-06,02-1_FC,O_110_장기,장기동수학학원,20,0,0.0,0
2026-08-06,02-1_FC,O_110_장기,장기동영어학원,82,0,0.0,0
2026-08-06,02-1_FC,O_110_장기,장기동수학과외,1,0,0.0,0
2026-08-06,02-1_FC,O_114_제주이도,제주도수학학원,1,0,0.0,0
2026-08-06,02-1_FC,O_114_제주이도,제주수학과외,2,0,0.0,0
2026-08-06,02-1_FC,O_114_제주이도,제주자기주도학습,1,0,0.0,0
2026-08-06,02-1_FC,O_118_중동,중동학원,2,0,0.0,0
2026-08-06,02-1_FC,O_118_중동,중동영어학원,1,0,0.0,0
2026-08-06,02-1_FC,O_120_진월,진월동중등영어학원,1,0,0.0,0
2026-08-06,02-1_FC,O_123_철산,철산동과외,1,0,0.0,0
2026-08-06,02-1_FC,O_123_철산,철산동수학학원,1,0,0.0,0
2026-08-06,02-1_FC,O_125_청라,청라고등영어학원,1,0,0.0,0
2026-08-06,02-1_FC,O_125_청라,청라과외,2,0,0.0,0
2026-08-06,02-1_FC,O_125_청라,청라독서실,3,0,0.0,0
2026-08-06,02-1_FC,O_125_청라,청라수학,16,0,0.0,0
2026-08-06,02-1_FC,O_125_청라,청라수학학원,15,0,0.0,0
2026-08-06,02-1_FC,O_125_청라,청라영어,1,0,0.0,0
2026-08-06,02-1_FC,O_125_청라,청라영어학원,3,0,0.0,0
2026-08-06,02-1_FC,O_125_청라,청라중등수학학원,1,0,0.0,0
2026-08-06,02-1_FC,O_125_청라,청라수학과외,3,0,0.0,0
2026-08-06,02-1_FC,O_127_침산,침산프리미엄독서실,1,0,0.0,0
2026-08-06,02-1_FC,O_127_침산,침산동국어학원,8,0,0.0,0
2026-08-06,02-1_FC,O_127_침산,침산동영어학원,10,0,0.0,0
2026-08-06,02-1_FC,O_127_침산,침산동수학학원,24,0,0.0,0
2026-08-06,02-1_FC,O_127_침산,침산동국어,1,0,0.0,0
2026-08-06,02-1_FC,O_127_침산,침산동영어,1,0,0.0,0
2026-08-06,02-1_FC,O_127_침산,침산동수학,1,0,0.0,0
2026-08-06,02-1_FC,O_127_침산,침산동공부방,1,0,0.0,0
2026-08-06,02-1_FC,O_127_침산,침산동영어과외,1,0,0.0,0
2026-08-06,02-1_FC,O_129_평거,평거동영어과외,1,0,0.0,0
2026-08-06,02-1_FC,O_138_황금,지산동수학,1,0,0.0,0
2026-08-06,02-1_FC,O_138_황금,지산동수학학원,5,0,0.0,0
2026-08-06,02-1_FC,O_138_황금,지산동영어학원,3,0,0.0,0
2026-08-06,02-1_FC,O_138_황금,지산동영어과외,1,0,0.0,0
2026-08-06,02-1_FC,O_016_남천,남천동학원,3,0,0.0,0
2026-08-06,02-1_FC,O_016_남천,남천동영어학원,14,0,0.0,0
2026-08-06,02-1_FC,O_016_남천,남천동수학학원,6,0,0.0,0
2026-08-06,02-1_FC,O_016_남천,남천동수학,2,0,0.0,0
2026-08-06,02-1_FC,O_101_운정,파주운정국어학원,4,0,0.0,0
2026-08-06,02-1_FC,O_101_운정,파주운정영어학원,3,0,0.0,0
2026-08-06,02-1_FC,O_101_운정,파주운정초등수학학원,2,0,0.0,0
2026-08-06,02-1_FC,O_101_운정,운정국어학원,4,0,0.0,0
2026-08-06,02-1_FC,O_101_운정,운정수학학원,39,0,0.0,0
2026-08-06,02-1_FC,O_101_운정,운정초등영어학원,3,0,0.0,0
2026-08-06,02-1_FC,O_101_운정,운정초등수학학원,1,0,0.0,0
2026-08-06,02-1_FC,O_101_운정,운정중등영어학원,8,0,0.0,0
2026-08-06,02-1_FC,O_101_운정,운정과외,2,0,0.0,0
2026-08-06,02-1_FC,O_101_운정,운정수학,2,0,0.0,0
2026-08-06,02-1_FC,O_101_운정,동패동학원,1,0,0.0,0
2026-08-06,02-1_FC,O_101_운정,운정수학과외,4,0,0.0,0
2026-08-06,02-1_FC,O_101_운정,파주학원,3,0,0.0,0
2026-08-06,02-1_FC,O_101_운정,파주과외,4,0,0.0,0
2026-08-06,02-1_FC,O_101_운정,파주수학과외,3,0,0.0,0
2026-08-06,02-1_FC,O_101_운정,파주영어과외,3,0,0.0,0
2026-08-06,02-1_FC,O_055_부산대,부산대학원,11,0,0.0,0
2026-08-06,02-1_FC,O_055_부산대,부산대수학,10,0,0.0,0
2026-08-06,02-1_FC,O_055_부산대,부곡동과외,2,0,0.0,0
2026-08-06,02-1_FC,O_137_화정,화정고등수학학원,2,0,0.0,0
2026-08-06,02-1_FC,O_137_화정,화정동수학,1,0,0.0,0
2026-08-06,02-1_FC,O_137_화정,화정수학,1,0,0.0,0
2026-08-06,02-1_FC,O_137_화정,화정초등수학학원,1,0,0.0,0
2026-08-06,02-1_FC,O_137_화정,행신동고등영어학원,1,0,0.0,0
2026-08-06,02-1_FC,O_137_화정,행신동중등영어학원,1,0,0.0,0
2026-08-06,02-1_FC,O_137_화정,행신동수학과외,3,0,0.0,0
2026-08-06,02-1_FC,O_057_분당미금,미금초등영어학원,1,0,0.0,0
2026-08-06,02-1_FC,O_057_분당미금,미금영어,1,0,0.0,0
2026-08-06,02-1_FC,O_057_분당미금,미금역수학학원,2,0,0.0,0
2026-08-06,02-1_FC,O_072_상현,상현동영어학원,3,0,0.0,0
2026-08-06,02-1_FC,O_072_상현,상현동수학학원,3,0,0.0,0
2026-08-06,02-1_FC,O_072_상현,상현동과외,3,0,0.0,0
2026-08-06,02-1_FC,O_072_상현,용인시학원,1,0,0.0,0
2026-08-06,02-1_FC,O_072_상현,용인시영어,1,0,0.0,0
2026-08-06,02-1_FC,O_087_신제주,노형동중등수학학원,2,0,0.0,0
2026-08-06,02-1_FC,O_096_옥계,옥계동영어학원,2,0,0.0,0
2026-08-06,02-1_FC,O_096_옥계,옥계동고등영어학원,1,0,0.0,0
2026-08-06,02-1_FC,O_044_민락,민락영어,1,0,0.0,0
2026-08-06,02-1_FC,O_044_민락,수영과외,2,0,0.0,0
2026-08-06,02-1_FC,O_032_둔산,대전서구수학학원,1,0,0.0,0
2026-08-06,02-1_FC,O_032_둔산,둔산수학학원,3,0,0.0,0
2026-08-06,02-1_FC,O_032_둔산,둔산동학원,11,1,1643.0,0
2026-08-06,02-1_FC,O_032_둔산,둔산동국어학원,4,0,0.0,0
2026-08-06,02-1_FC,O_032_둔산,둔산동영어학원,6,0,0.0,0
2026-08-06,02-1_FC,O_032_둔산,둔산동수학학원,20,0,0.0,0
2026-08-06,02-1_FC,O_032_둔산,둔산동초등수학학원,3,0,0.0,0
2026-08-06,02-1_FC,O_032_둔산,둔산동고등영어학원,4,0,0.0,0
2026-08-06,02-1_FC,O_032_둔산,둔산동고등수학학원,3,0,0.0,0
2026-08-06,02-1_FC,O_032_둔산,둔산동과외,1,0,0.0,0
2026-08-06,02-1_FC,O_032_둔산,둔산동수학,4,0,0.0,0
2026-08-06,02-1_FC,O_032_둔산,둔산동국어과외,2,0,0.0,0
2026-08-06,02-1_FC,O_113_정자,장안구수학학원,2,0,0.0,0
2026-08-06,02-1_FC,O_031_동탄청계,청계동영어,1,0,0.0,0
2026-08-06,02-1_FC,O_049_방이,방이국어학원,2,0,0.0,0
2026-08-06,02-1_FC,O_049_방이,방이역수학학원,1,0,0.0,0
2026-08-06,02-1_FC,O_049_방이,오금동학원,5,0,0.0,0
2026-08-06,02-1_FC,O_049_방이,오금동영어학원,15,0,0.0,0
2026-08-06,02-1_FC,O_049_방이,오금동수학학원,1,0,0.0,0
2026-08-06,02-1_FC,O_049_방이,오금동과외,1,0,0.0,0
2026-08-06,02-1_FC,O_049_방이,방이동학원,1,0,0.0,0
2026-08-06,02-1_FC,O_049_방이,방이동고등수학학원,1,0,0.0,0
2026-08-06,02-1_FC,O_045_반송,창원수학학원,2,0,0.0,0
2026-08-06,02-1_FC,O_028_동백,동백국어학원,3,0,0.0,0
2026-08-06,02-1_FC,O_028_동백,동백수학학원,15,1,3477.0,0
2026-08-06,02-1_FC,O_028_동백,동백영어학원,28,0,0.0,0
2026-08-06,02-1_FC,O_041_무실,원주영어학원,27,0,0.0,0
2026-08-06,02-1_FC,O_041_무실,원주독서실,4,0,0.0,0
2026-08-06,02-1_FC,O_041_무실,원주공부방,2,0,0.0,0
2026-08-06,02-1_FC,O_041_무실,원주국어과외,1,0,0.0,0
2026-08-06,02-1_FC,O_041_무실,원주시학원,1,0,0.0,0
2026-08-06,02-1_FC,O_019_논현,인천논현동국어학원,2,0,0.0,0
2026-08-06,02-1_FC,O_019_논현,인천논현동영어학원,15,0,0.0,0
2026-08-06,02-1_FC,O_019_논현,인천논현동수학학원,19,0,0.0,0
2026-08-06,02-1_FC,O_019_논현,인천논현동초등수학학원,1,0,0.0,0
2026-08-06,02-1_FC,O_019_논현,인천논현동영어,7,0,0.0,0
2026-08-06,02-1_FC,O_019_논현,논현동국어과외,3,0,0.0,0
2026-08-06,02-1_FC,O_019_논현,고잔동중등수학학원,1,0,0.0,0
2026-08-06,02-1_FC,O_103_월평,월평동영어학원,31,0,0.0,0
2026-08-06,02-1_FC,O_103_월평,월평동수학학원,7,0,0.0,0
2026-08-06,02-1_FC,O_103_월평,월평동수학,2,0,0.0,0
2026-08-06,02-1_FC,O_103_월평,대전학원,10,0,0.0,0
2026-08-06,02-1_FC,O_103_월평,대전특강,1,0,0.0,0
2026-08-06,02-1_FC,O_103_월평,대전과외,8,0,0.0,0
2026-08-06,02-1_FC,O_103_월평,대전고등영어학원,3,0,0.0,0
2026-08-06,02-1_FC,O_103_월평,대전영어과외,11,0,0.0,0
2026-08-06,02-1_FC,O_103_월평,대전진로상담,2,0,0.0,0
2026-08-06,02-1_FC,O_103_월평,대전윈터스쿨,2,0,0.0,0
2026-08-06,02-1_FC,O_018_노은,노은국어학원,1,0,0.0,0
2026-08-06,02-1_FC,O_018_노은,노은과외,2,0,0.0,0
2026-08-06,02-1_FC,O_099_용호_1/2,남천동수학학원,6,0,0.0,0
2026-08-06,02-1_FC,O_099_용호_1/2,남천동영어학원,3,0,0.0,0
2026-08-06,02-1_FC,O_099_용호_1/2,대연동국어학원,2,0,0.0,0
2026-08-06,02-1_FC,O_099_용호_1/2,대연동관리형독서실,1,0,0.0,0
2026-08-06,02-1_FC,O_136_화명2,화명동과외,1,0,0.0,0
2026-08-06,02-1_FC,O_136_화명2,화명동수학과외,1,0,0.0,0
2026-08-06,02-1_FC,O_136_화명2,화명동영어과외,1,0,0.0,0
2026-08-06,02-1_FC,O_136_화명2,화명동수학학원,16,0,0.0,0
2026-08-06,02-1_FC,O_136_화명2,화명동국어학원,3,0,0.0,0
2026-08-06,02-1_FC,O_136_화명2,화명동수학,5,0,0.0,0
2026-08-06,02-1_FC,O_136_화명2,화명동영어학원,53,0,0.0,0
2026-08-06,02-1_FC,O_136_화명2,화명동초등영어학원,1,0,0.0,0
2026-08-06,02-1_FC,O_136_화명2,화명수학학원,6,0,0.0,0
2026-08-06,02-1_FC,O_136_화명2,화명영어학원,2,0,0.0,0
2026-08-06,02-1_FC,O_098_왕지,순천영어과외,3,0,0.0,0
2026-08-06,02-1_FC,O_098_왕지,순천국어과외,1,0,0.0,0
2026-08-06,02-1_FC,O_098_왕지,왕지동영어과외,4,0,0.0,0
2026-08-06,02-1_FC,O_036_명륜,부곡동과외,2,0,0.0,0
2026-08-06,02-1_FC,O_065_사직,동래영어학원,1,0,0.0,0
2026-08-06,02-1_FC,O_065_사직,동래과외,1,0,0.0,0
2026-08-06,02-1_FC,O_065_사직,사직동국어학원,10,0,0.0,0
2026-08-06,02-1_FC,O_065_사직,사직동영어학원,6,0,0.0,0
2026-08-06,02-1_FC,O_065_사직,사직동수학학원,10,0,0.0,0
2026-08-06,02-1_FC,O_065_사직,사직동초등수학학원,1,0,0.0,0
2026-08-06,02-1_FC,O_065_사직,사직동전과목학원,1,0,0.0,0
2026-08-06,02-1_FC,O_065_사직,동래구과외,2,0,0.0,0
2026-08-06,02-1_FC,O_065_사직,사직동영어과외,1,0,0.0,0
2026-08-06,02-1_FC,O_092_양정,양정학원,1,0,0.0,0
2026-08-06,02-1_FC,O_111_전농,동대문구과외,3,0,0.0,0
2026-08-06,02-1_FC,O_111_전농,동대문구수학과외,1,0,0.0,0
2026-08-06,02-1_FC,O_111_전농,답십리공부방,1,0,0.0,0
2026-08-06,02-1_FC,O_069_상계,상계동영어,2,0,0.0,0
2026-08-06,02-1_FC,O_069_상계,노원구학원,2,0,0.0,0
2026-08-06,02-1_FC,O_069_상계,노원구과외,1,0,0.0,0
2026-08-06,02-1_FC,O_069_상계,노원구수학과외,1,0,0.0,0
2026-08-06,02-1_FC,O_069_상계,노원학원,1,0,0.0,0
2026-08-06,02-1_FC,O_069_상계,노원종합학원,1,0,0.0,0
2026-08-06,02-1_FC,O_069_상계,노원공부방,1,0,0.0,0
2026-08-06,02-1_FC,O_069_상계,노원과외,1,0,0.0,0
2026-08-06,02-1_FC,O_069_상계,노원중등영어학원,1,0,0.0,0
2026-08-06,02-1_FC,O_069_상계,노원영어과외,1,0,0.0,0
2026-08-06,02-1_FC,O_051_보라매,신길동영어과외,1,0,0.0,0
2026-08-06,02-1_FC,O_093_연신내,갈현동수학학원,1,0,0.0,0
2026-08-06,02-1_FC,O_093_연신내,은평구학원,6,0,0.0,0
2026-08-06,02-1_FC,O_093_연신내,은평구과외,1,0,0.0,0
2026-08-06,02-1_FC,O_093_연신내,은평구수학과외,2,0,0.0,0
2026-08-06,02-1_FC,O_093_연신내,역촌동학원,1,0,0.0,0
2026-08-06,02-1_FC,O_093_연신내,역촌동과외,1,0,0.0,0
2026-08-06,02-1_FC,O_093_연신내,진관동과외,1,0,0.0,0
2026-08-06,02-1_FC,O_093_연신내,진관동영어과외,1,0,0.0,0
2026-08-06,02-1_FC,O_093_연신내,은평구윈터스쿨,1,0,0.0,0
2026-08-06,02-1_FC,O_001_가좌,가좌동학원,1,0,0.0,0
2026-08-06,02-1_FC,O_001_가좌,가좌동영어학원,5,0,0.0,0
2026-08-06,02-1_FC,O_061_분당이매,이매동수학학원추천,1,0,0.0,0
2026-08-06,02-1_FC,O_088_쌍용,천안학원,5,0,0.0,0
2026-08-06,02-1_FC,O_088_쌍용,천안국어학원,6,0,0.0,0
2026-08-06,02-1_FC,O_088_쌍용,천안영어학원,20,0,0.0,0
2026-08-06,02-1_FC,O_088_쌍용,천안수학학원,8,0,0.0,0
2026-08-06,02-1_FC,O_088_쌍용,천안과외,2,0,0.0,0
2026-08-06,02-1_FC,O_088_쌍용,천안영어,8,0,0.0,0
2026-08-06,02-1_FC,O_088_쌍용,천안수학과외,3,0,0.0,0
2026-08-06,02-1_FC,O_088_쌍용,천안영어과외,9,0,0.0,0
2026-08-06,02-1_FC,O_088_쌍용,불당동학원,1,0,0.0,0
2026-08-06,02-1_FC,O_025_대치한티,한티역수학학원,5,0,0.0,0
2026-08-06,02-1_FC,O_025_대치한티,대치동국어학원,8,0,0.0,0
2026-08-06,02-1_FC,O_025_대치한티,대치동수학학원,15,0,0.0,0
2026-08-06,02-1_FC,O_025_대치한티,대치동국어학원추천,1,0,0.0,0
2026-08-06,02-1_FC,O_025_대치한티,대치동초등영어학원,1,0,0.0,0
2026-08-06,02-1_FC,O_025_대치한티,대치동초등수학학원,20,0,0.0,0
2026-08-06,02-1_FC,O_025_대치한티,대치동중등영어학원,2,0,0.0,0
2026-08-06,02-1_FC,O_025_대치한티,대치동중등수학학원,16,0,0.0,0
2026-08-06,02-1_FC,O_025_대치한티,대치동고등수학학원,18,0,0.0,0
2026-08-06,02-1_FC,O_025_대치한티,대치동국어,22,0,0.0,0
2026-08-06,02-1_FC,O_025_대치한티,대치동영어,85,0,0.0,0
2026-08-06,02-1_FC,O_025_대치한티,대치동수학,1,0,0.0,0
2026-08-06,02-1_FC,O_128_테크노,관평동학원,1,0,0.0,0
2026-08-06,02-1_FC,O_128_테크노,관평동국어학원,1,0,0.0,0
2026-08-06,02-1_FC,O_128_테크노,관평동영어학원,12,0,0.0,0
2026-08-06,02-1_FC,O_128_테크노,관평동영어학원추천,1,0,0.0,0
2026-08-06,02-1_FC,O_062_분평_1/2,청주학원,2,0,0.0,0
2026-08-06,02-1_FC,O_062_분평_1/2,청주과외,3,0,0.0,0
2026-08-06,02-1_FC,O_062_분평_1/2,청주수학과외,1,0,0.0,0
2026-08-06,02-1_FC,O_062_분평_1/2,청주영어과외,5,0,0.0,0
2026-08-06,02-1_FC,O_062_분평_1/2,분평동학원,1,0,0.0,0
2026-08-06,02-1_FC,O_062_분평_1/2,분평동과외,1,0,0.0,0
2026-08-06,02-1_FC,O_062_분평_1/2,산남동중등수학학원,1,0,0.0,0
2026-08-06,02-1_FC,O_062_분평_1/2,용암동수학과외,1,0,0.0,0
2026-08-06,02-1_FC,O_048_방배,방배동영어학원,2,0,0.0,0
2026-08-06,02-1_FC,O_048_방배,방배동수학학원,10,0,0.0,0
2026-08-06,02-1_FC,O_048_방배,방배동과외,1,0,0.0,0
2026-08-06,02-1_FC,O_048_방배,방배동수학,2,0,0.0,0
2026-08-06,02-1_FC,O_048_방배,방배동수학과외,1,0,0.0,0
2026-08-06,02-1_FC,O_145_하남미사,하남학원,1,0,0.0,0
2026-08-06,02-1_FC,O_145_하남미사,강일동과외,1,0,0.0,0
2026-08-06,02-1_FC,O_145_하남미사,강일동국어과외,3,0,0.0,0
2026-08-06,02-1_FC,O_145_하남미사,미사학원,2,0,0.0,0
2026-08-06,02-1_FC,O_145_하남미사,미사고등수학학원,3,0,0.0,0
2026-08-06,02-1_FC,O_145_하남미사,미사수학과외,4,0,0.0,0
2026-08-06,02-1_FC,O_145_하남미사,풍산동과외,2,0,0.0,0
2026-08-06,02-1_FC,O_145_하남미사,풍산동중등수학학원,1,0,0.0,0
2026-08-06,02-1_FC,O_149_서강,마포과외,1,0,0.0,0
2026-08-06,02-1_FC,O_149_서강,신수동과외,1,0,0.0,0
2026-08-06,02-1_FC,O_150_잠실새내_1/2,송파윈터스쿨,1,0,0.0,0
2026-08-06,02-1_FC,O_150_잠실새내_1/2,송파입시학원,3,0,0.0,0
2026-08-06,02-1_FC,O_150_잠실새내_1/2,송파구입시컨설팅,1,0,0.0,0
2026-08-06,02-1_FC,O_150_잠실새내_1/2,잠실관리형독서실,4,0,0.0,0
2026-08-06,02-1_FC,O_150_잠실새내_1/2,송파구관리형독서실,2,0,0.0,0
2026-08-06,02-1_FC,O_150_잠실새내_1/2,송파관리형독서실,1,0,0.0,0
2026-08-06,02-1_FC,O_150_잠실새내_1/2,송파과외,2,0,0.0,0
2026-08-06,02-1_FC,O_150_잠실새내_1/2,송파구과외,3,0,0.0,0
2026-08-06,02-1_FC,O_150_잠실새내_1/2,송파구과학학원,1,0,0.0,0
2026-08-06,02-1_FC,O_150_잠실새내_1/2,송파구수학학원,1,0,0.0,0
2026-08-06,02-1_FC,O_150_잠실새내_1/2,송파구영어학원,7,0,0.0,0
2026-08-06,02-1_FC,O_150_잠실새내_1/2,송파구학원,4,0,0.0,0
2026-08-06,02-1_FC,O_150_잠실새내_1/2,송파동과외,1,0,0.0,0
2026-08-06,02-1_FC,O_150_잠실새내_1/2,송파수학과외,1,0,0.0,0
2026-08-06,02-1_FC,O_150_잠실새내_1/2,송파수학학원,5,0,0.0,0
2026-08-06,02-1_FC,O_150_잠실새내_1/2,송파영어학원,28,1,5505.0,0
2026-08-06,02-1_FC,O_150_잠실새내_1/2,송파학원,4,0,0.0,0
2026-08-06,02-1_FC,O_150_잠실새내_1/2,잠실동수학학원,1,0,0.0,0
2026-08-06,02-1_FC,O_150_잠실새내_1/2,잠실수학학원,31,0,0.0,0
2026-08-06,02-1_FC,O_150_잠실새내_1/2,잠실영어과외,1,1,5094.0,0
2026-08-06,02-1_FC,O_150_잠실새내_1/2,잠실영어학원,8,0,0.0,0
2026-08-06,02-1_FC,O_150_잠실새내_1/2,잠실중등수학학원,2,0,0.0,0
2026-08-06,02-1_FC,O_150_잠실새내_1/2,잠실학원,3,0,0.0,0
2026-08-06,02-1_FC,O_150_잠실새내_1/2,송파중등수학학원,1,0,0.0,0
2026-08-06,02-1_FC,O_150_잠실새내_1/2,잠실중등영어학원,1,0,0.0,0
2026-08-06,02-1_FC,O_150_잠실새내_1/2,잠실동과외,1,0,0.0,0
2026-08-06,02-1_FC,O_151_원효_1/3,에듀플렉스원효,2,0,0.0,0
2026-08-06,02-1_FC,O_151_원효_1/3,용산과외,1,0,0.0,0
2026-08-06,02-1_FC,O_151_원효_1/3,용산구영어학원,1,0,0.0,0
2026-08-06,02-1_FC,O_151_원효_1/3,용산영어학원,3,0,0.0,0
2026-08-06,02-1_FC,O_151_원효_3/3,선린중기말고사,1,0,0.0,0
2026-08-06,02-1_FC,O_152_남동탄_1/2,중앙동영어학원,1,0,0.0,0
2026-08-06,02-1_FC,O_152_남동탄_1/2,산척동수학학원,10,0,0.0,0
2026-08-06,02-1_FC,O_152_남동탄_1/2,중앙학원,1,0,0.0,0
2026-08-06,02-1_FC,O_152_남동탄_1/2,남동탄수학학원,1,0,0.0,0
2026-08-06,02-1_FC,O_152_남동탄_1/2,산척동국어학원,1,0,0.0,0
2026-08-06,02-1_FC,O_152_남동탄_1/2,동탄중국어학원,4,0,0.0,0
2026-08-06,02-1_FC,O_152_남동탄_2/2,서연중수학학원,1,0,0.0,0
2026-08-06,02-1_FC,O_027_돈암_1/3,에듀플렉스돈암,1,0,0.0,0
2026-08-06,02-1_FC,O_027_돈암_1/3,종암동과외,1,0,0.0,0
2026-08-06,02-1_FC,O_027_돈암_1/3,종암동중등수학학원,1,0,0.0,0
2026-08-06,02-1_FC,O_027_돈암_1/3,돈암동학원,1,0,0.0,0
2026-08-06,02-1_FC,O_027_돈암_1/3,돈암동영어학원,5,0,0.0,0
2026-08-06,02-1_FC,O_027_돈암_1/3,보문동수학과외,1,0,0.0,0
2026-08-06,02-1_FC,O_064_사우_1/2,풍무동수학학원,10,0,0.0,0
2026-08-06,02-1_FC,O_064_사우_1/2,풍무동영어학원,55,0,0.0,0
2026-08-06,02-1_FC,O_064_사우_1/2,사우동학원,1,0,0.0,0
2026-08-06,02-1_FC,O_064_사우_1/2,사우동중등영어학원,1,0,0.0,0
2026-08-06,02-1_FC,O_064_사우_1/2,사우동수학학원,9,0,0.0,0
2026-08-06,02-1_FC,O_064_사우_1/2,사우동국어학원,1,0,0.0,0
2026-08-06,02-1_FC,O_064_사우_1/2,사우동과학학원,1,0,0.0,0
2026-08-06,02-1_FC,O_064_사우_1/2,사우동입시,1,0,0.0,0
2026-08-06,02-1_FC,O_027_돈암_2/3,경신중중간고사,1,0,0.0,0
2026-08-06,02-1_FC,O_027_돈암_2/3,용문고내신,2,0,0.0,0
2026-08-06,02-1_FC,O_027_돈암_3/3,성신여고내신,1,0,0.0,0
2026-08-06,02-1_FC,O_064_사우_2/2,김포중국어학원,9,0,0.0,0
2026-08-06,02-1_FC,O_064_사우_2/2,김포고내신,2,0,0.0,0
2026-08-06,02-1_FC,O_064_사우_2/2,사우고내신,1,0,0.0,0
2026-08-06,02-1_FC,O_023_대방_2/3,중앙동영어학원,1,0,0.0,0
2026-08-06,02-1_FC,O_023_대방_3/3,신월중수학학원,1,0,0.0,0
2026-08-06,02-1_FC,O_023_대방_3/3,울산중국어학원,7,0,0.0,0
2026-08-06,02-1_FC,O_153_상도_1/2,상도에듀플렉스,2,0,0.0,0
2026-08-06,02-1_FC,O_153_상도_1/2,중등수학학원,1,0,0.0,0
2026-08-06,02-1_FC,O_153_상도_1/2,흑석동과외,1,0,0.0,0
2026-08-06,02-1_FC,O_153_상도_2/2,숭의여고수학학원,1,0,0.0,0
2026-08-06,02-1_FC,O_153_상도_2/2,사당중수학,2,0,0.0,0
2026-08-06,02-1_FC,O_155_다산_1/2,다산에듀플렉스,1,0,0.0,0
2026-08-06,02-1_FC,O_155_다산_1/2,에듀플렉스다산,3,0,0.0,0
2026-08-06,02-1_FC,O_155_다산_1/2,다산국어학원,4,0,0.0,0
2026-08-06,02-1_FC,O_155_다산_1/2,다산동과외,1,0,0.0,0
2026-08-06,02-1_FC,O_155_다산_1/2,다산동국어과외,1,0,0.0,0
2026-08-06,02-1_FC,O_155_다산_1/2,다산동국어학원,1,0,0.0,0
2026-08-06,02-1_FC,O_155_다산_1/2,다산동수학과외,1,0,0.0,0
2026-08-06,02-1_FC,O_155_다산_1/2,다산동수학학원,9,0,0.0,0
2026-08-06,02-1_FC,O_155_다산_1/2,다산수학학원,22,0,0.0,0
2026-08-06,02-1_FC,O_155_다산_1/2,다산신도시영어과외,1,0,0.0,0
2026-08-06,02-1_FC,O_155_다산_1/2,다산신도시영어학원,4,0,0.0,0
2026-08-06,02-1_FC,O_155_다산_1/2,다산영어학원,2,0,0.0,0
2026-08-06,02-1_FC,O_155_다산_1/2,다산학원,8,0,0.0,0
2026-08-06,02-1_FC,O_155_다산_1/2,동구수학학원,3,0,0.0,0
2026-08-06,02-1_FC,O_156_광주화정_1/3,광주입시,15,0,0.0,0
2026-08-06,02-1_FC,O_156_광주화정_1/3,광주입시학원,4,0,0.0,0
2026-08-06,02-1_FC,O_156_광주화정_1/3,에듀플렉스광주화정,1,0,0.0,0
2026-08-06,02-1_FC,O_156_광주화정_1/3,광주관리형독서실,19,0,0.0,0
2026-08-06,02-1_FC,O_156_광주화정_1/3,광주고등과외,4,0,0.0,0
2026-08-06,02-1_FC,O_156_광주화정_1/3,광주수학과외,4,0,0.0,0
2026-08-06,02-1_FC,O_156_광주화정_1/3,광주영어과외,26,0,0.0,0
2026-08-06,02-1_FC,O_156_광주화정_1/3,화정동수학학원,4,0,0.0,0
2026-08-06,02-1_FC,O_156_광주화정_1/3,화정역수학학원,1,0,0.0,0
2026-08-06,02-1_FC,O_158_광명소하,소하동과외,4,0,0.0,0
2026-08-06,02-1_FC,O_158_광명소하,소하동중등영어학원,1,0,0.0,0
2026-08-06,02-1_FC,O_158_광명소하,시흥동수학과외,1,0,0.0,0
2026-08-06,02-1_FC,O_158_광명소하,시흥동영어학원,1,0,0.0,0
2026-08-06,02-1_FC,O_158_광명소하,광명과외,2,0,0.0,0
2026-08-06,02-1_FC,O_158_광명소하,광명수학,2,0,0.0,0
2026-08-06,02-1_FC,O_158_광명소하,광명중등영어학원,1,0,0.0,0
2026-08-06,02-1_FC,O_159_광명하안,하안동수학,1,0,0.0,0
2026-08-06,02-1_FC,O_159_광명하안,하안동수학학원,1,0,0.0,0
2026-08-06,02-1_FC,O_159_광명하안,광명과외,1,0,0.0,0
2026-08-06,02-1_FC,O_159_광명하안,광명관리형독서실,1,0,0.0,0
2026-08-06,02-1_FC,O_159_광명하안,광명수학,2,0,0.0,0
2026-08-06,02-1_FC,O_159_광명하안,광명수학과외,4,0,0.0,0
2026-08-06,02-1_FC,O_159_광명하안,광명역수학,1,0,0.0,0
2026-08-06,02-1_FC,O_160_단구,단구동영수학원,1,0,0.0,0
2026-08-06,02-1_FC,O_160_단구,단구동중등수학학원,1,0,0.0,0
2026-08-06,02-1_FC,O_160_단구,원주공부방,1,0,0.0,0
2026-08-06,02-1_FC,O_160_단구,원주과외,6,0,0.0,0
2026-08-06,02-1_FC,O_160_단구,원주관리형독서실,12,0,0.0,0
2026-08-06,02-1_FC,O_160_단구,원주수학학원,6,0,0.0,0
2026-08-06,02-1_FC,O_160_단구,원주자기주도학습,1,0,0.0,0
2026-08-06,02-1_FC,O_160_단구,원주학원,1,0,0.0,0
2026-08-06,02-1_FC,O_160_단구,원주기숙학원,1,0,0.0,0
2026-08-06,02-1_FC,O_161_분당정자,정자동고등수학학원,1,0,0.0,0
2026-08-06,02-1_FC,O_161_분당정자,정자동관리형독서실,2,0,0.0,0
2026-08-06,02-1_FC,O_161_분당정자,정자동수학,1,0,0.0,0
2026-08-06,02-1_FC,O_161_분당정자,정자동수학학원추천,1,0,0.0,0
2026-08-06,02-1_FC,O_161_분당정자,정자국어학원,1,0,0.0,0
2026-08-06,02-1_FC,O_162_불당,불당수학학원,2,0,0.0,0
2026-08-06,02-1_FC,O_162_불당,불당동과학학원,1,0,0.0,0
2026-08-06,02-1_FC,O_162_불당,불당동수학학원,6,0,0.0,0
2026-08-06,02-1_FC,O_162_불당,불당동영어학원,11,0,0.0,0
2026-08-06,02-1_FC,O_162_불당,천안고등수학학원,1,0,0.0,0
2026-08-06,02-1_FC,O_162_불당,천안과외,1,0,0.0,0
2026-08-06,02-1_FC,O_162_불당,천안과학학원,1,0,0.0,0
2026-08-06,02-1_FC,O_162_불당,천안관리형독서실,17,0,0.0,0
2026-08-06,02-1_FC,O_162_불당,천안수능학원,1,0,0.0,0
2026-08-06,02-1_FC,O_162_불당,천안수학학원,2,0,0.0,0
2026-08-06,02-1_FC,O_162_불당,천안영어학원,2,0,0.0,0
2026-08-06,02-1_FC,O_162_불당,천안기숙학원,1,0,0.0,0
2026-08-06,02-1_FC,O_165_유니시티,창원관리형독서실,3,0,0.0,0
2026-08-06,02-1_FC,O_165_유니시티,창원국어과외,2,0,0.0,0
2026-08-06,02-1_FC,O_165_유니시티,창원수학과외,3,0,0.0,0
2026-08-06,02-1_FC,O_165_유니시티,창원수학학원,2,0,0.0,0
2026-08-06,02-1_FC,O_165_유니시티,창원윈터스쿨,9,0,0.0,0
2026-08-06,02-1_FC,O_165_유니시티,창원입시상담,16,0,0.0,0
2026-08-06,02-1_FC,O_165_유니시티,창원중등수학학원,1,0,0.0,0
2026-08-06,02-1_FC,O_165_유니시티,창원기숙학원,2,0,0.0,0
2026-08-06,02-1_FC,O_163_송촌,송촌동수학과외,2,0,0.0,0
2026-08-06,02-1_FC,O_163_송촌,송촌동수학학원,5,0,0.0,0
2026-08-06,02-1_FC,O_163_송촌,송촌동영어과외,2,0,0.0,0
2026-08-06,02-1_FC,O_163_송촌,송촌동영어학원,14,0,0.0,0
2026-08-06,02-1_FC,O_168_도안,도안영어,1,0,0.0,0
2026-08-06,02-1_FC,O_168_도안,봉명동과외,1,0,0.0,0
2026-08-06,02-1_FC,O_168_도안,원신흥동수학학원,6,0,0.0,0
2026-08-06,02-1_FC,O_168_도안,원신흥동영어학원,2,0,0.0,0
2026-08-06,02-1_FC,O_168_도안,도안학원,2,0,0.0,0
2026-08-06,02-1_FC,O_169_분당정자,정자동관리형독서실,4,0,0.0,0
2026-08-06,02-1_FC,O_169_분당정자,정자동썸머스쿨,1,0,0.0,0
2026-08-06,02-1_FC,O_170_송파역,송파동수학학원,1,0,0.0,0
2026-08-06,02-1_FC,O_170_송파역,석촌동과외,1,0,0.0,0
2026-08-06,02-1_FC,O_170_송파역,석촌동수학학원,2,0,0.0,0
2026-08-06,02-1_FC,O_170_송파역,석촌동영어학원,3,0,0.0,0
2026-08-06,02-1_FC,O_170_송파역,석촌역수학학원,1,0,0.0,0
2026-08-06,02-1_FC,O_171_개포점,일원동수학학원추천,1,0,0.0,0
2026-08-06,02-1_FC,O_171_개포점,역삼동과외,1,0,0.0,0
2026-08-06,02-1_FC,O_172_산곡점,산곡동영수학원,2,0,0.0,0
2026-08-06,02-1_FC,O_172_산곡점,가좌동학원,3,0,0.0,0
2026-08-06,02-1_FC,O_172_산곡점,가좌동과외,1,0,0.0,0
2026-08-06,02-1_FC,O_172_산곡점,청천동과외,3,0,0.0,0
2026-08-06,02-1_FC,O_172_산곡점,십정동과외,1,0,0.0,0
2026-08-06,02-1_FC,O_172_산곡점,인천학원,4,0,0.0,0
2026-08-06,02-1_FC,O_174_하계점,하계동학원,1,0,0.0,0
2026-08-06,02-1_FC,O_174_하계점,중계동종합학원,2,0,0.0,0
2026-08-06,02-1_FC,O_174_하계점,중계동영수학원,1,0,0.0,0
2026-08-06,02-1_FC,O_174_하계점,중계동학원추천,1,0,0.0,0
2026-08-06,02-1_FC,O_174_하계점,월계동학원,7,0,0.0,0
2026-08-06,02-1_FC,O_174_하계점,월계동국영수학원,1,0,0.0,0
2026-08-06,02-1_FC,O_174_하계점,중계동입시학원,1,0,0.0,0
2026-08-06,02-1_FC,O_174_하계점,중계동입시상담,4,0,0.0,0
2026-08-06,02-1_FC,O_173_등촌점,가양동영어과외,1,0,0.0,0
2026-08-06,02-1_FC,O_173_등촌점,염창동학원,1,0,0.0,0
2026-08-06,02-1_FC,O_175_별내점,별내동학원,1,0,0.0,0
2026-08-06,02-1_FC,O_175_별내점,별내동영수학원,1,0,0.0,0
2026-08-06,02-1_FC,O_175_별내점,별내동수학학원,1,0,0.0,0
2026-08-06,02-1_FC,O_176_문화점,오류동학원,1,0,0.0,0
2026-08-06,02-1_FC,O_176_문화점,용두동학원,1,0,0.0,0
2026-08-06,02-1_FC,O_176_문화점,유천동수학학원,1,0,0.0,0
2026-08-06,02-1_FC,O_176_문화점,태평동수학학원,6,0,0.0,0
2026-08-06,02-1_FC,O_176_문화점,태평동국어학원,1,0,0.0,0
2026-08-06,02-1_FC,O_176_문화점,은행동국어학원,2,0,0.0,0
2026-08-06,02-1_FC,O_176_문화점,용두동수학학원,1,0,0.0,0
2026-08-06,02-1_FC,O_176_문화점,용두동영어학원,1,0,0.0,0
2026-08-06,02-1_FC,O_191_구의점,자양동수학학원,7,0,0.0,0
2026-08-06,02-1_FC,O_191_구의점,자양동영어학원,8,0,0.0,0
2026-08-06,02-1_FC,O_191_구의점,능동수학학원,4,0,0.0,0
2026-08-06,02-1_FC,O_191_구의점,능동영어학원,2,0,0.0,0
2026-08-06,02-1_FC,O_189_고척점,개봉동영어학원,1,0,0.0,0
2026-08-06,02-1_FC,O_189_고척점,광명동수학학원,1,0,0.0,0
2026-08-06,02-1_FC,O_185_첨단1점,양산동영어학원,1,0,0.0,0
2026-08-06,02-1_FC,O_184_비전점,동삭동학원,1,0,0.0,0
2026-08-06,02-1_FC,O_184_비전점,비전동수학학원,6,0,0.0,0
2026-08-06,02-1_FC,O_184_비전점,비전동내신대비,1,0,0.0,0
2026-08-06,02-1_FC,O_184_비전점,동삭동영어학원,1,0,0.0,0
2026-08-06,02-1_FC,O_183_신정점,고척동학원,1,0,0.0,0
2026-08-06,02-1_FC,O_183_신정점,고척동수학학원,1,0,0.0,0
2026-08-06,02-1_FC,O_183_신정점,고척동영어학원,1,0,0.0,0
2026-08-06,02-1_FC,O_181_주엽점,주엽동수학학원,5,0,0.0,0
2026-08-06,02-1_FC,O_181_주엽점,주엽동영어학원,2,0,0.0,0
2026-08-06,02-1_FC,O_181_주엽점,주엽동국어학원,2,0,0.0,0
2026-08-06,02-1_FC,O_180_마곡점,마곡나루영어학원,1,0,0.0,0
2026-08-06,02-1_FC,O_180_마곡점,마곡동과학학원,4,0,0.0,0
2026-08-06,02-1_FC,O_178_진관점,진관동수학학원,2,0,0.0,0
2026-08-06,02-1_FC,O_178_진관점,동산동수학학원,1,0,0.0,0
2026-08-06,02-1_FC,O_179_신갈점,신갈역수학학원,3,0,0.0,0
2026-08-06,02-1_FC,O_177_운양점,운양동수학학원,7,0,0.0,0
2026-08-06,02-1_FC,O_177_운양점,운양동영어학원,19,0,0.0,0
2026-08-06,09_진로진학,진로진학_PC,무료적성검사,1,0,0.0,0
2026-08-06,09_진로진학,진로진학_PC,상상코치,1,0,0.0,0
2026-08-06,09_진로진학,진로진학_PC,아이기질검사,2,0,0.0,0
2026-08-06,09_진로진학,진로진학_PC,지문적성검사,8,0,0.0,0
2026-08-06,09_진로진학,진로진학_PC,직업적성검사,16,0,0.0,0
2026-08-06,09_진로진학,진로진학_PC,진로,25,0,0.0,0
2026-08-06,09_진로진학,진로진학_PC,진로검사,2,0,0.0,0
2026-08-06,09_진로진학,진로진학_PC,진로고민,2,0,0.0,0
2026-08-06,09_진로진학,진로진학_PC,진로교육,2,0,0.0,0
2026-08-06,09_진로진학,진로진학_PC,진로상담,2,0,0.0,0
2026-08-06,09_진로진학,진로진학_PC,진로상담사,1,0,0.0,0
2026-08-06,09_진로진학,진로진학_PC,진로적성검사,7,0,0.0,0
2026-08-06,09_진로진학,진로진학_PC,진로진학상담,1,0,0.0,0
2026-08-06,09_진로진학,진로진학_PC,진로코칭,1,0,0.0,0
2026-08-06,09_진로진학,진로진학_PC,진로탐색,1,0,0.0,0
2026-08-06,09_진로진학,진로진학_PC,청소년상담,3,0,0.0,0
2026-08-06,09_진로진학,진로진학_MO,직업적성검사,7,0,0.0,0
2026-08-06,09_진로진학,진로진학_MO,진로,6,0,0.0,0
2026-08-06,09_진로진학,진로진학_MO,진로검사,1,0,0.0,0
2026-08-06,09_진로진학,진로진학_MO,진로고민,1,0,0.0,0
2026-08-06,09_진로진학,진로진학_MO,진로교육,1,0,0.0,0
2026-08-06,09_진로진학,진로진학_MO,진로상담,7,0,0.0,0
2026-08-06,09_진로진학,진로진학_MO,진로적성검사,7,0,0.0,0
2026-08-06,09_진로진학,진로진학_MO,진로탐색,2,0,0.0,0
2026-08-06,09_진로진학,진로진학_MO,무료진로적성검사,1,0,0.0,0
2026-08-06,09_진로진학,진로진학_MO,상상코치,2,0,0.0,0
2026-08-06,09_진로진학,진로진학_MO,지문적성검사,1,0,0.0,0
2026-08-06,09_진로진학,진로진학_MO,직업상담,2,0,0.0,0
2026-08-06,03_에듀코치_PC,01_시험,수능공부,1,0,0.0,0
2026-08-06,03_에듀코치_PC,01_시험,기말고사공부법,1,0,0.0,0
2026-08-06,03_에듀코치_PC,01_시험,모의고사,124,0,0.0,0
2026-08-06,03_에듀코치_PC,01_시험,중간고사,6,0,0.0,0
2026-08-06,03_에듀코치_PC,01_시험,기말고사,1,0,0.0,0
2026-08-06,03_에듀코치_PC,01_시험,서술형,3,0,0.0,0
2026-08-06,03_에듀코치_PC,01_시험,새학기준비,3,0,0.0,0
2026-08-06,03_에듀코치_PC,02_시험조합_1/2,영어시험대비,1,0,0.0,0
2026-08-06,03_에듀코치_PC,02_시험조합_1/2,시험대비,5,0,0.0,0
2026-08-06,03_에듀코치_PC,02_시험조합_1/2,중3국어공부,1,0,0.0,0
2026-08-06,03_에듀코치_PC,02_시험조합_1/2,고등국어공부,1,0,0.0,0
2026-08-06,03_에듀코치_PC,02_시험조합_1/2,중1수학공부,1,0,0.0,0
2026-08-06,03_에듀코치_PC,02_시험조합_1/2,중3수학공부,1,0,0.0,0
2026-08-06,03_에듀코치_PC,02_시험조합_1/2,중등수학공부,1,0,0.0,0
2026-08-06,03_에듀코치_PC,02_시험조합_1/2,영어공부,16,0,0.0,0
2026-08-06,03_에듀코치_PC,02_시험조합_1/2,고등학생영어공부,1,0,0.0,0
2026-08-06,03_에듀코치_PC,02_시험조합_1/2,중2공부,1,0,0.0,0
2026-08-06,03_에듀코치_PC,02_시험조합_1/2,중학생국어공부법,1,0,0.0,0
2026-08-06,03_에듀코치_PC,02_시험조합_1/2,중1영어공부법,1,0,0.0,0
2026-08-06,03_에듀코치_PC,02_시험조합_1/2,중2영어공부법,6,0,0.0,0
2026-08-06,03_에듀코치_PC,02_시험조합_1/2,중1공부법,1,0,0.0,0
2026-08-06,03_에듀코치_PC,02_시험조합_1/2,중학생공부법,1,0,0.0,0
2026-08-06,03_에듀코치_PC,02_시험조합_1/2,수학학습,1,0,0.0,0
2026-08-06,03_에듀코치_PC,02_시험조합_1/2,영어학습,28,0,0.0,0
2026-08-06,03_에듀코치_PC,02_시험조합_1/2,학습,18,0,0.0,0
2026-08-06,03_에듀코치_PC,02_시험조합_1/2,중등국어,1,0,0.0,0
2026-08-06,03_에듀코치_PC,02_시험조합_1/2,고1국어,1,0,0.0,0
2026-08-06,03_에듀코치_PC,02_시험조합_1/2,예비고1국어,1,0,0.0,0
2026-08-06,03_에듀코치_PC,02_시험조합_1/2,중1수학,4,0,0.0,0
2026-08-06,03_에듀코치_PC,02_시험조합_1/2,중3수학,19,0,0.0,0
2026-08-06,03_에듀코치_PC,02_시험조합_1/2,예비중1수학,1,0,0.0,0
2026-08-06,03_에듀코치_PC,02_시험조합_1/2,중학생수학,6,0,0.0,0
2026-08-06,03_에듀코치_PC,02_시험조합_1/2,고1수학,1,0,0.0,0
2026-08-06,03_에듀코치_PC,02_시험조합_1/2,영어,13,0,0.0,0
2026-08-06,03_에듀코치_PC,02_시험조합_1/2,중1영어,3,0,0.0,0
2026-08-06,03_에듀코치_PC,02_시험조합_1/2,중2영어,2,0,0.0,0
2026-08-06,03_에듀코치_PC,02_시험조합_1/2,중학생영어,8,0,0.0,0
2026-08-06,03_에듀코치_PC,02_시험조합_1/2,고1영어,2,0,0.0,0
2026-08-06,03_에듀코치_PC,02_시험조합_1/2,예비고3공부,2,0,0.0,0
2026-08-06,03_에듀코치_PC,02_시험조합_1/2,고등수학공부,1,0,0.0,0
2026-08-06,03_에듀코치_PC,02_시험조합_1/2,중등영어내신,3,0,0.0,0
2026-08-06,03_에듀코치_PC,02_시험조합_1/2,과학공부법,2,0,0.0,0
2026-08-06,03_에듀코치_PC,02_시험조합_1/2,수학내신대비,2,0,0.0,0
2026-08-06,03_에듀코치_PC,02_시험조합_1/2,수학기출,1,0,0.0,0
2026-08-06,03_에듀코치_PC,02_시험조합_1/2,중2영어기출,1,0,0.0,0
2026-08-06,03_에듀코치_PC,02_시험조합_1/2,수학시험,2,0,0.0,0
2026-08-06,03_에듀코치_PC,02_시험조합_1/2,영어시험,1,0,0.0,0
2026-08-06,03_에듀코치_PC,02_시험조합_1/2,중3영어시험,1,0,0.0,0
2026-08-06,03_에듀코치_PC,02_시험조합_2/2,중3사회,1,0,0.0,0
2026-08-06,03_에듀코치_PC,02_시험조합_2/2,중등사회,2,0,0.0,0
2026-08-06,03_에듀코치_PC,02_시험조합_2/2,중등,4,0,0.0,0
2026-08-06,03_에듀코치_PC,02_시험조합_2/2,중1과학,1,0,0.0,0
2026-08-06,03_에듀코치_PC,02_시험조합_2/2,중3과학,1,0,0.0,0
2026-08-06,03_에듀코치_PC,02_시험조합_2/2,중등과학,1,0,0.0,0
2026-08-06,03_에듀코치_PC,02_시험조합_2/2,중학생과학,1,0,0.0,0
2026-08-06,03_에듀코치_PC,02_시험조합_2/2,고등영어내신,3,0,0.0,0
2026-08-06,03_에듀코치_PC,02_시험조합_2/2,사회내신,1,0,0.0,0
2026-08-06,03_에듀코치_PC,02_시험조합_2/2,중등내신,1,0,0.0,0
2026-08-06,03_에듀코치_PC,02_시험조합_2/2,고2과학내신,1,0,0.0,0
2026-08-06,03_에듀코치_PC,02_시험조합_2/2,고2내신,2,0,0.0,0
2026-08-06,03_에듀코치_PC,02_시험조합_2/2,기출,2,0,0.0,0
2026-08-06,03_에듀코치_PC,02_시험조합_2/2,고등수학기출,1,0,0.0,0
2026-08-06,03_에듀코치_PC,02_시험조합_2/2,시험,14,0,0.0,0
2026-08-06,03_에듀코치_PC,02_시험조합_2/2,중학생시험,1,0,0.0,0
2026-08-06,03_에듀코치_PC,02_시험조합_2/2,과학시험,1,0,0.0,0
2026-08-06,03_에듀코치_PC,03_학원_1/2,고1국어,2,0,0.0,0
2026-08-06,03_에듀코치_PC,03_학원_1/2,고3국어,1,0,0.0,0
2026-08-06,03_에듀코치_PC,03_학원_1/2,사회,8,0,0.0,0
2026-08-06,03_에듀코치_PC,03_학원_1/2,중학생사회,1,0,0.0,0
2026-08-06,03_에듀코치_PC,03_학원_1/2,수학,32,0,0.0,0
2026-08-06,03_에듀코치_PC,03_학원_1/2,고1수학,13,0,0.0,0
2026-08-06,03_에듀코치_PC,03_학원_1/2,영수,2,0,0.0,0
2026-08-06,03_에듀코치_PC,03_학원_1/2,중등영어,4,0,0.0,0
2026-08-06,03_에듀코치_PC,03_학원_1/2,중등,3,0,0.0,0
2026-08-06,03_에듀코치_PC,03_학원_1/2,수학학원,4,0,0.0,0
2026-08-06,03_에듀코치_PC,03_학원_1/2,영어학원,10,0,0.0,0
2026-08-06,03_에듀코치_PC,03_학원_1/2,수학학원추천,2,0,0.0,0
2026-08-06,03_에듀코치_PC,03_학원_1/2,영수전문학원,1,0,0.0,0
2026-08-06,03_에듀코치_PC,03_학원_1/2,소수정예,1,0,0.0,0
2026-08-06,03_에듀코치_PC,03_학원_2/2,고2수학,1,0,0.0,0
2026-08-06,03_에듀코치_PC,03_학원_2/2,고3수학,2,0,0.0,0
2026-08-06,03_에듀코치_MO,01_시험,수능공부,1,0,0.0,0
2026-08-06,03_에듀코치_MO,01_시험,기말고사공부,1,0,0.0,0
2026-08-06,03_에듀코치_MO,01_시험,기말대비,1,0,0.0,0
2026-08-06,03_에듀코치_MO,01_시험,중간고사공부법,1,0,0.0,0
2026-08-06,03_에듀코치_MO,01_시험,모의고사,1,0,0.0,0
2026-08-06,03_에듀코치_MO,01_시험,중간고사,2,0,0.0,0
2026-08-06,03_에듀코치_MO,01_시험,수학능력시험,9,0,0.0,0
2026-08-06,03_에듀코치_MO,01_시험,서술형,11,0,0.0,0
2026-08-06,03_에듀코치_MO,02_시험조합_1/2,수학시험대비,23,0,0.0,0
2026-08-06,03_에듀코치_MO,02_시험조합_1/2,시험대비,1,0,0.0,0
2026-08-06,03_에듀코치_MO,02_시험조합_1/2,예비중1국어공부,1,0,0.0,0
2026-08-06,03_에듀코치_MO,02_시험조합_1/2,고1국어공부,1,0,0.0,0
2026-08-06,03_에듀코치_MO,02_시험조합_1/2,고3국어공부,1,0,0.0,0
2026-08-06,03_에듀코치_MO,02_시험조합_1/2,예비중1수학공부,3,0,0.0,0
2026-08-06,03_에듀코치_MO,02_시험조합_1/2,중학생영어공부,7,0,0.0,0
2026-08-06,03_에듀코치_MO,02_시험조합_1/2,고등영어공부,53,0,0.0,0
2026-08-06,03_에듀코치_MO,02_시험조합_1/2,예비고3영어공부,4,0,0.0,0
2026-08-06,03_에듀코치_MO,02_시험조합_1/2,사회공부,8,0,0.0,0
2026-08-06,03_에듀코치_MO,02_시험조합_1/2,중1공부,2,0,0.0,0
2026-08-06,03_에듀코치_MO,02_시험조합_1/2,중2공부,4,0,0.0,0
2026-08-06,03_에듀코치_MO,02_시험조합_1/2,예비중1공부,9,0,0.0,0
2026-08-06,03_에듀코치_MO,02_시험조합_1/2,중학생공부,10,0,0.0,0
2026-08-06,03_에듀코치_MO,02_시험조합_1/2,예비고1국어공부법,2,0,0.0,0
2026-08-06,03_에듀코치_MO,02_시험조합_1/2,예비고3국어공부법,2,0,0.0,0
2026-08-06,03_에듀코치_MO,02_시험조합_1/2,고등학생국어공부법,4,0,0.0,0
2026-08-06,03_에듀코치_MO,02_시험조합_1/2,고등영어공부법,24,0,0.0,0
2026-08-06,03_에듀코치_MO,02_시험조합_1/2,중등공부법,5,0,0.0,0
2026-08-06,03_에듀코치_MO,02_시험조합_1/2,예비중1공부법,9,0,0.0,0
2026-08-06,03_에듀코치_MO,02_시험조합_1/2,고등국어학습,5,0,0.0,0
2026-08-06,03_에듀코치_MO,02_시험조합_1/2,예비고1국어학습,2,0,0.0,0
2026-08-06,03_에듀코치_MO,02_시험조합_1/2,사회학습,2,0,0.0,0
2026-08-06,03_에듀코치_MO,02_시험조합_1/2,중등학습,1,0,0.0,0
2026-08-06,03_에듀코치_MO,02_시험조합_1/2,고등시험대비,2,0,0.0,0
2026-08-06,03_에듀코치_MO,02_시험조합_1/2,국어,5,0,0.0,0
2026-08-06,03_에듀코치_MO,02_시험조합_1/2,고1국어,81,0,0.0,0
2026-08-06,03_에듀코치_MO,02_시험조합_1/2,고2국어,237,2,2927.0,0
2026-08-06,03_에듀코치_MO,02_시험조합_1/2,수학,206,0,0.0,0
2026-08-06,03_에듀코치_MO,02_시험조합_1/2,고2국영수,2,0,0.0,0
2026-08-06,03_에듀코치_MO,02_시험조합_1/2,영어,23,0,0.0,0
2026-08-06,03_에듀코치_MO,02_시험조합_1/2,고1영어,9,0,0.0,0
2026-08-06,03_에듀코치_MO,02_시험조합_1/2,고등과학공부,1,0,0.0,0
2026-08-06,03_에듀코치_MO,02_시험조합_1/2,예비고3공부,3,0,0.0,0
2026-08-06,03_에듀코치_MO,02_시험조합_1/2,고등수학공부,28,0,0.0,0
2026-08-06,03_에듀코치_MO,02_시험조합_1/2,예비고3수학공부,7,0,0.0,0
2026-08-06,03_에듀코치_MO,02_시험조합_1/2,고2국어내신,1,0,0.0,0
2026-08-06,03_에듀코치_MO,02_시험조합_1/2,고3국어내신,22,0,0.0,0
2026-08-06,03_에듀코치_MO,02_시험조합_1/2,고등국어내신,29,0,0.0,0
2026-08-06,03_에듀코치_MO,02_시험조합_1/2,고1수학내신,17,0,0.0,0
2026-08-06,03_에듀코치_MO,02_시험조합_1/2,고1영어내신,14,0,0.0,0
2026-08-06,03_에듀코치_MO,02_시험조합_1/2,고2영어내신,2,0,0.0,0
2026-08-06,03_에듀코치_MO,02_시험조합_1/2,고3영어내신,7,0,0.0,0
2026-08-06,03_에듀코치_MO,02_시험조합_1/2,고등과학공부법,2,0,0.0,0
2026-08-06,03_에듀코치_MO,02_시험조합_1/2,예비고3공부법,11,0,0.0,0
2026-08-06,03_에듀코치_MO,02_시험조합_1/2,고등수학공부법,12,0,0.0,0
2026-08-06,03_에듀코치_MO,02_시험조합_1/2,예비고3수학공부법,2,0,0.0,0
2026-08-06,03_에듀코치_MO,02_시험조합_1/2,국어내신대비,3,0,0.0,0
2026-08-06,03_에듀코치_MO,02_시험조합_1/2,고2국어내신대비,5,0,0.0,0
2026-08-06,03_에듀코치_MO,02_시험조합_1/2,고등국어내신대비,31,0,0.0,0
2026-08-06,03_에듀코치_MO,02_시험조합_1/2,영어내신대비,8,0,0.0,0
2026-08-06,03_에듀코치_MO,02_시험조합_1/2,고3영어내신대비,6,0,0.0,0
2026-08-06,03_에듀코치_MO,02_시험조합_1/2,과학학습,3,0,0.0,0
2026-08-06,03_에듀코치_MO,02_시험조합_1/2,고등학습,1,0,0.0,0
2026-08-06,03_에듀코치_MO,02_시험조합_1/2,국어기출,15,0,0.0,0
2026-08-06,03_에듀코치_MO,02_시험조합_1/2,고2국어기출,1,0,0.0,0
2026-08-06,03_에듀코치_MO,02_시험조합_1/2,고등국어기출,3,0,0.0,0
2026-08-06,03_에듀코치_MO,02_시험조합_1/2,수학기출,26,0,0.0,0
2026-08-06,03_에듀코치_MO,02_시험조합_1/2,영어기출,10,0,0.0,0
2026-08-06,03_에듀코치_MO,02_시험조합_1/2,국어시험,12,0,0.0,0
2026-08-06,03_에듀코치_MO,02_시험조합_1/2,고1수학시험,2,0,0.0,0
2026-08-06,03_에듀코치_MO,02_시험조합_1/2,영어시험,2,0,0.0,0
2026-08-06,03_에듀코치_MO,03_학원_1/2,중학생영어,1,0,0.0,0
2026-08-06,03_에듀코치_MO,03_학원_1/2,수학학원,1,0,0.0,0
2026-08-06,03_에듀코치_MO,03_학원_1/2,영어학원,1,0,0.0,0
2026-08-06,03_에듀코치_MO,02_시험조합_2/2,중3사회,1,0,0.0,0
2026-08-06,03_에듀코치_MO,02_시험조합_2/2,고등영어내신,3,0,0.0,0
2026-08-06,03_에듀코치_MO,02_시험조합_2/2,고1사회내신,1,0,0.0,0
2026-08-06,03_에듀코치_MO,02_시험조합_2/2,중3내신,3,0,0.0,0
2026-08-06,03_에듀코치_MO,02_시험조합_2/2,중학생내신,1,0,0.0,0
2026-08-06,03_에듀코치_MO,02_시험조합_2/2,고3내신,2,0,0.0,0
2026-08-06,03_에듀코치_MO,02_시험조합_2/2,고등내신,123,0,0.0,0
2026-08-06,03_에듀코치_MO,02_시험조합_2/2,고2수학내신,2,0,0.0,0
2026-08-06,03_에듀코치_MO,02_시험조합_2/2,고3수학내신,2,0,0.0,0
2026-08-06,03_에듀코치_MO,02_시험조합_2/2,고등수학내신,2,0,0.0,0
2026-08-06,03_에듀코치_MO,03_학원_2/2,고등내신대비,2,0,0.0,0
2026-08-06,03_에듀코치_MO,03_학원_2/2,내신대비학원,1,0,0.0,0
2026-08-06,06_초등_MO,01_자기주도학습,초등자기주도학습,1,0,0.0,0
2026-08-06,06_초등_MO,01_자기주도학습,초등공부,8,0,0.0,0
2026-08-06,06_초등_MO,01_자기주도학습,초등학습,2,0,0.0,0
2026-08-06,06_초등_MO,01_자기주도학습,초등학습관리,1,0,0.0,0
2026-08-06,06_초등_MO,01_자기주도학습,초등학생수행평가,1,0,0.0,0
2026-08-06,06_초등_MO,01_자기주도학습,초등공부습관만들기,2,0,0.0,0
2026-08-06,06_초등_MO,03_인강/과외,초5수학과외,2,0,0.0,0
2026-08-06,06_초등_MO,03_인강/과외,초5인강,1,0,0.0,0
2026-08-06,06_초등_MO,03_인강/과외,초5수학인강,1,0,0.0,0
2026-08-06,06_초등_PC,03_인강/과외,초등공부방,4,0,0.0,0
2026-08-06,06_초등_PC,03_인강/과외,초등영어과외,4,0,0.0,0
2026-08-06,06_초등_PC,03_인강/과외,초등영어인강,2,0,0.0,0
2026-08-06,06_초등_PC,03_인강/과외,초등학생과외,2,0,0.0,0
2026-08-06,06_초등_PC,01_자기주도학습,초등학생자기주도학습,1,0,0.0,0
2026-08-06,06_초등_PC,01_자기주도학습,초등자기주도학습,1,0,0.0,0
2026-08-06,06_초등_PC,01_자기주도학습,초등공부,1,0,0.0,0
2026-08-06,06_초등_PC,01_자기주도학습,초등학습,3,0,0.0,0
2026-08-06,06_초등_PC,01_자기주도학습,초등수행평가,1,0,0.0,0
2026-08-06,06_초등_PC,01_자기주도학습,초등학교수행평가,1,0,0.0,0
2026-08-06,08_중등_MO,01_자기주도학습,중학생학습,6,0,0.0,0
2026-08-06,08_중등_MO,01_자기주도학습,중등학습코칭,1,0,0.0,0
2026-08-06,08_중등_MO,01_자기주도학습,중학교자기주도학습,9,0,0.0,0
2026-08-06,08_중등_MO,01_자기주도학습,중학교공부,1,0,0.0,0
2026-08-06,08_중등_MO,02_학원,중3영어,3,0,0.0,0
2026-08-06,08_중등_MO,02_학원,중등학원,4,0,0.0,0
2026-08-06,08_중등_MO,02_학원,중등전문학원,38,0,0.0,0
2026-08-06,08_중등_MO,02_학원,중등수학,2,0,0.0,0
2026-08-06,08_중등_MO,02_학원,중등수학학원,35,0,0.0,0
2026-08-06,08_중등_MO,02_학원,중등국어학원,8,0,0.0,0
2026-08-06,08_중등_MO,02_학원,중등과학학원,10,0,0.0,0
2026-08-06,08_중등_MO,02_학원,중학교학원,1,0,0.0,0
2026-08-06,08_중등_MO,02_학원,중학교영어학원,4,0,0.0,0
2026-08-06,08_중등_MO,02_학원,중학생학원,6,0,0.0,0
2026-08-06,08_중등_MO,02_학원,중학생수학학원,4,0,0.0,0
2026-08-06,08_중등_MO,02_학원,중2학원,1,0,0.0,0
2026-08-06,08_중등_MO,04_중학교 내신,중학교내신,1702,6,5581.0,0
2026-08-06,08_중등_MO,04_중학교 내신,중학교수행평가,6,0,0.0,0
2026-08-06,08_중등_PC,01_자기주도학습,중학생학습코칭,1,0,0.0,0
2026-08-06,08_중등_PC,01_자기주도학습,중학생공부,4,0,0.0,0
2026-08-06,08_중등_PC,01_자기주도학습,중학생학습,1,0,0.0,0
2026-08-06,08_중등_PC,01_자기주도학습,중등공부,3,0,0.0,0
2026-08-06,08_중등_PC,01_자기주도학습,중등학습,1,0,0.0,0
2026-08-06,08_중등_PC,01_자기주도학습,중학교자기주도학습,15,0,0.0,0
2026-08-06,08_중등_PC,01_자기주도학습,중학교공부,11,0,0.0,0
2026-08-06,08_중등_PC,02_학원,중등수학학원,8,0,0.0,0
2026-08-06,08_중등_PC,02_학원,중등영어학원,67,0,0.0,0
2026-08-06,08_중등_PC,02_학원,중학교영어,1,0,0.0,0
2026-08-06,08_중등_PC,02_학원,중학교영어학원,1,0,0.0,0
2026-08-06,08_중등_PC,02_학원,중1수학,1,0,0.0,0
2026-08-06,08_중등_PC,02_학원,중학생영어학원,32,0,0.0,0
2026-08-06,08_중등_PC,02_학원,중2수학,2,0,0.0,0
2026-08-06,08_중등_PC,02_학원,종합학원,8,0,0.0,0
2026-08-06,08_중등_PC,03_인강/과외,중3영어과외,24,0,0.0,0
2026-08-06,08_중등_PC,03_인강/과외,중3인강,4,0,0.0,0
2026-08-06,08_중등_PC,03_인강/과외,중3수학인강,2,0,0.0,0
2026-08-06,08_중등_PC,03_인강/과외,중3영어인강,1,0,0.0,0
2026-08-06,08_중등_PC,03_인강/과외,중등공부방,3,0,0.0,0
2026-08-06,08_중등_PC,03_인강/과외,중등수학과외,1,0,0.0,0
2026-08-06,08_중등_PC,03_인강/과외,중등과학과외,3,0,0.0,0
2026-08-06,08_중등_PC,03_인강/과외,중등인강,13,0,0.0,0
2026-08-06,08_중등_PC,03_인강/과외,중등수학인강,4,0,0.0,0
2026-08-06,08_중등_PC,03_인강/과외,중등국어인강,39,0,0.0,0
2026-08-06,08_중등_PC,03_인강/과외,중등영어인강,2,0,0.0,0
2026-08-06,08_중등_PC,03_인강/과외,중학생과외,3,0,0.0,0
2026-08-06,08_중등_PC,03_인강/과외,중학생수학과외,4,0,0.0,0
2026-08-06,08_중등_PC,03_인강/과외,중학생영어과외,22,0,0.0,0
2026-08-06,08_중등_PC,03_인강/과외,중학생국어과외,4,0,0.0,0
2026-08-06,08_중등_PC,03_인강/과외,중학생인강,14,0,0.0,0
2026-08-06,08_중등_PC,03_인강/과외,중학생수학인강,10,0,0.0,0
2026-08-06,08_중등_PC,03_인강/과외,중학교과외,1,0,0.0,0
2026-08-06,08_중등_PC,03_인강/과외,중학교과학과외,16,0,0.0,0
2026-08-06,08_중등_PC,03_인강/과외,중학교인강,60,0,0.0,0
2026-08-06,08_중등_PC,03_인강/과외,중학교수학인강,1,0,0.0,0
2026-08-06,08_중등_PC,03_인강/과외,중학교영어인강,1,0,0.0,0
2026-08-06,08_중등_PC,03_인강/과외,중1국어과외,1,0,0.0,0
2026-08-06,08_중등_PC,03_인강/과외,중1수학인강,2,0,0.0,0
2026-08-06,08_중등_PC,03_인강/과외,중등홈스쿨링,2,0,0.0,0
2026-08-06,08_중등_PC,03_인강/과외,중등온라인수업,1,0,0.0,0
2026-08-06,08_중등_PC,03_인강/과외,중학교온라인강의,1,0,0.0,0
2026-08-06,08_중등_PC,04_중학교 내신,중학교내신,447,0,0.0,0
2026-08-06,16_특정 키워드,01_경쟁사키워드,ILE,1,0,0.0,0
2026-08-06,16_특정 키워드,02_참고서키워드,개념원리수학,6,0,0.0,0
2026-08-06,16_특정 키워드,02_참고서키워드,수학문제집추천,1,0,0.0,0
2026-08-06,16_특정 키워드,02_참고서키워드,한국사문제집,16,0,0.0,0
2026-08-06,16_특정 키워드,02_참고서키워드,개념원리인강,1,0,0.0,0
2026-08-06,16_특정 키워드,02_참고서키워드,개념원리수학상,2,0,0.0,0
2026-08-06,16_특정 키워드,02_참고서키워드,개념원리수2,1,0,0.0,0
2026-08-06,16_특정 키워드,02_참고서키워드,개념유형,4,0,0.0,0
2026-08-06,16_특정 키워드,02_참고서키워드,개념원리고등수학,1,0,0.0,0
2026-08-06,16_특정 키워드,02_참고서키워드,개념원리확통,1,0,0.0,0
2026-08-06,16_특정 키워드,02_참고서키워드,수학2,1,0,0.0,0
2026-08-06,16_특정 키워드,02_참고서키워드,개념플러스유형인강,1,0,0.0,0
2026-08-06,16_특정 키워드,02_참고서키워드,미래엔교과서구입,35,0,0.0,0
2026-08-06,16_특정 키워드,02_참고서키워드,과학기자재,1,0,0.0,0
2026-08-06,16_특정 키워드,02_참고서키워드,개념원리미적분,5,0,0.0,0
2026-08-06,16_특정 키워드,02_참고서키워드,EBS초등수학,4,0,0.0,0
2026-08-06,16_특정 키워드,02_참고서키워드,수학의정석,46,0,0.0,0
2026-08-06,16_특정 키워드,02_참고서키워드,완자화학1,1,0,0.0,0
2026-08-06,16_특정 키워드,02_참고서키워드,기적의영어리딩,3,0,0.0,0
2026-08-06,16_특정 키워드,02_참고서키워드,미래엔영어,1,0,0.0,0
2026-08-06,16_특정 키워드,02_참고서키워드,미래엔수학,85,0,0.0,0
2026-08-06,16_특정 키워드,03_이슈키워드,티쳐스후기,1,0,0.0,0
2026-08-06,16_특정 키워드,04_유리스마,웩슬러검사,29,0,0.0,0
2026-08-06,16_특정 키워드,04_유리스마,지능검사,35,0,0.0,0
2026-08-06,16_특정 키워드,04_유리스마,유리스마,9,0,0.0,0
2026-08-06,16_특정 키워드,미미미누 콜라보,미3누,8,0,0.0,0
2026-08-06,16_특정 키워드,미미미누 콜라보,VLT,22,0,0.0,0
2026-08-06,16_특정 키워드,미미미누 콜라보,에듀플렉스후기,20,0,0.0,0
2026-08-06,11_예비고1_MO,예비고1+자기주도학습,예비고1공부코디네이터,2,0,0.0,0
2026-08-06,11_예비고1_MO,예비고1+관리/준비,예비고1공부,40,0,0.0,0
2026-08-06,11_예비고1_MO,예비고1+관리/준비,고등진학상담,2,0,0.0,0
2026-08-06,11_예비고1_MO,예비고1+학원/과외,예비고1학원,41,0,0.0,0
2026-08-06,11_예비고1_MO,예비고1+학원/과외,예비고1영어과외,72,0,0.0,0
2026-08-06,11_예비고1_MO,예비고1+학원/과외,예비고1영어학원,14,0,0.0,0
2026-08-06,11_예비고1_MO,예비고1+학원/과외,예비고1국어학원,10,0,0.0,0
2026-08-06,11_예비고1_MO,예비고1+학원/과외,예비고1인강,4,0,0.0,0
2026-08-06,11_예비고1_PC,예비고1+관리/준비,예비고1준비,64,0,0.0,0
2026-08-06,11_예비고1_PC,예비고1+자기주도학습,예비고1코디네이터,1,0,0.0,0
2026-08-06,11_예비고1_PC,예비고1+학원/과외,예비고1과외,1,0,0.0,0
2026-08-06,11_예비고1_PC,예비고1+학원/과외,예비고1수학과외,8,0,0.0,0
2026-08-06,12_예비중1_MO,2. 예비중1+자기주도학습,예비중1독서실,1,0,0.0,0
2026-08-06,12_예비중1_MO,3. 예비중1+학원/과외,예비중1수학학원,7,0,0.0,0
2026-08-06,12_예비중1_MO,3. 예비중1+학원/과외,예비중1영어과외,1,0,0.0,0
2026-08-06,12_예비중1_MO,3. 예비중1+학원/과외,예비중1종합학원,8,0,0.0,0
2026-08-06,12_예비중1_MO,3. 예비중1+학원/과외,예비중1학원,28,0,0.0,0
2026-08-06,12_예비중1_PC,예비중1+학원/과외,예비중1국어학원,2,0,0.0,0
2026-08-06,12_예비중1_PC,예비중1+학원/과외,예비중1수학과외,2,0,0.0,0
2026-08-06,12_예비중1_PC,예비중1+학원/과외,예비중1수학학원,1,0,0.0,0
2026-08-06,12_예비중1_PC,예비중1+학원/과외,예비중1영어과외,47,0,0.0,0
2026-08-06,12_예비중1_PC,예비중1+학원/과외,예비중1영어학원,10,0,0.0,0
2026-08-06,12_예비중1_PC,예비중1+학원/과외,예비중1인강,5,0,0.0,0
2026-08-06,12_예비중1_PC,예비중1+학원/과외,예비중1특강,1,0,0.0,0
2026-08-06,12_예비중1_PC,예비중1+학원/과외,예비중1학원,1,0,0.0,0
2026-08-06,10_고등_MO,01_자기주도학습,고3공부,2,0,0.0,0
2026-08-06,10_고등_MO,02_학원,고등국어학원,8,0,0.0,0
2026-08-06,10_고등_MO,02_학원,고등수학,23,0,0.0,0
2026-08-06,10_고등_MO,02_학원,고등수학학원,12,0,0.0,0
2026-08-06,10_고등_MO,02_학원,고등영어,11,0,0.0,0
2026-08-06,10_고등_MO,02_학원,고등영어전문학원,1,0,0.0,0
2026-08-06,10_고등_MO,02_학원,고등영어학원,43,1,3135.0,0
2026-08-06,10_고등_MO,02_학원,고등영어학원추천,1,0,0.0,0
2026-08-06,10_고등_MO,02_학원,고등학교국어학원,1,0,0.0,0
2026-08-06,10_고등_MO,02_학원,고등학교수학,8,0,0.0,0
2026-08-06,10_고등_MO,02_학원,고등학교영어,2,0,0.0,0
2026-08-06,10_고등_MO,02_학원,고등학생수학,2,0,0.0,0
2026-08-06,10_고등_MO,02_학원,고등학생영어,1,0,0.0,0
2026-08-06,10_고등_MO,02_학원,고등학생영어학원추천,1,0,0.0,0
2026-08-06,10_고등_MO,02_학원,고등학생학원,1,0,0.0,0
2026-08-06,10_고등_MO,02_학원,고1수학,21,0,0.0,0
2026-08-06,10_고등_MO,02_학원,고1영어,2,0,0.0,0
2026-08-06,10_고등_MO,02_학원,고2과학학원,1,0,0.0,0
2026-08-06,10_고등_MO,02_학원,고2수학,3,0,0.0,0
2026-08-06,10_고등_MO,02_학원,고2영어학원,1,0,0.0,0
2026-08-06,10_고등_MO,02_학원,고3수학,2,0,0.0,0
2026-08-06,10_고등_MO,02_학원,고3영어,1,0,0.0,0
2026-08-06,10_고등_MO,03_인강과외,고등국어,8,0,0.0,0
2026-08-06,10_고등_MO,03_인강과외,고등수학학원,31,0,0.0,0
2026-08-06,10_고등_MO,03_인강과외,고등과외,1,0,0.0,0
2026-08-06,10_고등_MO,03_인강과외,고등과학과외,4,0,0.0,0
2026-08-06,10_고등_MO,03_인강과외,고등국어과외,1,0,0.0,0
2026-08-06,10_고등_MO,03_인강과외,고등국어인강,1,0,0.0,0
2026-08-06,10_고등_MO,03_인강과외,고등수학과외,1,0,0.0,0
2026-08-06,10_고등_MO,03_인강과외,고등수학인강,6,0,0.0,0
2026-08-06,10_고등_MO,03_인강과외,고등영어과외,1,0,0.0,0
2026-08-06,10_고등_MO,03_인강과외,고등인강,1,0,0.0,0
2026-08-06,10_고등_MO,03_인강과외,고등학생영어과외,1,0,0.0,0
2026-08-06,10_고등_MO,03_인강과외,고등학교국어,2,0,0.0,0
2026-08-06,10_고등_MO,03_인강과외,고등학교중간고사,1,0,0.0,0
2026-08-06,10_고등_MO,03_인강과외,고등학교인강,1,0,0.0,0
2026-08-06,10_고등_MO,03_인강과외,고1국어,3,0,0.0,0
2026-08-06,10_고등_MO,03_인강과외,고1과학,1,0,0.0,0
2026-08-06,10_고등_MO,03_인강과외,고1영어인강,1,0,0.0,0
2026-08-06,10_고등_MO,03_인강과외,고1인강,1,0,0.0,0
2026-08-06,10_고등_MO,03_인강과외,고2국어,1,0,0.0,0
2026-08-06,10_고등_MO,03_인강과외,고2수학학원,1,0,0.0,0
2026-08-06,10_고등_MO,03_인강과외,고2수학과외,2,0,0.0,0
2026-08-06,10_고등_MO,03_인강과외,고3국어,1,0,0.0,0
2026-08-06,10_고등_MO,03_인강과외,고3수학학원,2,0,0.0,0
2026-08-06,10_고등_MO,03_인강과외,고3과외,2,0,0.0,0
2026-08-06,10_고등_MO,03_인강과외,고3영어과외,1,0,0.0,0
2026-08-06,10_고등_MO,03_인강과외,고등인강추천,3,0,0.0,0
2026-08-06,10_고등_MO,04_입시,면접학원,10,0,0.0,0
2026-08-06,10_고등_MO,04_입시,대입상담,1,0,0.0,0
2026-08-06,10_고등_MO,04_입시,고교입학설명회,3,0,0.0,0
2026-08-06,10_고등_MO,04_입시,수능,743,0,0.0,0
2026-08-06,10_고등_MO,04_입시,모의고사,2,0,0.0,0
2026-08-06,10_고등_MO,04_입시,평가원모의고사,1,0,0.0,0
2026-08-06,10_고등_MO,05_고등 내신,고등내신,3,0,0.0,0
2026-08-06,10_고등_MO,05_고등 내신,고2내신,1,0,0.0,0
2026-08-06,10_고등_PC,01_자기주도학습,고등학생멘토링,4,0,0.0,0
2026-08-06,10_고등_PC,01_자기주도학습,고등공부,1,0,0.0,0
2026-08-06,10_고등_PC,02_학원,고등과학학원,3,0,0.0,0
2026-08-06,10_고등_PC,02_학원,고등수학,16,0,0.0,0
2026-08-06,10_고등_PC,02_학원,고등수학학원,1,0,0.0,0
2026-08-06,10_고등_PC,02_학원,고등수학학원추천,1,0,0.0,0
2026-08-06,10_고등_PC,02_학원,고등영어학원,132,0,0.0,0
2026-08-06,10_고등_PC,02_학원,고1영어학원,2,0,0.0,0
2026-08-06,10_고등_PC,02_학원,고2수학학원,13,0,0.0,0
2026-08-06,10_고등_PC,02_학원,고3영어학원,2,0,0.0,0
2026-08-06,10_고등_PC,02_학원,종합학원,5,0,0.0,0
2026-08-06,10_고등_PC,03_인강과외,고등내신,1,0,0.0,0
2026-08-06,10_고등_PC,03_인강과외,고등국어,14,0,0.0,0
2026-08-06,10_고등_PC,03_인강과외,고등과학,1,0,0.0,0
2026-08-06,10_고등_PC,03_인강과외,고등과외,3,0,0.0,0
2026-08-06,10_고등_PC,03_인강과외,고등과학과외,2,0,0.0,0
2026-08-06,10_고등_PC,03_인강과외,고등국어과외,1,0,0.0,0
2026-08-06,10_고등_PC,03_인강과외,고등국어인강,17,0,0.0,0
2026-08-06,10_고등_PC,03_인강과외,고등수학과외,1,0,0.0,0
2026-08-06,10_고등_PC,03_인강과외,고등학생수학인강,2,0,0.0,0
2026-08-06,10_고등_PC,03_인강과외,고등학생영어과외,20,0,0.0,0
2026-08-06,10_고등_PC,03_인강과외,고등학생인강,1,0,0.0,0
2026-08-06,10_고등_PC,03_인강과외,고등학교인강,44,0,0.0,0
2026-08-06,10_고등_PC,03_인강과외,고1국어,9,0,0.0,0
2026-08-06,10_고등_PC,03_인강과외,고1국어인강,9,0,0.0,0
2026-08-06,10_고등_PC,03_인강과외,고1영어과외,14,0,0.0,0
2026-08-06,10_고등_PC,03_인강과외,고2국어,12,0,0.0,0
2026-08-06,10_고등_PC,03_인강과외,고2과외,1,0,0.0,0
2026-08-06,10_고등_PC,03_인강과외,고2국어인강,9,0,0.0,0
2026-08-06,10_고등_PC,03_인강과외,고3과외,1,0,0.0,0
2026-08-06,10_고등_PC,03_인강과외,고3국어과외,1,0,0.0,0
2026-08-06,10_고등_PC,03_인강과외,고3국어인강,13,0,0.0,0
2026-08-06,10_고등_PC,03_인강과외,고3수학과외,1,0,0.0,0
2026-08-06,10_고등_PC,03_인강과외,고3영어과외,1,0,0.0,0
2026-08-06,10_고등_PC,03_인강과외,고등온라인학습,2,0,0.0,0
2026-08-06,10_고등_PC,03_인강과외,고등학교홈스쿨링,1,0,0.0,0
2026-08-06,10_고등_PC,04_입시,대입입시컨설팅,4,0,0.0,0
2026-08-06,10_고등_PC,04_입시,대입학원,3,0,0.0,0
2026-08-06,10_고등_PC,04_입시,대입면접,5,0,0.0,0
2026-08-06,10_고등_PC,04_입시,대학교상담,1,0,0.0,0
2026-08-06,10_고등_PC,04_입시,대학교입시,15,0,0.0,0
2026-08-06,10_고등_PC,04_입시,대학교입시컨설팅,1,0,0.0,0
2026-08-06,10_고등_PC,04_입시,대학교면접,7,0,0.0,0
2026-08-06,10_고등_PC,04_입시,대학교자기소개서,1,0,0.0,0
2026-08-06,10_고등_PC,04_입시,입시학원,6,0,0.0,0
2026-08-06,10_고등_PC,04_입시,입시컨설팅학원,3,0,0.0,0
2026-08-06,10_고등_PC,04_입시,면접학원,4,0,0.0,0
2026-08-06,10_고등_PC,04_입시,대입상담,4,0,0.0,0
2026-08-06,10_고등_PC,04_입시,내신등급계산,3,0,0.0,0
2026-08-06,10_고등_PC,04_입시,수학능력시험,77,0,0.0,0
2026-08-06,10_고등_PC,04_입시,모의고사,1,0,0.0,0
2026-08-06,10_고등_PC,04_입시,수능공부,4,0,0.0,0
2026-08-06,10_고등_PC,05_고등 내신,고등학교내신,232,0,0.0,0
2026-08-06,B_브랜드검색,04_MO_브랜드검색,에듀플렉스,421,36,0.0,0
2026-08-06,B_브랜드검색,04_MO_브랜드검색,애듀플렉스,19,1,0.0,0
2026-08-06,B_브랜드검색,04_MO_브랜드검색,에듀플랙스,17,3,0.0,0
2026-08-06,B_브랜드검색,04_MO_브랜드검색,애듀플랙스,2,0,0.0,0
2026-08-06,B_브랜드검색,04_MO_브랜드검색,에듀플렉스체험,1,0,0.0,0
2026-08-06,B_브랜드검색,04_PC_브랜드검색,에듀플랙스,2,1,0.0,0
2026-08-06,B_브랜드검색,04_PC_브랜드검색,에듀플렉스,63,12,0.0,0
2026-08-06,B_브랜드검색,04_PC_브랜드검색,에듀플렉스후기,3,0,0.0,0
2026-08-07,02-1_FC,O_002_개금,개금동영어과외,1,0,0.0,0
2026-08-07,02-1_FC,O_003_계산,계양구국어학원,25,0,0.0,0
2026-08-07,02-1_FC,O_003_계산,계양구수학학원,9,0,0.0,0
2026-08-07,02-1_FC,O_003_계산,계양구과외,1,0,0.0,0
2026-08-07,02-1_FC,O_003_계산,계산특강,1,0,0.0,0
2026-08-07,02-1_FC,O_003_계산,계양구수학과외,2,0,0.0,0
2026-08-07,02-1_FC,O_003_계산,계양구영어과외,3,0,0.0,0
2026-08-07,02-1_FC,O_005_공덕,공덕수학학원,1,0,0.0,0
2026-08-07,02-1_FC,O_005_공덕,마포과외,2,0,0.0,0
2026-08-07,02-1_FC,O_005_공덕,서대문윈터스쿨,1,0,0.0,0
2026-08-07,02-1_FC,O_006_공덕2,대흥역수학학원,5,0,0.0,0
2026-08-07,02-1_FC,O_006_공덕2,염리동고등영어학원,1,0,0.0,0
2026-08-07,02-1_FC,O_008_광교,광교국어,1,0,0.0,0
2026-08-07,02-1_FC,O_010_교동,강릉과외,2,0,0.0,0
2026-08-07,02-1_FC,O_010_교동,강릉수학과외,1,0,0.0,0
2026-08-07,02-1_FC,O_010_교동,강릉영어과외,4,0,0.0,0
2026-08-07,02-1_FC,O_011_구서,구서동영어학원,100,0,0.0,0
2026-08-07,02-1_FC,O_011_구서,구서동수학학원,2,0,0.0,0
2026-08-07,02-1_FC,O_011_구서,구서동영어,3,0,0.0,0
2026-08-07,02-1_FC,O_012_구월,구월동수학학원,6,0,0.0,0
2026-08-07,02-1_FC,O_014_금오,의정부학원,1,0,0.0,0
2026-08-07,02-1_FC,O_014_금오,의정부국어학원,1,0,0.0,0
2026-08-07,02-1_FC,O_014_금오,의정부수학학원,1,0,0.0,0
2026-08-07,02-1_FC,O_014_금오,의정부독서실,7,0,0.0,0
2026-08-07,02-1_FC,O_014_금오,의정부종합학원,1,0,0.0,0
2026-08-07,02-1_FC,O_015_금호,광주금호동학원,1,0,0.0,0
2026-08-07,02-1_FC,O_015_금호,금호동학원,1,0,0.0,0
2026-08-07,02-1_FC,O_015_금호,진월동고등수학학원,3,0,0.0,0
2026-08-07,02-1_FC,O_015_금호,금호동과외,1,0,0.0,0
2026-08-07,02-1_FC,O_015_금호,광주금호동국어,1,0,0.0,0
2026-08-07,02-1_FC,O_015_금호,진월동전과목학원,2,0,0.0,0
2026-08-07,02-1_FC,O_017_내외,김해영어학원,1,0,0.0,0
2026-08-07,02-1_FC,O_017_내외,김해시과외,1,0,0.0,0
2026-08-07,02-1_FC,O_017_내외,김해공부방,1,0,0.0,0
2026-08-07,02-1_FC,O_022_당산,당산역영어학원,2,0,0.0,0
2026-08-07,02-1_FC,O_022_당산,당산고등영어학원,1,0,0.0,0
2026-08-07,02-1_FC,O_023_대방_1/3,신길동수학학원,1,0,0.0,0
2026-08-07,02-1_FC,O_023_대방_1/3,신길동과외,1,0,0.0,0
2026-08-07,02-1_FC,O_023_대방_1/3,신길동수학,1,0,0.0,0
2026-08-07,02-1_FC,O_023_대방_1/3,대방동과외,1,0,0.0,0
2026-08-07,02-1_FC,O_023_대방_1/3,신풍역영어학원,1,0,0.0,0
2026-08-07,02-1_FC,O_023_대방_1/3,에듀플렉스대방,1,0,0.0,0
2026-08-07,02-1_FC,O_023_대방_1/3,대방동국어학원,1,0,0.0,0
2026-08-07,02-1_FC,O_023_대방_1/3,대방동수학학원,4,0,0.0,0
2026-08-07,02-1_FC,O_023_대방_1/3,상남동수학학원,1,0,0.0,0
2026-08-07,02-1_FC,O_023_대방_1/3,상남동중등수학학원,2,0,0.0,0
2026-08-07,02-1_FC,O_023_대방_1/3,상남동학원,2,0,0.0,0
2026-08-07,02-1_FC,O_029_동춘,동춘동국어학원,52,0,0.0,0
2026-08-07,02-1_FC,O_029_동춘,동춘동영어학원,109,0,0.0,0
2026-08-07,02-1_FC,O_029_동춘,동춘동수학학원,27,0,0.0,0
2026-08-07,02-1_FC,O_029_동춘,동춘동초등수학학원,1,0,0.0,0
2026-08-07,02-1_FC,O_034_만수,만수동수학과외,1,0,0.0,0
2026-08-07,02-1_FC,"O_037_명일, 고덕 ",명일동수학학원,3,0,0.0,0
2026-08-07,02-1_FC,"O_037_명일, 고덕 ",명일동영어학원,1,0,0.0,0
2026-08-07,02-1_FC,"O_037_명일, 고덕 ",명일동중등수학학원,2,0,0.0,0
2026-08-07,02-1_FC,"O_037_명일, 고덕 ",강동구과외,1,0,0.0,0
2026-08-07,02-1_FC,"O_037_명일, 고덕 ",강동구고등수학학원,1,0,0.0,0
2026-08-07,02-1_FC,"O_037_명일, 고덕 ",강동구수학과외,8,0,0.0,0
2026-08-07,02-1_FC,"O_037_명일, 고덕 ",강동구영어과외,2,0,0.0,0
2026-08-07,02-1_FC,"O_037_명일, 고덕 ",강동구국어과외,2,0,0.0,0
2026-08-07,02-1_FC,"O_037_명일, 고덕 ",고덕동수학과외,3,0,0.0,0
2026-08-07,02-1_FC,"O_037_명일, 고덕 ",미사고등영어학원,2,0,0.0,0
2026-08-07,02-1_FC,"O_037_명일, 고덕 ",미사중등수학학원,4,0,0.0,0
2026-08-07,02-1_FC,"O_037_명일, 고덕 ",미사중등영어학원,2,0,0.0,0
2026-08-07,02-1_FC,"O_037_명일, 고덕 ",하남중등수학학원,2,0,0.0,0
2026-08-07,02-1_FC,"O_037_명일, 고덕 ",하남중등영어학원,2,0,0.0,0
2026-08-07,02-1_FC,"O_037_명일, 고덕 ",하남수학과외,1,0,0.0,0
2026-08-07,02-1_FC,O_038_명지,명지동영어학원,6,0,0.0,0
2026-08-07,02-1_FC,O_038_명지,명지동수학학원,1,0,0.0,0
2026-08-07,02-1_FC,O_038_명지,명지동과외,1,0,0.0,0
2026-08-07,02-1_FC,O_038_명지,명지수학과외,1,0,0.0,0
2026-08-07,02-1_FC,O_050_범어,만촌동수학학원,2,0,0.0,0
2026-08-07,02-1_FC,O_050_범어,만촌동초등영어학원,1,0,0.0,0
2026-08-07,02-1_FC,O_050_범어,만촌동과외,1,0,0.0,0
2026-08-07,02-1_FC,O_050_범어,수성구과외,1,0,0.0,0
2026-08-07,02-1_FC,O_050_범어,수성구고등수학학원,1,0,0.0,0
2026-08-07,02-1_FC,O_050_범어,수성구중등국어학원,2,0,0.0,0
2026-08-07,02-1_FC,O_050_범어,수성구수학과외,1,0,0.0,0
2026-08-07,02-1_FC,O_050_범어,만촌학원,1,0,0.0,0
2026-08-07,02-1_FC,O_050_범어,만촌동수학과외,2,0,0.0,0
2026-08-07,02-1_FC,O_052_봉곡,구미영어학원,1,0,0.0,0
2026-08-07,02-1_FC,O_052_봉곡,구미과외,3,0,0.0,0
2026-08-07,02-1_FC,O_052_봉곡,구미수학과외,1,0,0.0,0
2026-08-07,02-1_FC,O_052_봉곡,구미영어과외,78,0,0.0,0
2026-08-07,02-1_FC,O_053_봉선,광주남구수학학원,1,0,0.0,0
2026-08-07,02-1_FC,O_053_봉선,봉선동국어학원,1,0,0.0,0
2026-08-07,02-1_FC,O_053_봉선,봉선동영어학원,16,1,1965.0,0
2026-08-07,02-1_FC,O_053_봉선,봉선동수학학원,36,0,0.0,0
2026-08-07,02-1_FC,O_053_봉선,봉선동초등영어학원,2,0,0.0,0
2026-08-07,02-1_FC,O_053_봉선,봉선동고등영어학원,1,0,0.0,0
2026-08-07,02-1_FC,O_053_봉선,봉선동고등수학학원,1,0,0.0,0
2026-08-07,02-1_FC,O_053_봉선,봉선동영어,2,0,0.0,0
2026-08-07,02-1_FC,O_053_봉선,광주봉선동영어학원,6,0,0.0,0
2026-08-07,02-1_FC,O_056_부평,부평수학학원,3,0,0.0,0
2026-08-07,02-1_FC,O_056_부평,부평중등영어학원,1,0,0.0,0
2026-08-07,02-1_FC,O_066_사하1,괴정동수학학원,1,0,0.0,0
2026-08-07,02-1_FC,O_066_사하1,괴정동영어학원,2,0,0.0,0
2026-08-07,02-1_FC,O_070_상동,부천상동영어학원,15,0,0.0,0
2026-08-07,02-1_FC,O_070_상동,부천상동수학학원,5,0,0.0,0
2026-08-07,02-1_FC,O_070_상동,부천상동영어학원추천,1,0,0.0,0
2026-08-07,02-1_FC,O_070_상동,부천상동중등수학학원,1,0,0.0,0
2026-08-07,02-1_FC,O_070_상동,상동국어학원,1,0,0.0,0
2026-08-07,02-1_FC,O_070_상동,상동영어학원,66,0,0.0,0
2026-08-07,02-1_FC,O_070_상동,상동수학학원,11,0,0.0,0
2026-08-07,02-1_FC,O_070_상동,상동영어학원추천,1,0,0.0,0
2026-08-07,02-1_FC,O_070_상동,상동국어,1,0,0.0,0
2026-08-07,02-1_FC,O_070_상동,상동수학,2,0,0.0,0
2026-08-07,02-1_FC,O_070_상동,상동역수학학원,2,0,0.0,0
2026-08-07,02-1_FC,O_070_상동,상동역수학,2,0,0.0,0
2026-08-07,02-1_FC,O_070_상동,부천학원,2,0,0.0,0
2026-08-07,02-1_FC,O_070_상동,부천과외,3,0,0.0,0
2026-08-07,02-1_FC,O_070_상동,부천고등수학학원,1,0,0.0,0
2026-08-07,02-1_FC,O_070_상동,부천영어과외,64,0,0.0,0
2026-08-07,02-1_FC,O_070_상동,부천방학특강,1,0,0.0,0
2026-08-07,02-1_FC,O_070_상동,부천윈터스쿨,1,0,0.0,0
2026-08-07,02-1_FC,O_076_서초2,서초동수학학원,2,0,0.0,0
2026-08-07,02-1_FC,O_076_서초2,서초동과외,1,0,0.0,0
2026-08-07,02-1_FC,O_076_서초2,서초구학원,1,0,0.0,0
2026-08-07,02-1_FC,O_076_서초2,서초구수학과외,6,0,0.0,0
2026-08-07,02-1_FC,O_076_서초2,서초구영어과외,1,0,0.0,0
2026-08-07,02-1_FC,O_076_서초2,서초동수학과외,3,0,0.0,0
2026-08-07,02-1_FC,O_076_서초2,서초수학과외,5,0,0.0,0
2026-08-07,02-1_FC,O_076_서초2,서초영어과외,8,0,0.0,0
2026-08-07,02-1_FC,O_078_센텀,센텀영어학원,3,0,0.0,0
2026-08-07,02-1_FC,O_078_센텀,센텀수학학원,17,0,0.0,0
2026-08-07,02-1_FC,O_079_송도,송도수학학원,43,0,0.0,0
2026-08-07,02-1_FC,O_079_송도,송도독서실,1,0,0.0,0
2026-08-07,02-1_FC,O_079_송도,송도중등영어학원,1,0,0.0,0
2026-08-07,02-1_FC,O_079_송도,송도영어,91,0,0.0,0
2026-08-07,02-1_FC,O_079_송도,송도수학,2,0,0.0,0
2026-08-07,02-1_FC,O_079_송도,송도수학과외,2,0,0.0,0
2026-08-07,02-1_FC,O_079_송도,송도영어과외,3,0,0.0,0
2026-08-07,02-1_FC,O_079_송도,송도방학특강,2,0,0.0,0
2026-08-07,02-1_FC,O_079_송도,송도윈터스쿨,15,0,0.0,0
2026-08-07,02-1_FC,O_083_수지,용인과외,1,0,0.0,0
2026-08-07,02-1_FC,O_083_수지,수지영어학원,7,0,0.0,0
2026-08-07,02-1_FC,O_083_수지,수지수학학원,56,0,0.0,0
2026-08-07,02-1_FC,O_083_수지,수지고등수학학원,3,0,0.0,0
2026-08-07,02-1_FC,O_083_수지,풍덕천동중등수학학원,1,0,0.0,0
2026-08-07,02-1_FC,O_083_수지,수지고등과학학원,4,0,0.0,0
2026-08-07,02-1_FC,O_083_수지,수지수학과외,1,0,0.0,0
2026-08-07,02-1_FC,O_083_수지,수지구청역학원,2,0,0.0,0
2026-08-07,02-1_FC,O_083_수지,수지구청영어학원추천,1,0,0.0,0
2026-08-07,02-1_FC,O_084_수택,구리과외,2,0,0.0,0
2026-08-07,02-1_FC,O_084_수택,구리고등수학학원,1,0,0.0,0
2026-08-07,02-1_FC,O_084_수택,구리중등영어학원,9,0,0.0,0
2026-08-07,02-1_FC,O_084_수택,구리수학과외,1,0,0.0,0
2026-08-07,02-1_FC,O_084_수택,구리영어과외,78,0,0.0,0
2026-08-07,02-1_FC,O_084_수택,구리국어과외,1,0,0.0,0
2026-08-07,02-1_FC,O_084_수택,다산신도시수학과외,1,0,0.0,0
2026-08-07,02-1_FC,O_091_양산,양산수학학원,23,0,0.0,0
2026-08-07,02-1_FC,O_091_양산,양산영어학원,26,0,0.0,0
2026-08-07,02-1_FC,O_091_양산,양산초등수학학원,2,0,0.0,0
2026-08-07,02-1_FC,O_091_양산,양산학원,1,0,0.0,0
2026-08-07,02-1_FC,O_091_양산,양산과외,3,0,0.0,0
2026-08-07,02-1_FC,O_091_양산,양산수학과외,2,0,0.0,0
2026-08-07,02-1_FC,O_102_월성,월성동영어학원,4,0,0.0,0
2026-08-07,02-1_FC,O_102_월성,월성동수학학원,11,0,0.0,0
2026-08-07,02-1_FC,O_102_월성,월성동영어,2,0,0.0,0
2026-08-07,02-1_FC,O_102_월성,월성동수학과외,1,0,0.0,0
2026-08-07,02-1_FC,O_104_위례,위례국어학원,4,0,0.0,0
2026-08-07,02-1_FC,O_104_위례,위례영어학원,1,0,0.0,0
2026-08-07,02-1_FC,O_104_위례,위례수학학원,1,0,0.0,0
2026-08-07,02-1_FC,O_104_위례,위례고등과학학원,1,0,0.0,0
2026-08-07,02-1_FC,O_104_위례,위례윈터스쿨,2,0,0.0,0
2026-08-07,02-1_FC,O_105_율하,율하국어학원,1,0,0.0,0
2026-08-07,02-1_FC,O_105_율하,율하영어학원,5,0,0.0,0
2026-08-07,02-1_FC,O_105_율하,김해독서실,2,0,0.0,0
2026-08-07,02-1_FC,O_107_인천삼산,삼산동수학학원,13,0,0.0,0
2026-08-07,02-1_FC,O_107_인천삼산,삼산동영어학원,2,0,0.0,0
2026-08-07,02-1_FC,O_110_장기,김포학원,1,0,0.0,0
2026-08-07,02-1_FC,O_110_장기,김포수학학원,6,0,0.0,0
2026-08-07,02-1_FC,O_110_장기,김포중등영어학원,2,0,0.0,0
2026-08-07,02-1_FC,O_110_장기,김포과외,3,0,0.0,0
2026-08-07,02-1_FC,O_110_장기,장기동학원,1,0,0.0,0
2026-08-07,02-1_FC,O_110_장기,장기동수학학원,26,0,0.0,0
2026-08-07,02-1_FC,O_110_장기,장기동영어학원,105,0,0.0,0
2026-08-07,02-1_FC,O_110_장기,장기동수학과외,1,0,0.0,0
2026-08-07,02-1_FC,O_110_장기,장기동영어과외,4,0,0.0,0
2026-08-07,02-1_FC,O_114_제주이도,제주시자기주도학습센터,3,0,0.0,0
2026-08-07,02-1_FC,O_114_제주이도,제주영어과외,1,0,0.0,0
2026-08-07,02-1_FC,O_118_중동,중동영어학원,1,0,0.0,0
2026-08-07,02-1_FC,O_120_진월,금호동국어학원,1,0,0.0,0
2026-08-07,02-1_FC,O_120_진월,진월동과외,3,0,0.0,0
2026-08-07,02-1_FC,O_123_철산,철산과외,1,0,0.0,0
2026-08-07,02-1_FC,O_123_철산,철산동수학학원,4,0,0.0,0
2026-08-07,02-1_FC,O_123_철산,철산중등영어학원,1,0,0.0,0
2026-08-07,02-1_FC,O_125_청라,청라독서실,3,0,0.0,0
2026-08-07,02-1_FC,O_125_청라,청라수학,9,0,0.0,0
2026-08-07,02-1_FC,O_125_청라,청라수학학원,27,0,0.0,0
2026-08-07,02-1_FC,O_125_청라,청라영어,3,0,0.0,0
2026-08-07,02-1_FC,O_125_청라,청라영어학원,2,0,0.0,0
2026-08-07,02-1_FC,O_125_청라,청라중등수학학원,2,0,0.0,0
2026-08-07,02-1_FC,O_125_청라,청라학원,1,0,0.0,0
2026-08-07,02-1_FC,O_125_청라,청라고등과학학원,1,0,0.0,0
2026-08-07,02-1_FC,O_125_청라,청라수학과외,5,0,0.0,0
2026-08-07,02-1_FC,O_125_청라,청라윈터스쿨,1,0,0.0,0
2026-08-07,02-1_FC,O_127_침산,침산프리미엄독서실,1,0,0.0,0
2026-08-07,02-1_FC,O_127_침산,침산동국어학원,5,0,0.0,0
2026-08-07,02-1_FC,O_127_침산,침산동영어학원,73,0,0.0,0
2026-08-07,02-1_FC,O_127_침산,침산동수학학원,12,0,0.0,0
2026-08-07,02-1_FC,O_127_침산,침산동초등수학학원,2,0,0.0,0
2026-08-07,02-1_FC,O_127_침산,침산동중등수학학원,1,0,0.0,0
2026-08-07,02-1_FC,O_127_침산,침산동과외,1,0,0.0,0
2026-08-07,02-1_FC,O_127_침산,침산동영어,2,0,0.0,0
2026-08-07,02-1_FC,O_127_침산,침산동수학,2,0,0.0,0
2026-08-07,02-1_FC,O_127_침산,침산동영어과외,3,0,0.0,0
2026-08-07,02-1_FC,O_129_평거,평거동과외,1,0,0.0,0
2026-08-07,02-1_FC,O_138_황금,지산동수학,1,0,0.0,0
2026-08-07,02-1_FC,O_138_황금,지산동수학학원,3,0,0.0,0
2026-08-07,02-1_FC,O_138_황금,지산동영어학원,13,0,0.0,0
2026-08-07,02-1_FC,O_016_남천,남천동학원,2,0,0.0,0
2026-08-07,02-1_FC,O_016_남천,남천동영어학원,14,0,0.0,0
2026-08-07,02-1_FC,O_016_남천,남천동수학학원,11,0,0.0,0
2026-08-07,02-1_FC,O_016_남천,남천동초등수학학원,1,0,0.0,0
2026-08-07,02-1_FC,O_016_남천,남천동수학과외,1,0,0.0,0
2026-08-07,02-1_FC,O_016_남천,남천동영어과외,2,0,0.0,0
2026-08-07,02-1_FC,O_016_남천,남천동과외,1,0,0.0,0
2026-08-07,02-1_FC,O_101_운정,파주운정국어학원,1,0,0.0,0
2026-08-07,02-1_FC,O_101_운정,파주운정수학,1,0,0.0,0
2026-08-07,02-1_FC,O_101_운정,운정국어학원,1,0,0.0,0
2026-08-07,02-1_FC,O_101_운정,운정수학학원,15,0,0.0,0
2026-08-07,02-1_FC,O_101_운정,운정초등영어학원,3,0,0.0,0
2026-08-07,02-1_FC,O_101_운정,운정초등수학학원,1,0,0.0,0
2026-08-07,02-1_FC,O_101_운정,운정중등영어학원,2,0,0.0,0
2026-08-07,02-1_FC,O_101_운정,운정중등수학학원,2,0,0.0,0
2026-08-07,02-1_FC,O_101_운정,운정과외,1,0,0.0,0
2026-08-07,02-1_FC,O_101_운정,운정수학,4,0,0.0,0
2026-08-07,02-1_FC,O_101_운정,운정고등학원,3,0,0.0,0
2026-08-07,02-1_FC,O_101_운정,동패동초등영어학원,1,0,0.0,0
2026-08-07,02-1_FC,O_101_운정,동패동중등수학학원,1,0,0.0,0
2026-08-07,02-1_FC,O_101_운정,동패동고등영어학원,3,0,0.0,0
2026-08-07,02-1_FC,O_101_운정,운정수학과외,5,0,0.0,0
2026-08-07,02-1_FC,O_101_운정,파주학원,2,0,0.0,0
2026-08-07,02-1_FC,O_101_운정,파주과외,3,0,0.0,0
2026-08-07,02-1_FC,O_055_부산대,부산대학원,13,0,0.0,0
2026-08-07,02-1_FC,O_055_부산대,부산대수학,16,0,0.0,0
2026-08-07,02-1_FC,O_055_부산대,부곡동중등영어학원,1,0,0.0,0
2026-08-07,02-1_FC,O_137_화정,화정고등영어학원,1,0,0.0,0
2026-08-07,02-1_FC,O_137_화정,화정수학학원,1,0,0.0,0
2026-08-07,02-1_FC,O_137_화정,행신동학원,1,0,0.0,0
2026-08-07,02-1_FC,O_137_화정,행신동수학과외,2,0,0.0,0
2026-08-07,02-1_FC,O_057_분당미금,미금역수학학원,6,0,0.0,0
2026-08-07,02-1_FC,O_057_분당미금,동천동학원,2,0,0.0,0
2026-08-07,02-1_FC,O_057_분당미금,동천동과외,1,0,0.0,0
2026-08-07,02-1_FC,O_072_상현,상현동국어학원,2,0,0.0,0
2026-08-07,02-1_FC,O_072_상현,상현동영어학원,4,0,0.0,0
2026-08-07,02-1_FC,O_072_상현,상현동수학학원,6,0,0.0,0
2026-08-07,02-1_FC,O_072_상현,용인시과외,1,0,0.0,0
2026-08-07,02-1_FC,O_072_상현,상현역학원,1,0,0.0,0
2026-08-07,02-1_FC,O_096_옥계,옥계동학원,3,0,0.0,0
2026-08-07,02-1_FC,O_044_민락,수영과외,7,0,0.0,0
2026-08-07,02-1_FC,O_032_둔산,둔산수학학원,6,0,0.0,0
2026-08-07,02-1_FC,O_032_둔산,둔산동학원,7,0,0.0,0
2026-08-07,02-1_FC,O_032_둔산,둔산동국어학원,4,0,0.0,0
2026-08-07,02-1_FC,O_032_둔산,둔산동영어학원,4,0,0.0,0
2026-08-07,02-1_FC,O_032_둔산,둔산동수학학원,18,0,0.0,0
2026-08-07,02-1_FC,O_032_둔산,둔산동국어학원추천,1,0,0.0,0
2026-08-07,02-1_FC,O_032_둔산,둔산동고등영어학원,3,0,0.0,0
2026-08-07,02-1_FC,O_032_둔산,둔산동고등수학학원,1,0,0.0,0
2026-08-07,02-1_FC,O_032_둔산,둔산동국어,1,0,0.0,0
2026-08-07,02-1_FC,O_032_둔산,둔산동수학,1,0,0.0,0
2026-08-07,02-1_FC,O_032_둔산,둔산동국어과외,1,0,0.0,0
2026-08-07,02-1_FC,O_049_방이,방이국어학원,4,0,0.0,0
2026-08-07,02-1_FC,O_049_방이,오금동학원,1,0,0.0,0
2026-08-07,02-1_FC,O_049_방이,오금동영어학원,81,0,0.0,0
2026-08-07,02-1_FC,O_049_방이,오금동수학학원,2,0,0.0,0
2026-08-07,02-1_FC,O_049_방이,오금동수학,1,0,0.0,0
2026-08-07,02-1_FC,O_049_방이,방이동학원,2,0,0.0,0
2026-08-07,02-1_FC,O_049_방이,방이동고등수학학원,2,0,0.0,0
2026-08-07,02-1_FC,O_049_방이,방이동중등영어학원,2,0,0.0,0
2026-08-07,02-1_FC,O_049_방이,방이동수학과외,1,0,0.0,0
2026-08-07,02-1_FC,O_045_반송,창원영어학원,1,0,0.0,0
2026-08-07,02-1_FC,O_045_반송,창원수학학원,1,0,0.0,0
2026-08-07,02-1_FC,O_045_반송,창원초등영어학원,1,0,0.0,0
2026-08-07,02-1_FC,O_045_반송,창원중등영어학원,1,0,0.0,0
2026-08-07,02-1_FC,O_045_반송,창원고등영어학원,1,0,0.0,0
2026-08-07,02-1_FC,O_028_동백,동백국어학원,3,0,0.0,0
2026-08-07,02-1_FC,O_028_동백,동백수학학원,10,0,0.0,0
2026-08-07,02-1_FC,O_028_동백,동백영어학원,31,0,0.0,0
2026-08-07,02-1_FC,O_041_무실,원주영어학원,83,0,0.0,0
2026-08-07,02-1_FC,O_041_무실,원주독서실,2,0,0.0,0
2026-08-07,02-1_FC,O_041_무실,무실동독서실,2,0,0.0,0
2026-08-07,02-1_FC,O_041_무실,무실동영어학원추천,1,0,0.0,0
2026-08-07,02-1_FC,O_041_무실,무실동과외,1,0,0.0,0
2026-08-07,02-1_FC,O_041_무실,원주영어과외,1,0,0.0,0
2026-08-07,02-1_FC,O_041_무실,무실동영어과외,1,0,0.0,0
2026-08-07,02-1_FC,O_041_무실,원주시학원,2,0,0.0,0
2026-08-07,02-1_FC,O_019_논현,인천논현동국어학원,6,0,0.0,0
2026-08-07,02-1_FC,O_019_논현,인천논현동영어학원,8,0,0.0,0
2026-08-07,02-1_FC,O_019_논현,인천논현동수학학원,5,1,5416.0,0
2026-08-07,02-1_FC,O_019_논현,인천논현동중등수학학원,1,0,0.0,0
2026-08-07,02-1_FC,O_019_논현,인천논현동영어,5,0,0.0,0
2026-08-07,02-1_FC,O_019_논현,논현동국어과외,1,0,0.0,0
2026-08-07,02-1_FC,O_103_월평,월평동영어학원,24,0,0.0,0
2026-08-07,02-1_FC,O_103_월평,월평동수학학원,8,0,0.0,0
2026-08-07,02-1_FC,O_103_월평,대전학원,15,0,0.0,0
2026-08-07,02-1_FC,O_103_월평,대전과외,5,0,0.0,0
2026-08-07,02-1_FC,O_103_월평,대전국어학원추천,1,0,0.0,0
2026-08-07,02-1_FC,O_103_월평,대전영어과외,73,0,0.0,0
2026-08-07,02-1_FC,O_103_월평,대전윈터스쿨,2,0,0.0,0
2026-08-07,02-1_FC,O_099_용호_1/2,용호동수학과외,2,0,0.0,0
2026-08-07,02-1_FC,O_099_용호_1/2,용호동영어과외,3,0,0.0,0
2026-08-07,02-1_FC,O_099_용호_1/2,남천동수학학원,23,0,0.0,0
2026-08-07,02-1_FC,O_099_용호_1/2,대연동영어과외,2,0,0.0,0
2026-08-07,02-1_FC,O_136_화명2,화명동중등수학학원,2,0,0.0,0
2026-08-07,02-1_FC,O_136_화명2,화명동수학과외,1,0,0.0,0
2026-08-07,02-1_FC,O_136_화명2,화명동영어과외,1,0,0.0,0
2026-08-07,02-1_FC,O_136_화명2,화명동수학학원,6,0,0.0,0
2026-08-07,02-1_FC,O_136_화명2,화명동국어학원,6,0,0.0,0
2026-08-07,02-1_FC,O_136_화명2,화명동수학,1,0,0.0,0
2026-08-07,02-1_FC,O_136_화명2,화명동영어학원,30,0,0.0,0
2026-08-07,02-1_FC,O_136_화명2,금곡동학원,1,0,0.0,0
2026-08-07,02-1_FC,O_136_화명2,화명동초등영어학원,9,0,0.0,0
2026-08-07,02-1_FC,O_136_화명2,화명동초등수학학원,2,0,0.0,0
2026-08-07,02-1_FC,O_136_화명2,화명영어학원,2,0,0.0,0
2026-08-07,02-1_FC,O_098_왕지,순천영어과외,3,0,0.0,0
2026-08-07,02-1_FC,O_036_명륜,금정구진로상담,1,0,0.0,0
2026-08-07,02-1_FC,O_065_사직,동래영어학원,6,0,0.0,0
2026-08-07,02-1_FC,O_065_사직,사직동국어학원,11,0,0.0,0
2026-08-07,02-1_FC,O_065_사직,사직동영어학원,13,0,0.0,0
2026-08-07,02-1_FC,O_065_사직,사직동수학학원,6,0,0.0,0
2026-08-07,02-1_FC,O_065_사직,사직동과외,1,0,0.0,0
2026-08-07,02-1_FC,O_065_사직,사직동영어,5,0,0.0,0
2026-08-07,02-1_FC,O_065_사직,동래구과외,1,0,0.0,0
2026-08-07,02-1_FC,O_065_사직,동래구과학과외,2,0,0.0,0
2026-08-07,02-1_FC,O_065_사직,사직동영어과외,4,0,0.0,0
2026-08-07,02-1_FC,O_092_양정,양정동영어과외,1,0,0.0,0
2026-08-07,02-1_FC,O_111_전농,동대문구과외,2,0,0.0,0
2026-08-07,02-1_FC,O_111_전농,동대문구수학과외,2,0,0.0,0
2026-08-07,02-1_FC,O_111_전농,동대문구영어과외,1,0,0.0,0
2026-08-07,02-1_FC,O_111_전농,답십리수학과외,2,0,0.0,0
2026-08-07,02-1_FC,O_111_전농,장안동영어과외,1,0,0.0,0
2026-08-07,02-1_FC,O_069_상계,상계동학원,1,0,0.0,0
2026-08-07,02-1_FC,O_069_상계,노원구과외,1,0,0.0,0
2026-08-07,02-1_FC,O_069_상계,노원구수학과외,4,0,0.0,0
2026-08-07,02-1_FC,O_069_상계,노원구영어과외,4,0,0.0,0
2026-08-07,02-1_FC,O_069_상계,노원학원,5,0,0.0,0
2026-08-07,02-1_FC,O_051_보라매,신풍역영어학원,2,0,0.0,0
2026-08-07,02-1_FC,O_051_보라매,영등포수학과외,2,0,0.0,0
2026-08-07,02-1_FC,O_093_연신내,은평구과외,1,0,0.0,0
2026-08-07,02-1_FC,O_093_연신내,은평구수학과외,1,0,0.0,0
2026-08-07,02-1_FC,O_093_연신내,갈현동영어과외,1,0,0.0,0
2026-08-07,02-1_FC,O_093_연신내,녹번동과외,1,0,0.0,0
2026-08-07,02-1_FC,O_093_연신내,역촌동중등영어학원,1,0,0.0,0
2026-08-07,02-1_FC,O_093_연신내,진관동과외,1,0,0.0,0
2026-08-07,02-1_FC,O_093_연신내,은평윈터스쿨,2,0,0.0,0
2026-08-07,02-1_FC,O_001_가좌,가좌동학원,1,0,0.0,0
2026-08-07,02-1_FC,O_001_가좌,가좌동영어학원,1,0,0.0,0
2026-08-07,02-1_FC,O_001_가좌,가좌동영어,1,0,0.0,0
2026-08-07,02-1_FC,O_001_가좌,신사동수학과외,16,0,0.0,0
2026-08-07,02-1_FC,O_001_가좌,서대문구윈터스쿨,1,0,0.0,0
2026-08-07,02-1_FC,O_061_분당이매,이매동학원,1,0,0.0,0
2026-08-07,02-1_FC,O_061_분당이매,이매동수학과외,1,0,0.0,0
2026-08-07,02-1_FC,O_088_쌍용,천안학원,4,0,0.0,0
2026-08-07,02-1_FC,O_088_쌍용,천안국어학원,6,0,0.0,0
2026-08-07,02-1_FC,O_088_쌍용,천안영어학원,34,0,0.0,0
2026-08-07,02-1_FC,O_088_쌍용,천안수학학원,7,0,0.0,0
2026-08-07,02-1_FC,O_088_쌍용,천안영어,11,0,0.0,0
2026-08-07,02-1_FC,O_088_쌍용,쌍용학원,1,0,0.0,0
2026-08-07,02-1_FC,O_088_쌍용,영통구영어학원,1,0,0.0,0
2026-08-07,02-1_FC,O_088_쌍용,천안영어과외,77,0,0.0,0
2026-08-07,02-1_FC,O_088_쌍용,불당동학원,3,0,0.0,0
2026-08-07,02-1_FC,O_088_쌍용,불당동수학학원추천,1,0,0.0,0
2026-08-07,02-1_FC,O_025_대치한티,한티역수학학원,7,0,0.0,0
2026-08-07,02-1_FC,O_025_대치한티,대치동학원,1,0,0.0,0
2026-08-07,02-1_FC,O_025_대치한티,대치동국어학원,5,0,0.0,0
2026-08-07,02-1_FC,O_025_대치한티,대치동수학학원,3,0,0.0,0
2026-08-07,02-1_FC,O_025_대치한티,대치동독서실,5,1,1179.0,0
2026-08-07,02-1_FC,O_025_대치한티,대치동초등수학학원,16,0,0.0,0
2026-08-07,02-1_FC,O_025_대치한티,대치동중등영어학원,1,0,0.0,0
2026-08-07,02-1_FC,O_025_대치한티,대치동중등수학학원,20,0,0.0,0
2026-08-07,02-1_FC,O_025_대치한티,대치동고등영어학원,1,0,0.0,0
2026-08-07,02-1_FC,O_025_대치한티,대치동고등수학학원,20,0,0.0,0
2026-08-07,02-1_FC,O_025_대치한티,대치동과외,1,0,0.0,0
2026-08-07,02-1_FC,O_025_대치한티,대치동국어,25,0,0.0,0
2026-08-07,02-1_FC,O_025_대치한티,대치동영어,94,0,0.0,0
2026-08-07,02-1_FC,O_128_테크노,관평동영어학원,25,0,0.0,0
2026-08-07,02-1_FC,O_128_테크노,관평동수학과외,1,0,0.0,0
2026-08-07,02-1_FC,O_062_분평_1/2,청주학원,5,0,0.0,0
2026-08-07,02-1_FC,O_062_분평_1/2,청주종합학원,1,0,0.0,0
2026-08-07,02-1_FC,O_062_분평_1/2,청주과외,4,0,0.0,0
2026-08-07,02-1_FC,O_062_분평_1/2,청주고등영어학원,1,0,0.0,0
2026-08-07,02-1_FC,O_062_분평_1/2,청주중등영어학원,1,0,0.0,0
2026-08-07,02-1_FC,O_062_분평_1/2,청주수학과외,5,0,0.0,0
2026-08-07,02-1_FC,O_062_분평_1/2,청주영어과외,3,0,0.0,0
2026-08-07,02-1_FC,O_048_방배,방배동영어학원,1,0,0.0,0
2026-08-07,02-1_FC,O_048_방배,방배동수학학원,13,0,0.0,0
2026-08-07,02-1_FC,O_048_방배,방배동과외,3,0,0.0,0
2026-08-07,02-1_FC,O_048_방배,방배동수학,1,0,0.0,0
2026-08-07,02-1_FC,O_048_방배,방배동수학과외,2,0,0.0,0
2026-08-07,02-1_FC,O_048_방배,방배동영어과외,1,0,0.0,0
2026-08-07,02-1_FC,O_048_방배,사당동과외,1,0,0.0,0
2026-08-07,02-1_FC,O_145_하남미사,하남과외,2,0,0.0,0
2026-08-07,02-1_FC,O_145_하남미사,하남중등수학학원,2,0,0.0,0
2026-08-07,02-1_FC,O_145_하남미사,강일동학원,1,0,0.0,0
2026-08-07,02-1_FC,O_145_하남미사,강일동과외,1,0,0.0,0
2026-08-07,02-1_FC,O_145_하남미사,미사학원,2,0,0.0,0
2026-08-07,02-1_FC,O_145_하남미사,미사과외,1,0,0.0,0
2026-08-07,02-1_FC,O_145_하남미사,미사고등수학학원,13,0,0.0,0
2026-08-07,02-1_FC,O_145_하남미사,미사중등영어학원,3,0,0.0,0
2026-08-07,02-1_FC,O_145_하남미사,미사수학학원추천,1,0,0.0,0
2026-08-07,02-1_FC,O_145_하남미사,미사수학과외,1,0,0.0,0
2026-08-07,02-1_FC,O_145_하남미사,하남미사과외,1,0,0.0,0
2026-08-07,02-1_FC,O_145_하남미사,풍산동수학학원추천,1,0,0.0,0
2026-08-07,02-1_FC,O_149_서강,마포과외,1,0,0.0,0
2026-08-07,02-1_FC,O_149_서강,용강동고등영어학원,1,0,0.0,0
2026-08-07,02-1_FC,O_150_잠실새내_1/2,송파고등수학학원,5,0,0.0,0
2026-08-07,02-1_FC,O_150_잠실새내_1/2,송파윈터스쿨,3,0,0.0,0
2026-08-07,02-1_FC,O_150_잠실새내_1/2,송파입시학원,3,0,0.0,0
2026-08-07,02-1_FC,O_150_잠실새내_1/2,송파구입시컨설팅,2,0,0.0,0
2026-08-07,02-1_FC,O_150_잠실새내_1/2,잠실관리형독서실,4,0,0.0,0
2026-08-07,02-1_FC,O_150_잠실새내_1/2,송파관리형독서실,2,0,0.0,0
2026-08-07,02-1_FC,O_150_잠실새내_1/2,잠실새내관리형독서실,1,0,0.0,0
2026-08-07,02-1_FC,O_150_잠실새내_1/2,송파과외,1,0,0.0,0
2026-08-07,02-1_FC,O_150_잠실새내_1/2,송파구과외,1,0,0.0,0
2026-08-07,02-1_FC,O_150_잠실새내_1/2,송파구과학학원,1,0,0.0,0
2026-08-07,02-1_FC,O_150_잠실새내_1/2,송파구수학과외,5,0,0.0,0
2026-08-07,02-1_FC,O_150_잠실새내_1/2,송파구영어학원,77,0,0.0,0
2026-08-07,02-1_FC,O_150_잠실새내_1/2,송파구학원,4,0,0.0,0
2026-08-07,02-1_FC,O_150_잠실새내_1/2,송파국어학원,2,0,0.0,0
2026-08-07,02-1_FC,O_150_잠실새내_1/2,송파수학과외,2,0,0.0,0
2026-08-07,02-1_FC,O_150_잠실새내_1/2,송파수학학원,7,0,0.0,0
2026-08-07,02-1_FC,O_150_잠실새내_1/2,송파영어학원,79,0,0.0,0
2026-08-07,02-1_FC,O_150_잠실새내_1/2,송파학원,3,0,0.0,0
2026-08-07,02-1_FC,O_150_잠실새내_1/2,잠실동수학과외,2,0,0.0,0
2026-08-07,02-1_FC,O_150_잠실새내_1/2,잠실수학과외,1,0,0.0,0
2026-08-07,02-1_FC,O_150_잠실새내_1/2,잠실수학학원,21,0,0.0,0
2026-08-07,02-1_FC,O_150_잠실새내_1/2,잠실영어과외,1,0,0.0,0
2026-08-07,02-1_FC,O_150_잠실새내_1/2,잠실영어학원,24,0,0.0,0
2026-08-07,02-1_FC,O_150_잠실새내_1/2,잠실중등수학학원,3,0,0.0,0
2026-08-07,02-1_FC,O_150_잠실새내_1/2,잠실학원,4,0,0.0,0
2026-08-07,02-1_FC,O_151_원효_1/3,에듀플렉스원효,2,0,0.0,0
2026-08-07,02-1_FC,O_151_원효_1/3,용산동영어과외,2,0,0.0,0
2026-08-07,02-1_FC,O_151_원효_1/3,용산영어학원,1,0,0.0,0
2026-08-07,02-1_FC,O_151_원효_2/3,용산동과학학원,1,0,0.0,0
2026-08-07,02-1_FC,O_151_원효_2/3,용산동수학과외,1,0,0.0,0
2026-08-07,02-1_FC,O_151_원효_2/3,선린중중간고사,4,0,0.0,0
2026-08-07,02-1_FC,O_152_남동탄_1/2,산척동수학학원,14,0,0.0,0
2026-08-07,02-1_FC,O_152_남동탄_1/2,남동탄수학학원,1,0,0.0,0
2026-08-07,02-1_FC,O_152_남동탄_1/2,이산고내신,1,0,0.0,0
2026-08-07,02-1_FC,O_152_남동탄_1/2,동탄국제고내신,3,0,0.0,0
2026-08-07,02-1_FC,O_152_남동탄_1/2,동탄중국어학원,4,0,0.0,0
2026-08-07,02-1_FC,O_027_돈암_1/3,종암동보습학원,2,0,0.0,0
2026-08-07,02-1_FC,O_027_돈암_1/3,종암동과외,1,0,0.0,0
2026-08-07,02-1_FC,O_027_돈암_1/3,종암동영어학원,1,0,0.0,0
2026-08-07,02-1_FC,O_027_돈암_1/3,돈암동중등수학학원,1,0,0.0,0
2026-08-07,02-1_FC,O_027_돈암_1/3,돈암동고등과외,1,0,0.0,0
2026-08-07,02-1_FC,O_027_돈암_1/3,돈암동영어학원,2,0,0.0,0
2026-08-07,02-1_FC,O_027_돈암_1/3,동소문동영어학원,1,0,0.0,0
2026-08-07,02-1_FC,O_064_사우_1/2,사우동고등수학학원,2,0,0.0,0
2026-08-07,02-1_FC,O_064_사우_1/2,북변동수학과외,1,0,0.0,0
2026-08-07,02-1_FC,O_064_사우_1/2,북변동영어과외,1,0,0.0,0
2026-08-07,02-1_FC,O_064_사우_1/2,북변동수학학원,1,1,1716.0,0
2026-08-07,02-1_FC,O_064_사우_1/2,북변동영어학원,1,0,0.0,0
2026-08-07,02-1_FC,O_064_사우_1/2,풍무동학원,2,0,0.0,0
2026-08-07,02-1_FC,O_064_사우_1/2,풍무동영어과외,1,0,0.0,0
2026-08-07,02-1_FC,O_064_사우_1/2,풍무동수학학원,5,0,0.0,0
2026-08-07,02-1_FC,O_064_사우_1/2,풍무동영어학원,89,0,0.0,0
2026-08-07,02-1_FC,O_064_사우_1/2,사우동학원,6,0,0.0,0
2026-08-07,02-1_FC,O_064_사우_1/2,사우동국영수학원,3,0,0.0,0
2026-08-07,02-1_FC,O_064_사우_1/2,사우동과외,1,0,0.0,0
2026-08-07,02-1_FC,O_064_사우_1/2,사우동수학학원,9,0,0.0,0
2026-08-07,02-1_FC,O_064_사우_1/2,사우동입시,1,0,0.0,0
2026-08-07,02-1_FC,O_027_돈암_3/3,성신여고영어학원,1,0,0.0,0
2026-08-07,02-1_FC,O_064_사우_2/2,김포중국어학원,2,0,0.0,0
2026-08-07,02-1_FC,O_023_대방_2/3,중앙여고수학,1,0,0.0,0
2026-08-07,02-1_FC,O_023_대방_3/3,울산중국어학원,1,0,0.0,0
2026-08-07,02-1_FC,O_153_상도_1/2,자기주도학습관,2,0,0.0,0
2026-08-07,02-1_FC,O_153_상도_1/2,중등수학학원,1,0,0.0,0
2026-08-07,02-1_FC,O_153_상도_2/2,동작고영어학원,2,0,0.0,0
2026-08-07,02-1_FC,O_153_상도_2/2,사당중국어학원,1,0,0.0,0
2026-08-07,02-1_FC,O_155_다산_1/2,에듀플렉스다산,2,0,0.0,0
2026-08-07,02-1_FC,O_155_다산_1/2,도농멘토링,1,0,0.0,0
2026-08-07,02-1_FC,O_155_다산_1/2,남양주학원,1,0,0.0,0
2026-08-07,02-1_FC,O_155_다산_1/2,다산국어학원,1,0,0.0,0
2026-08-07,02-1_FC,O_155_다산_1/2,다산동국어학원,1,0,0.0,0
2026-08-07,02-1_FC,O_155_다산_1/2,다산동수학과외,2,0,0.0,0
2026-08-07,02-1_FC,O_155_다산_1/2,다산동수학전문학원,1,0,0.0,0
2026-08-07,02-1_FC,O_155_다산_1/2,다산동수학학원,25,0,0.0,0
2026-08-07,02-1_FC,O_155_다산_1/2,다산수학학원,8,0,0.0,0
2026-08-07,02-1_FC,O_155_다산_1/2,다산영어과외,1,0,0.0,0
2026-08-07,02-1_FC,O_155_다산_1/2,다산중등국어학원,1,0,0.0,0
2026-08-07,02-1_FC,O_155_다산_1/2,다산학원,4,0,0.0,0
2026-08-07,02-1_FC,O_155_다산_1/2,동구수학학원,1,0,0.0,0
2026-08-07,02-1_FC,O_156_광주화정_2/3,제일고영어,1,0,0.0,0
2026-08-07,02-1_FC,O_156_광주화정_1/3,광주입시,15,0,0.0,0
2026-08-07,02-1_FC,O_156_광주화정_1/3,광주입시학원,3,0,0.0,0
2026-08-07,02-1_FC,O_156_광주화정_1/3,광주화정에듀플렉스,1,0,0.0,0
2026-08-07,02-1_FC,O_156_광주화정_1/3,광주관리형독서실,42,0,0.0,0
2026-08-07,02-1_FC,O_156_광주화정_1/3,광주진로상담,5,0,0.0,0
2026-08-07,02-1_FC,O_156_광주화정_1/3,광주고등과외,1,0,0.0,0
2026-08-07,02-1_FC,O_156_광주화정_1/3,광주국어과외,1,0,0.0,0
2026-08-07,02-1_FC,O_156_광주화정_1/3,광주수학과외,1,0,0.0,0
2026-08-07,02-1_FC,O_156_광주화정_1/3,광주수학학원,1,0,0.0,0
2026-08-07,02-1_FC,O_156_광주화정_1/3,광주영어과외,77,0,0.0,0
2026-08-07,02-1_FC,O_156_광주화정_1/3,화정동국영수학원,1,0,0.0,0
2026-08-07,02-1_FC,O_156_광주화정_1/3,화정동수학학원,2,0,0.0,0
2026-08-07,02-1_FC,O_156_광주화정_1/3,화정역과학학원,1,0,0.0,0
2026-08-07,02-1_FC,O_156_광주화정_3/3,화정중국어학원,5,0,0.0,0
2026-08-07,02-1_FC,O_156_광주화정_3/3,서초영어학원,1,0,0.0,0
2026-08-07,02-1_FC,O_158_광명소하,광명소하에듀플렉스,1,0,0.0,0
2026-08-07,02-1_FC,O_158_광명소하,소하동국어과외,2,0,0.0,0
2026-08-07,02-1_FC,O_158_광명소하,시흥동에듀플렉스,1,0,0.0,0
2026-08-07,02-1_FC,O_158_광명소하,광명과외,1,0,0.0,0
2026-08-07,02-1_FC,O_158_광명소하,광명관리형독서실,1,0,0.0,0
2026-08-07,02-1_FC,O_158_광명소하,광명국어과외,1,0,0.0,0
2026-08-07,02-1_FC,O_158_광명소하,광명수학,1,0,0.0,0
2026-08-07,02-1_FC,O_158_광명소하,광명수학과외,1,0,0.0,0
2026-08-07,02-1_FC,O_158_광명소하,광명영어학원,1,0,0.0,0
2026-08-07,02-1_FC,O_158_광명소하,광명중등영어학원,1,0,0.0,0
2026-08-07,02-1_FC,O_159_광명하안,광명하안에듀플렉스,1,0,0.0,0
2026-08-07,02-1_FC,O_159_광명하안,하안동과학학원,1,0,0.0,0
2026-08-07,02-1_FC,O_159_광명하안,하안동수학,2,0,0.0,0
2026-08-07,02-1_FC,O_159_광명하안,하안동수학학원,1,0,0.0,0
2026-08-07,02-1_FC,O_159_광명하안,하안동에듀플렉스,1,0,0.0,0
2026-08-07,02-1_FC,O_159_광명하안,광명수학과외,2,0,0.0,0
2026-08-07,02-1_FC,O_159_광명하안,광명역수학,3,0,0.0,0
2026-08-07,02-1_FC,O_160_단구,원주관리형독서실,17,0,0.0,0
2026-08-07,02-1_FC,O_160_단구,원주수능학원,2,0,0.0,0
2026-08-07,02-1_FC,O_160_단구,원주수학학원,5,0,0.0,0
2026-08-07,02-1_FC,O_160_단구,원주영어학원,1,0,0.0,0
2026-08-07,02-1_FC,O_160_단구,원주윈터스쿨,1,0,0.0,0
2026-08-07,02-1_FC,O_160_단구,원주학원,1,0,0.0,0
2026-08-07,02-1_FC,O_160_단구,원주기숙학원,1,0,0.0,0
2026-08-07,02-1_FC,O_161_분당정자,정자동관리형독서실,3,0,0.0,0
2026-08-07,02-1_FC,O_161_분당정자,정자동수학학원추천,1,0,0.0,0
2026-08-07,02-1_FC,O_161_분당정자,정자동윈터스쿨,1,0,0.0,0
2026-08-07,02-1_FC,O_162_불당,불당동과학학원,5,0,0.0,0
2026-08-07,02-1_FC,O_162_불당,불당동관리형독서실,1,0,0.0,0
2026-08-07,02-1_FC,O_162_불당,불당동수학,5,0,0.0,0
2026-08-07,02-1_FC,O_162_불당,불당동수학학원,8,0,0.0,0
2026-08-07,02-1_FC,O_162_불당,불당동영어학원,28,0,0.0,0
2026-08-07,02-1_FC,O_162_불당,천안불당학원,2,0,0.0,0
2026-08-07,02-1_FC,O_162_불당,천안고등수학학원,2,0,0.0,0
2026-08-07,02-1_FC,O_162_불당,천안과학학원,1,0,0.0,0
2026-08-07,02-1_FC,O_162_불당,천안관리형독서실,14,0,0.0,0
2026-08-07,02-1_FC,O_162_불당,천안수시컨설팅,2,0,0.0,0
2026-08-07,02-1_FC,O_162_불당,천안수학학원,1,0,0.0,0
2026-08-07,02-1_FC,O_162_불당,천안영어학원,1,0,0.0,0
2026-08-07,02-1_FC,O_162_불당,천안입시상담,1,0,0.0,0
2026-08-07,02-1_FC,O_162_불당,천안학습코디네이터,1,0,0.0,0
2026-08-07,02-1_FC,O_162_불당,천안학원,1,0,0.0,0
2026-08-07,02-1_FC,O_165_유니시티,유니시티과학학원,1,0,0.0,0
2026-08-07,02-1_FC,O_165_유니시티,유니시티에듀플렉스,1,0,0.0,0
2026-08-07,02-1_FC,O_165_유니시티,창원수학과외,1,0,0.0,0
2026-08-07,02-1_FC,O_165_유니시티,창원수학학원,2,0,0.0,0
2026-08-07,02-1_FC,O_165_유니시티,창원에듀플렉스,1,0,0.0,0
2026-08-07,02-1_FC,O_165_유니시티,창원영어학원,1,0,0.0,0
2026-08-07,02-1_FC,O_165_유니시티,창원윈터스쿨,3,0,0.0,0
2026-08-07,02-1_FC,O_165_유니시티,창원입시상담,20,1,1313.0,0
2026-08-07,02-1_FC,O_165_유니시티,창원중등영어학원,2,0,0.0,0
2026-08-07,02-1_FC,O_163_송촌,송촌수학학원,1,0,0.0,0
2026-08-07,02-1_FC,O_163_송촌,송촌영어학원,1,0,0.0,0
2026-08-07,02-1_FC,O_163_송촌,송촌동수학학원,4,0,0.0,0
2026-08-07,02-1_FC,O_163_송촌,송촌동영어학원,14,0,0.0,0
2026-08-07,02-1_FC,O_163_송촌,송촌동학원,1,0,0.0,0
2026-08-07,02-1_FC,O_163_송촌,중리동중등영어학원,1,0,0.0,0
2026-08-07,02-1_FC,O_169_분당정자,정자동관리형독서실,1,0,0.0,0
2026-08-07,02-1_FC,O_169_분당정자,정자동에듀플렉스,1,0,0.0,0
2026-08-07,02-1_FC,O_170_송파역,송파역에듀플렉스,1,0,0.0,0
2026-08-07,02-1_FC,O_170_송파역,송파동수학학원,2,0,0.0,0
2026-08-07,02-1_FC,O_170_송파역,석촌역영어학원,1,0,0.0,0
2026-08-07,02-1_FC,O_171_개포점,도곡동영어과외,1,0,0.0,0
2026-08-07,02-1_FC,O_172_산곡점,가좌동학원,3,0,0.0,0
2026-08-07,02-1_FC,O_172_산곡점,청천동과외,1,0,0.0,0
2026-08-07,02-1_FC,O_172_산곡점,갈산동학원,1,0,0.0,0
2026-08-07,02-1_FC,O_172_산곡점,십정동영어과외,1,0,0.0,0
2026-08-07,02-1_FC,O_174_하계점,하계동학원,1,0,0.0,0
2026-08-07,02-1_FC,O_174_하계점,중계동학원,6,0,0.0,0
2026-08-07,02-1_FC,O_174_하계점,중계동학원추천,1,0,0.0,0
2026-08-07,02-1_FC,O_174_하계점,월계동국영수학원,1,0,0.0,0
2026-08-07,02-1_FC,O_174_하계점,중계동입시학원,1,0,0.0,0
2026-08-07,02-1_FC,O_174_하계점,중계동입시상담,2,0,0.0,0
2026-08-07,02-1_FC,O_173_등촌점,가양동영어과외,1,0,0.0,0
2026-08-07,02-1_FC,O_173_등촌점,염창동과외,1,0,0.0,0
2026-08-07,02-1_FC,O_175_별내점,별내동수학학원,2,0,0.0,0
2026-08-07,02-1_FC,O_176_문화점,오류동학원,1,0,0.0,0
2026-08-07,02-1_FC,O_176_문화점,오류동수학학원,1,0,0.0,0
2026-08-07,02-1_FC,O_176_문화점,유천동영어학원,1,0,0.0,0
2026-08-07,02-1_FC,O_176_문화점,은행동국어학원,2,0,0.0,0
2026-08-07,02-1_FC,O_176_문화점,용두동수학학원,4,0,0.0,0
2026-08-07,02-1_FC,O_176_문화점,선화동영어학원,2,0,0.0,0
2026-08-07,02-1_FC,O_182_행당점,행당역영어학원,1,0,0.0,0
2026-08-07,02-1_FC,O_182_행당점,왕십리수학학원,1,0,0.0,0
2026-08-07,02-1_FC,O_191_구의점,자양동수학학원,7,0,0.0,0
2026-08-07,02-1_FC,O_191_구의점,자양동영어학원,5,0,0.0,0
2026-08-07,02-1_FC,O_191_구의점,능동수학학원,5,0,0.0,0
2026-08-07,02-1_FC,O_191_구의점,능동영어학원,2,0,0.0,0
2026-08-07,02-1_FC,O_189_고척점,개봉동학습코칭,1,0,0.0,0
2026-08-07,02-1_FC,O_189_고척점,광명동수학학원,4,0,0.0,0
2026-08-07,02-1_FC,O_185_첨단1점,양산동영어학원,1,0,0.0,0
2026-08-07,02-1_FC,O_184_비전점,동삭동학원,3,0,0.0,0
2026-08-07,02-1_FC,O_184_비전점,비전동수학학원,17,0,0.0,0
2026-08-07,02-1_FC,O_184_비전점,비전동국어학원,2,0,0.0,0
2026-08-07,02-1_FC,O_184_비전점,비전동내신대비,1,0,0.0,0
2026-08-07,02-1_FC,O_183_신정점,고척동진로상담,1,0,0.0,0
2026-08-07,02-1_FC,O_183_신정점,고척동학원,2,0,0.0,0
2026-08-07,02-1_FC,O_181_주엽점,주엽동수학학원,1,0,0.0,0
2026-08-07,02-1_FC,O_181_주엽점,주엽동영어학원,5,0,0.0,0
2026-08-07,02-1_FC,O_181_주엽점,주엽동국어학원,3,0,0.0,0
2026-08-07,02-1_FC,O_181_주엽점,일산동영어학원,4,0,0.0,0
2026-08-07,02-1_FC,O_180_마곡점,마곡수학학원,3,0,0.0,0
2026-08-07,02-1_FC,O_180_마곡점,마곡영어학원,2,0,0.0,0
2026-08-07,02-1_FC,O_180_마곡점,마곡국어학원,1,0,0.0,0
2026-08-07,02-1_FC,O_180_마곡점,마곡과학학원,4,0,0.0,0
2026-08-07,02-1_FC,O_180_마곡점,마곡동수학학원,2,0,0.0,0
2026-08-07,02-1_FC,O_180_마곡점,마곡동영어학원,1,0,0.0,0
2026-08-07,02-1_FC,O_178_진관점,구파발역수학학원,1,0,0.0,0
2026-08-07,02-1_FC,O_178_진관점,진관동영어학원,1,0,0.0,0
2026-08-07,02-1_FC,O_178_진관점,지축역수학학원,1,0,0.0,0
2026-08-07,02-1_FC,O_179_신갈점,신갈동영어학원,12,0,0.0,0
2026-08-07,02-1_FC,O_179_신갈점,구갈동영어학원,2,0,0.0,0
2026-08-07,02-1_FC,O_179_신갈점,신갈역영어학원,1,0,0.0,0
2026-08-07,02-1_FC,O_177_운양점,운양동수학학원,9,0,0.0,0
2026-08-07,02-1_FC,O_177_운양점,운양동영어학원,12,0,0.0,0
2026-08-07,02-1_FC,O_177_운양점,운양동과학학원,1,0,0.0,0
2026-08-07,02-1_FC,O_177_운양점,운양역수학학원,1,0,0.0,0
2026-08-07,09_진로진학,진로진학_PC,라이프코칭,4,0,0.0,0
2026-08-07,09_진로진학,진로진학_PC,무료적성검사,1,0,0.0,0
2026-08-07,09_진로진학,진로진학_PC,상상코치,1,0,0.0,0
2026-08-07,09_진로진학,진로진학_PC,아이기질검사,1,0,0.0,0
2026-08-07,09_진로진학,진로진학_PC,중학생진로,2,0,0.0,0
2026-08-07,09_진로진학,진로진학_PC,지문적성검사,2,0,0.0,0
2026-08-07,09_진로진학,진로진학_PC,직업상담,3,0,0.0,0
2026-08-07,09_진로진학,진로진학_PC,직업적성검사,7,0,0.0,0
2026-08-07,09_진로진학,진로진학_PC,진로,10,0,0.0,0
2026-08-07,09_진로진학,진로진학_PC,진로검사,1,0,0.0,0
2026-08-07,09_진로진학,진로진학_PC,진로고민,2,0,0.0,0
2026-08-07,09_진로진학,진로진학_PC,진로상담,7,0,0.0,0
2026-08-07,09_진로진학,진로진학_PC,진로상담사,1,0,0.0,0
2026-08-07,09_진로진학,진로진학_PC,진로적성검사,8,0,0.0,0
2026-08-07,09_진로진학,진로진학_PC,진로진학컨설팅,1,0,0.0,0
2026-08-07,09_진로진학,진로진학_PC,진로찾기,1,0,0.0,0
2026-08-07,09_진로진학,진로진학_PC,진로탐색,1,0,0.0,0
2026-08-07,09_진로진학,진로진학_PC,청소년상담,2,0,0.0,0
2026-08-07,09_진로진학,진로진학_PC,청소년진로,1,0,0.0,0
2026-08-07,09_진로진학,진로진학_MO,직업적성검사,8,0,0.0,0
2026-08-07,09_진로진학,진로진학_MO,진로,4,0,0.0,0
2026-08-07,09_진로진학,진로진학_MO,진로상담,3,0,0.0,0
2026-08-07,09_진로진학,진로진학_MO,진로적성검사,2,0,0.0,0
2026-08-07,09_진로진학,진로진학_MO,진로탐색,1,0,0.0,0
2026-08-07,09_진로진학,진로진학_MO,직업상담,4,0,0.0,0
2026-08-07,03_에듀코치_PC,01_시험,수능공부,1,0,0.0,0
2026-08-07,03_에듀코치_PC,01_시험,중간고사대비,4,0,0.0,0
2026-08-07,03_에듀코치_PC,01_시험,모의고사,90,0,0.0,0
2026-08-07,03_에듀코치_PC,01_시험,중간고사,5,0,0.0,0
2026-08-07,03_에듀코치_PC,01_시험,기말고사,3,0,0.0,0
2026-08-07,03_에듀코치_PC,02_시험조합_1/2,수학시험대비,2,0,0.0,0
2026-08-07,03_에듀코치_PC,02_시험조합_1/2,영어시험대비,1,0,0.0,0
2026-08-07,03_에듀코치_PC,02_시험조합_1/2,시험대비,6,0,0.0,0
2026-08-07,03_에듀코치_PC,02_시험조합_1/2,고등국어공부,6,0,0.0,0
2026-08-07,03_에듀코치_PC,02_시험조합_1/2,중1수학공부,5,0,0.0,0
2026-08-07,03_에듀코치_PC,02_시험조합_1/2,중2수학공부,1,0,0.0,0
2026-08-07,03_에듀코치_PC,02_시험조합_1/2,중학생수학공부,2,0,0.0,0
2026-08-07,03_에듀코치_PC,02_시험조합_1/2,영어공부,11,0,0.0,0
2026-08-07,03_에듀코치_PC,02_시험조합_1/2,중2영어공부,1,0,0.0,0
2026-08-07,03_에듀코치_PC,02_시험조합_1/2,중등영어공부,1,0,0.0,0
2026-08-07,03_에듀코치_PC,02_시험조합_1/2,중학생영어공부,1,0,0.0,0
2026-08-07,03_에듀코치_PC,02_시험조합_1/2,고등영어공부,2,0,0.0,0
2026-08-07,03_에듀코치_PC,02_시험조합_1/2,고등학생영어공부,1,0,0.0,0
2026-08-07,03_에듀코치_PC,02_시험조합_1/2,중1공부,3,0,0.0,0
2026-08-07,03_에듀코치_PC,02_시험조합_1/2,중2공부,1,0,0.0,0
2026-08-07,03_에듀코치_PC,02_시험조합_1/2,중1영어공부법,1,0,0.0,0
2026-08-07,03_에듀코치_PC,02_시험조합_1/2,중2영어공부법,1,0,0.0,0
2026-08-07,03_에듀코치_PC,02_시험조합_1/2,중학생공부법,6,0,0.0,0
2026-08-07,03_에듀코치_PC,02_시험조합_1/2,영어학습,34,0,0.0,0
2026-08-07,03_에듀코치_PC,02_시험조합_1/2,학습,12,0,0.0,0
2026-08-07,03_에듀코치_PC,02_시험조합_1/2,중등국어,3,0,0.0,0
2026-08-07,03_에듀코치_PC,02_시험조합_1/2,고1국어,2,0,0.0,0
2026-08-07,03_에듀코치_PC,02_시험조합_1/2,고등국어,1,0,0.0,0
2026-08-07,03_에듀코치_PC,02_시험조합_1/2,중1수학,10,0,0.0,0
2026-08-07,03_에듀코치_PC,02_시험조합_1/2,중3수학,4,0,0.0,0
2026-08-07,03_에듀코치_PC,02_시험조합_1/2,예비중1수학,2,0,0.0,0
2026-08-07,03_에듀코치_PC,02_시험조합_1/2,중학생수학,2,0,0.0,0
2026-08-07,03_에듀코치_PC,02_시험조합_1/2,고1수학,7,0,0.0,0
2026-08-07,03_에듀코치_PC,02_시험조합_1/2,영어,6,0,0.0,0
2026-08-07,03_에듀코치_PC,02_시험조합_1/2,중1영어,1,0,0.0,0
2026-08-07,03_에듀코치_PC,02_시험조합_1/2,중2영어,2,0,0.0,0
2026-08-07,03_에듀코치_PC,02_시험조합_1/2,중학생영어,6,1,2377.0,0
2026-08-07,03_에듀코치_PC,02_시험조합_1/2,고3영어,1,0,0.0,0
2026-08-07,03_에듀코치_PC,02_시험조합_1/2,과학공부,2,0,0.0,0
2026-08-07,03_에듀코치_PC,02_시험조합_1/2,예비고3공부,3,0,0.0,0
2026-08-07,03_에듀코치_PC,02_시험조합_1/2,중등영어내신,1,0,0.0,0
2026-08-07,03_에듀코치_PC,02_시험조합_1/2,영어내신대비,1,0,0.0,0
2026-08-07,03_에듀코치_PC,02_시험조합_1/2,국어기출,1,0,0.0,0
2026-08-07,03_에듀코치_PC,02_시험조합_1/2,수학기출,1,0,0.0,0
2026-08-07,03_에듀코치_PC,02_시험조합_1/2,국어시험,1,0,0.0,0
2026-08-07,03_에듀코치_PC,02_시험조합_1/2,수학시험,3,0,0.0,0
2026-08-07,03_에듀코치_PC,02_시험조합_1/2,중2수학시험,2,0,0.0,0
2026-08-07,03_에듀코치_PC,02_시험조합_2/2,중3사회,1,0,0.0,0
2026-08-07,03_에듀코치_PC,02_시험조합_2/2,중등사회,4,0,0.0,0
2026-08-07,03_에듀코치_PC,02_시험조합_2/2,중등,3,0,0.0,0
2026-08-07,03_에듀코치_PC,02_시험조합_2/2,중1과학,1,0,0.0,0
2026-08-07,03_에듀코치_PC,02_시험조합_2/2,중학생과학,6,0,0.0,0
2026-08-07,03_에듀코치_PC,02_시험조합_2/2,고등영어내신,2,0,0.0,0
2026-08-07,03_에듀코치_PC,02_시험조합_2/2,중등내신,1,0,0.0,0
2026-08-07,03_에듀코치_PC,02_시험조합_2/2,중학생내신,1,0,0.0,0
2026-08-07,03_에듀코치_PC,02_시험조합_2/2,고3내신,1,0,0.0,0
2026-08-07,03_에듀코치_PC,02_시험조합_2/2,고등수학내신,2,0,0.0,0
2026-08-07,03_에듀코치_PC,02_시험조합_2/2,시험,6,0,0.0,0
2026-08-07,03_에듀코치_PC,03_학원_1/2,고1국어,2,0,0.0,0
2026-08-07,03_에듀코치_PC,03_학원_1/2,고등국어,1,0,0.0,0
2026-08-07,03_에듀코치_PC,03_학원_1/2,사회,7,0,0.0,0
2026-08-07,03_에듀코치_PC,03_학원_1/2,중1사회,2,0,0.0,0
2026-08-07,03_에듀코치_PC,03_학원_1/2,수학,25,0,0.0,0
2026-08-07,03_에듀코치_PC,03_학원_1/2,중2수학,1,0,0.0,0
2026-08-07,03_에듀코치_PC,03_학원_1/2,고1수학,5,0,0.0,0
2026-08-07,03_에듀코치_PC,03_학원_1/2,중등영어,9,0,0.0,0
2026-08-07,03_에듀코치_PC,03_학원_1/2,고3영어,1,0,0.0,0
2026-08-07,03_에듀코치_PC,03_학원_1/2,중등,2,0,0.0,0
2026-08-07,03_에듀코치_PC,03_학원_1/2,수학학원,3,0,0.0,0
2026-08-07,03_에듀코치_PC,03_학원_1/2,중학생수학학원,2,0,0.0,0
2026-08-07,03_에듀코치_PC,03_학원_1/2,영어학원,7,0,0.0,0
2026-08-07,03_에듀코치_PC,03_학원_1/2,중2학원,2,0,0.0,0
2026-08-07,03_에듀코치_PC,03_학원_1/2,수학학원추천,3,0,0.0,0
2026-08-07,03_에듀코치_PC,03_학원_1/2,소수정예,1,0,0.0,0
2026-08-07,03_에듀코치_PC,03_학원_2/2,전과목학원,2,0,0.0,0
2026-08-07,03_에듀코치_PC,03_학원_2/2,고등수학전문학원,2,0,0.0,0
2026-08-07,03_에듀코치_PC,03_학원_2/2,고2수학,1,0,0.0,0
2026-08-07,03_에듀코치_PC,03_학원_2/2,고3수학,4,0,0.0,0
2026-08-07,03_에듀코치_PC,03_학원_2/2,중1내신대비,1,0,0.0,0
2026-08-07,03_에듀코치_PC,03_학원_2/2,중등내신대비,1,0,0.0,0
2026-08-07,03_에듀코치_MO,01_시험,수능공부,1,0,0.0,0
2026-08-07,03_에듀코치_MO,01_시험,중간고사대비,1,0,0.0,0
2026-08-07,03_에듀코치_MO,01_시험,기말고사대비,4,0,0.0,0
2026-08-07,03_에듀코치_MO,01_시험,기말대비,3,0,0.0,0
2026-08-07,03_에듀코치_MO,01_시험,중간고사공부법,1,0,0.0,0
2026-08-07,03_에듀코치_MO,01_시험,기말고사공부법,2,0,0.0,0
2026-08-07,03_에듀코치_MO,01_시험,모의고사,2,0,0.0,0
2026-08-07,03_에듀코치_MO,01_시험,기말고사,3,0,0.0,0
2026-08-07,03_에듀코치_MO,01_시험,수학능력시험,13,0,0.0,0
2026-08-07,03_에듀코치_MO,01_시험,서술형,6,0,0.0,0
2026-08-07,03_에듀코치_MO,02_시험조합_1/2,수학시험대비,35,0,0.0,0
2026-08-07,03_에듀코치_MO,02_시험조합_1/2,고1시험대비,1,0,0.0,0
2026-08-07,03_에듀코치_MO,02_시험조합_1/2,예비중1국어공부,1,0,0.0,0
2026-08-07,03_에듀코치_MO,02_시험조합_1/2,고1국어공부,4,0,0.0,0
2026-08-07,03_에듀코치_MO,02_시험조합_1/2,고2국어공부,3,0,0.0,0
2026-08-07,03_에듀코치_MO,02_시험조합_1/2,고등국어공부,3,0,0.0,0
2026-08-07,03_에듀코치_MO,02_시험조합_1/2,중등수학공부,1,0,0.0,0
2026-08-07,03_에듀코치_MO,02_시험조합_1/2,예비중1수학공부,1,0,0.0,0
2026-08-07,03_에듀코치_MO,02_시험조합_1/2,영어공부,58,0,0.0,0
2026-08-07,03_에듀코치_MO,02_시험조합_1/2,중학생영어공부,8,0,0.0,0
2026-08-07,03_에듀코치_MO,02_시험조합_1/2,고등영어공부,52,0,0.0,0
2026-08-07,03_에듀코치_MO,02_시험조합_1/2,예비고3영어공부,1,0,0.0,0
2026-08-07,03_에듀코치_MO,02_시험조합_1/2,사회공부,9,0,0.0,0
2026-08-07,03_에듀코치_MO,02_시험조합_1/2,중2공부,1,0,0.0,0
2026-08-07,03_에듀코치_MO,02_시험조합_1/2,예비중1공부,12,0,0.0,0
2026-08-07,03_에듀코치_MO,02_시험조합_1/2,중학생공부,26,0,0.0,0
2026-08-07,03_에듀코치_MO,02_시험조합_1/2,예비고1국어공부법,1,0,0.0,0
2026-08-07,03_에듀코치_MO,02_시험조합_1/2,고등학생국어공부법,7,0,0.0,0
2026-08-07,03_에듀코치_MO,02_시험조합_1/2,중3영어공부법,1,0,0.0,0
2026-08-07,03_에듀코치_MO,02_시험조합_1/2,고등영어공부법,24,0,0.0,0
2026-08-07,03_에듀코치_MO,02_시험조합_1/2,중등공부법,2,0,0.0,0
2026-08-07,03_에듀코치_MO,02_시험조합_1/2,예비중1공부법,3,0,0.0,0
2026-08-07,03_에듀코치_MO,02_시험조합_1/2,고등국어학습,11,0,0.0,0
2026-08-07,03_에듀코치_MO,02_시험조합_1/2,예비고1국어학습,4,0,0.0,0
2026-08-07,03_에듀코치_MO,02_시험조합_1/2,고등영어학습,2,0,0.0,0
2026-08-07,03_에듀코치_MO,02_시험조합_1/2,사회학습,4,0,0.0,0
2026-08-07,03_에듀코치_MO,02_시험조합_1/2,중등학습,2,0,0.0,0
2026-08-07,03_에듀코치_MO,02_시험조합_1/2,고등시험대비,2,0,0.0,0
2026-08-07,03_에듀코치_MO,02_시험조합_1/2,국어,3,0,0.0,0
2026-08-07,03_에듀코치_MO,02_시험조합_1/2,고1국어,62,0,0.0,0
2026-08-07,03_에듀코치_MO,02_시험조합_1/2,고2국어,67,0,0.0,0
2026-08-07,03_에듀코치_MO,02_시험조합_1/2,수학,164,0,0.0,0
2026-08-07,03_에듀코치_MO,02_시험조합_1/2,고1수학,7,0,0.0,0
2026-08-07,03_에듀코치_MO,02_시험조합_1/2,고2국영수,4,0,0.0,0
2026-08-07,03_에듀코치_MO,02_시험조합_1/2,영어,41,0,0.0,0
2026-08-07,03_에듀코치_MO,02_시험조합_1/2,고1영어,12,0,0.0,0
2026-08-07,03_에듀코치_MO,02_시험조합_1/2,예비고3공부,3,0,0.0,0
2026-08-07,03_에듀코치_MO,02_시험조합_1/2,고등수학공부,23,0,0.0,0
2026-08-07,03_에듀코치_MO,02_시험조합_1/2,예비고3수학공부,15,0,0.0,0
2026-08-07,03_에듀코치_MO,02_시험조합_1/2,고1국어내신,1,0,0.0,0
2026-08-07,03_에듀코치_MO,02_시험조합_1/2,고3국어내신,19,0,0.0,0
2026-08-07,03_에듀코치_MO,02_시험조합_1/2,고등국어내신,19,0,0.0,0
2026-08-07,03_에듀코치_MO,02_시험조합_1/2,고1수학내신,23,0,0.0,0
2026-08-07,03_에듀코치_MO,02_시험조합_1/2,고1영어내신,15,0,0.0,0
2026-08-07,03_에듀코치_MO,02_시험조합_1/2,고2영어내신,3,0,0.0,0
2026-08-07,03_에듀코치_MO,02_시험조합_1/2,고3영어내신,28,0,0.0,0
2026-08-07,03_에듀코치_MO,02_시험조합_1/2,예비고3공부법,2,0,0.0,0
2026-08-07,03_에듀코치_MO,02_시험조합_1/2,고등수학공부법,29,0,0.0,0
2026-08-07,03_에듀코치_MO,02_시험조합_1/2,국어내신대비,2,0,0.0,0
2026-08-07,03_에듀코치_MO,02_시험조합_1/2,고1국어내신대비,1,0,0.0,0
2026-08-07,03_에듀코치_MO,02_시험조합_1/2,고2국어내신대비,1,0,0.0,0
2026-08-07,03_에듀코치_MO,02_시험조합_1/2,고등국어내신대비,41,0,0.0,0
2026-08-07,03_에듀코치_MO,02_시험조합_1/2,영어내신대비,11,0,0.0,0
2026-08-07,03_에듀코치_MO,02_시험조합_1/2,고3영어내신대비,2,0,0.0,0
2026-08-07,03_에듀코치_MO,02_시험조합_1/2,과학학습,1,0,0.0,0
2026-08-07,03_에듀코치_MO,02_시험조합_1/2,국어기출,16,0,0.0,0
2026-08-07,03_에듀코치_MO,02_시험조합_1/2,예비고3국어기출,1,0,0.0,0
2026-08-07,03_에듀코치_MO,02_시험조합_1/2,수학기출,30,0,0.0,0
2026-08-07,03_에듀코치_MO,02_시험조합_1/2,영어기출,33,0,0.0,0
2026-08-07,03_에듀코치_MO,02_시험조합_1/2,국어시험,16,0,0.0,0
2026-08-07,03_에듀코치_MO,02_시험조합_1/2,고등국어시험,1,0,0.0,0
2026-08-07,03_에듀코치_MO,02_시험조합_1/2,고1수학시험,6,0,0.0,0
2026-08-07,03_에듀코치_MO,03_학원_1/2,중학생영어,8,0,0.0,0
2026-08-07,03_에듀코치_MO,03_학원_1/2,영어학원,1,0,0.0,0
2026-08-07,03_에듀코치_MO,02_시험조합_2/2,예비고3영어,1,0,0.0,0
2026-08-07,03_에듀코치_MO,02_시험조합_2/2,고등영어내신,3,0,0.0,0
2026-08-07,03_에듀코치_MO,02_시험조합_2/2,고1사회내신,1,0,0.0,0
2026-08-07,03_에듀코치_MO,02_시험조합_2/2,중2내신,1,0,0.0,0
2026-08-07,03_에듀코치_MO,02_시험조합_2/2,중3내신,2,0,0.0,0
2026-08-07,03_에듀코치_MO,02_시험조합_2/2,중학생내신,1,0,0.0,0
2026-08-07,03_에듀코치_MO,02_시험조합_2/2,고2내신,1,0,0.0,0
2026-08-07,03_에듀코치_MO,02_시험조합_2/2,고등내신,134,0,0.0,0
2026-08-07,03_에듀코치_MO,03_학원_2/2,고1전과목소수정예학원,1,0,0.0,0
2026-08-07,03_에듀코치_MO,03_학원_2/2,고3수학,3,0,0.0,0
2026-08-07,03_에듀코치_MO,03_학원_2/2,고등수학,1,0,0.0,0
2026-08-07,06_초등_MO,01_자기주도학습,초등학생학습코칭,1,0,0.0,0
2026-08-07,06_초등_MO,01_자기주도학습,초등공부,13,0,0.0,0
2026-08-07,06_초등_MO,01_자기주도학습,초등학습,2,0,0.0,0
2026-08-07,06_초등_MO,03_인강/과외,초5과외,5,0,0.0,0
2026-08-07,06_초등_MO,03_인강/과외,초5수학과외,1,0,0.0,0
2026-08-07,06_초등_MO,03_인강/과외,초5국어과외,1,0,0.0,0
2026-08-07,06_초등_MO,03_인강/과외,초5수학인강,3,0,0.0,0
2026-08-07,06_초등_PC,03_인강/과외,초등공부방,2,0,0.0,0
2026-08-07,06_초등_PC,03_인강/과외,초등영어과외,8,0,0.0,0
2026-08-07,06_초등_PC,03_인강/과외,초등영어인강,15,0,0.0,0
2026-08-07,06_초등_PC,03_인강/과외,초등학생과외,10,0,0.0,0
2026-08-07,06_초등_PC,01_자기주도학습,초등자기주도학습,1,0,0.0,0
2026-08-07,06_초등_PC,01_자기주도학습,초등학습,1,0,0.0,0
2026-08-07,06_초등_PC,01_자기주도학습,초등수행평가,2,0,0.0,0
2026-08-07,06_초등_PC,01_자기주도학습,초등학교수행평가,1,0,0.0,0
2026-08-07,08_중등_MO,01_자기주도학습,중학생학습,9,0,0.0,0
2026-08-07,08_중등_MO,01_자기주도학습,중등공부,1,0,0.0,0
2026-08-07,08_중등_MO,01_자기주도학습,중학교자기주도학습,9,0,0.0,0
2026-08-07,08_중등_MO,01_자기주도학습,중학교공부,1,0,0.0,0
2026-08-07,08_중등_MO,02_학원,중3영어,3,0,0.0,0
2026-08-07,08_중등_MO,02_학원,중등학원,4,0,0.0,0
2026-08-07,08_중등_MO,02_학원,중등전문학원,30,0,0.0,0
2026-08-07,08_중등_MO,02_학원,중등영어,1,0,0.0,0
2026-08-07,08_중등_MO,02_학원,중등수학학원,23,0,0.0,0
2026-08-07,08_중등_MO,02_학원,중등국어학원,5,0,0.0,0
2026-08-07,08_중등_MO,02_학원,중등과학학원,6,0,0.0,0
2026-08-07,08_중등_MO,02_학원,중학교영어학원추천,2,0,0.0,0
2026-08-07,08_중등_MO,02_학원,예비중1수학,2,0,0.0,0
2026-08-07,08_중등_MO,02_학원,중학생학원,4,0,0.0,0
2026-08-07,08_중등_MO,02_학원,중학생영어학원추천,1,0,0.0,0
2026-08-07,08_중등_MO,02_학원,중학생수학,1,0,0.0,0
2026-08-07,08_중등_MO,04_중학교 내신,중학교내신,1661,3,1566.0,0
2026-08-07,08_중등_MO,04_중학교 내신,중학교수행평가,6,0,0.0,0
2026-08-07,08_중등_PC,01_자기주도학습,중학생학습코칭,1,0,0.0,0
2026-08-07,08_중등_PC,01_자기주도학습,중학생공부,1,0,0.0,0
2026-08-07,08_중등_PC,01_자기주도학습,중학생학습,2,0,0.0,0
2026-08-07,08_중등_PC,01_자기주도학습,중등공부,3,0,0.0,0
2026-08-07,08_중등_PC,01_자기주도학습,중등학습,2,0,0.0,0
2026-08-07,08_중등_PC,01_자기주도학습,중학교자기주도학습,11,0,0.0,0
2026-08-07,08_중등_PC,01_자기주도학습,중학교공부,19,0,0.0,0
2026-08-07,08_중등_PC,02_학원,중등영어,1,0,0.0,0
2026-08-07,08_중등_PC,02_학원,중등수학학원,15,0,0.0,0
2026-08-07,08_중등_PC,02_학원,중등영어학원,70,0,0.0,0
2026-08-07,08_중등_PC,02_학원,중학교영어,2,0,0.0,0
2026-08-07,08_중등_PC,02_학원,중학교영어학원,3,0,0.0,0
2026-08-07,08_중등_PC,02_학원,중1수학,3,0,0.0,0
2026-08-07,08_중등_PC,02_학원,중학생수학학원,2,0,0.0,0
2026-08-07,08_중등_PC,02_학원,중학생영어학원,84,0,0.0,0
2026-08-07,08_중등_PC,02_학원,중2수학,1,0,0.0,0
2026-08-07,08_중등_PC,02_학원,중2영어,1,0,0.0,0
2026-08-07,08_중등_PC,02_학원,중2수학학원,2,0,0.0,0
2026-08-07,08_중등_PC,02_학원,종합학원,11,0,0.0,0
2026-08-07,08_중등_PC,03_인강/과외,중3과외,2,0,0.0,0
2026-08-07,08_중등_PC,03_인강/과외,중3수학과외,1,0,0.0,0
2026-08-07,08_중등_PC,03_인강/과외,중3영어과외,74,0,0.0,0
2026-08-07,08_중등_PC,03_인강/과외,중3인강,8,0,0.0,0
2026-08-07,08_중등_PC,03_인강/과외,중3수학인강,1,0,0.0,0
2026-08-07,08_중등_PC,03_인강/과외,중3영어인강,1,0,0.0,0
2026-08-07,08_중등_PC,03_인강/과외,중등공부방,1,0,0.0,0
2026-08-07,08_중등_PC,03_인강/과외,중등과학과외,3,0,0.0,0
2026-08-07,08_중등_PC,03_인강/과외,중등인강,14,0,0.0,0
2026-08-07,08_중등_PC,03_인강/과외,중등수학인강,2,0,0.0,0
2026-08-07,08_중등_PC,03_인강/과외,중등국어인강,64,0,0.0,0
2026-08-07,08_중등_PC,03_인강/과외,중등영어인강,2,0,0.0,0
2026-08-07,08_중등_PC,03_인강/과외,중학생과외,1,0,0.0,0
2026-08-07,08_중등_PC,03_인강/과외,중학생수학과외,2,0,0.0,0
2026-08-07,08_중등_PC,03_인강/과외,중학생영어과외,80,0,0.0,0
2026-08-07,08_중등_PC,03_인강/과외,중학생국어과외,5,0,0.0,0
2026-08-07,08_중등_PC,03_인강/과외,중학생인강,5,0,0.0,0
2026-08-07,08_중등_PC,03_인강/과외,중학생수학인강,6,0,0.0,0
2026-08-07,08_중등_PC,03_인강/과외,중학교공부방,4,0,0.0,0
2026-08-07,08_중등_PC,03_인강/과외,중학교과외,1,0,0.0,0
2026-08-07,08_중등_PC,03_인강/과외,중학교수학과외,1,0,0.0,0
2026-08-07,08_중등_PC,03_인강/과외,중학교국어과외,1,0,0.0,0
2026-08-07,08_중등_PC,03_인강/과외,중학교인강,25,0,0.0,0
2026-08-07,08_중등_PC,03_인강/과외,중학교영어인강,2,0,0.0,0
2026-08-07,08_중등_PC,03_인강/과외,중1수학과외,1,0,0.0,0
2026-08-07,08_중등_PC,03_인강/과외,중1인강,1,0,0.0,0
2026-08-07,08_중등_PC,03_인강/과외,중1수학인강,1,0,0.0,0
2026-08-07,08_중등_PC,03_인강/과외,중2인강,6,0,0.0,0
2026-08-07,08_중등_PC,03_인강/과외,중2수학인강,1,0,0.0,0
2026-08-07,08_중등_PC,03_인강/과외,중2영어인강,2,0,0.0,0
2026-08-07,08_중등_PC,03_인강/과외,중등화상수업,1,0,0.0,0
2026-08-07,08_중등_PC,03_인강/과외,중등온라인학습,36,0,0.0,0
2026-08-07,08_중등_PC,04_중학교 내신,중학교내신,355,0,0.0,0
2026-08-07,16_특정 키워드,01_경쟁사키워드,프리미어학원,1,0,0.0,0
2026-08-07,16_특정 키워드,02_참고서키워드,개념원리수학,7,0,0.0,0
2026-08-07,16_특정 키워드,02_참고서키워드,수학문제집추천,4,0,0.0,0
2026-08-07,16_특정 키워드,02_참고서키워드,한국사문제집,7,0,0.0,0
2026-08-07,16_특정 키워드,02_참고서키워드,개념원리인강,2,0,0.0,0
2026-08-07,16_특정 키워드,02_참고서키워드,개념원리수1,1,0,0.0,0
2026-08-07,16_특정 키워드,02_참고서키워드,개념원리수2,3,0,0.0,0
2026-08-07,16_특정 키워드,02_참고서키워드,개념유형,2,0,0.0,0
2026-08-07,16_특정 키워드,02_참고서키워드,개념원리확통,1,0,0.0,0
2026-08-07,16_특정 키워드,02_참고서키워드,미래엔교과서구입,30,0,0.0,0
2026-08-07,16_특정 키워드,02_참고서키워드,개념원리수학2,1,0,0.0,0
2026-08-07,16_특정 키워드,02_참고서키워드,개념원리미적분,7,0,0.0,0
2026-08-07,16_특정 키워드,02_참고서키워드,EBS초등수학,4,0,0.0,0
2026-08-07,16_특정 키워드,02_참고서키워드,수학의정석,44,0,0.0,0
2026-08-07,16_특정 키워드,02_참고서키워드,완자화학1,4,0,0.0,0
2026-08-07,16_특정 키워드,02_참고서키워드,국어문법,1,0,0.0,0
2026-08-07,16_특정 키워드,02_참고서키워드,기적의영어리딩,5,0,0.0,0
2026-08-07,16_특정 키워드,02_참고서키워드,미래엔수학,55,0,0.0,0
2026-08-07,16_특정 키워드,02_참고서키워드,자습서,2,0,0.0,0
2026-08-07,16_특정 키워드,03_이슈키워드,티쳐스후기,1,0,0.0,0
2026-08-07,16_특정 키워드,04_유리스마,웩슬러검사,37,0,0.0,0
2026-08-07,16_특정 키워드,04_유리스마,지능검사,25,0,0.0,0
2026-08-07,16_특정 키워드,04_유리스마,유리스마,6,0,0.0,0
2026-08-07,16_특정 키워드,미미미누 콜라보,미3누,7,0,0.0,0
2026-08-07,16_특정 키워드,미미미누 콜라보,VLT,30,0,0.0,0
2026-08-07,16_특정 키워드,미미미누 콜라보,에듀플렉스후기,23,0,0.0,0
2026-08-07,11_예비고1_MO,예비고1+관리/준비,예비고1공부,69,0,0.0,0
2026-08-07,11_예비고1_MO,예비고1+관리/준비,고등진학상담,1,0,0.0,0
2026-08-07,11_예비고1_MO,예비고1+학원/과외,예비고1학원,28,0,0.0,0
2026-08-07,11_예비고1_MO,예비고1+학원/과외,예비고1영어과외,61,0,0.0,0
2026-08-07,11_예비고1_MO,예비고1+학원/과외,예비고1영어학원,10,0,0.0,0
2026-08-07,11_예비고1_MO,예비고1+학원/과외,예비고1국어학원,9,0,0.0,0
2026-08-07,11_예비고1_MO,예비고1+학원/과외,예비고1인강,1,0,0.0,0
2026-08-07,11_예비고1_PC,예비고1+관리/준비,예비고1준비,60,0,0.0,0
2026-08-07,11_예비고1_PC,예비고1+자기주도학습,예비고1공부코디네이터,5,0,0.0,0
2026-08-07,11_예비고1_PC,예비고1+학원/과외,예비고1과외,3,0,0.0,0
2026-08-07,11_예비고1_PC,예비고1+학원/과외,예비고1수학과외,9,0,0.0,0
2026-08-07,11_예비고1_PC,예비고1+학원/과외,예비고1국어학원,2,0,0.0,0
2026-08-07,12_예비중1_MO,3. 예비중1+학원/과외,예비중1과외,1,0,0.0,0
2026-08-07,12_예비중1_MO,3. 예비중1+학원/과외,예비중1수학학원,9,0,0.0,0
2026-08-07,12_예비중1_MO,3. 예비중1+학원/과외,예비중1영어과외,3,0,0.0,0
2026-08-07,12_예비중1_MO,3. 예비중1+학원/과외,예비중1종합학원,10,0,0.0,0
2026-08-07,12_예비중1_MO,3. 예비중1+학원/과외,예비중1학원,64,1,457.0,0
2026-08-07,12_예비중1_PC,예비중1+관리/준비,예비중1학습,5,0,0.0,0
2026-08-07,12_예비중1_PC,예비중1+관리/준비,예비중1학습관리,1,0,0.0,0
2026-08-07,12_예비중1_PC,예비중1+학원/과외,예비중1수학과외,4,0,0.0,0
2026-08-07,12_예비중1_PC,예비중1+학원/과외,예비중1영어과외,38,0,0.0,0
2026-08-07,12_예비중1_PC,예비중1+학원/과외,예비중1영어학원,7,0,0.0,0
2026-08-07,12_예비중1_PC,예비중1+학원/과외,예비중1인강,2,0,0.0,0
2026-08-07,10_고등_MO,01_자기주도학습,고3공부,2,0,0.0,0
2026-08-07,10_고등_MO,01_자기주도학습,고등공부,1,0,0.0,0
2026-08-07,10_고등_MO,02_학원,고등국어학원추천,1,0,0.0,0
2026-08-07,10_고등_MO,02_학원,고등수학,26,0,0.0,0
2026-08-07,10_고등_MO,02_학원,고등수학학원,10,0,0.0,0
2026-08-07,10_고등_MO,02_학원,고등영어,5,0,0.0,0
2026-08-07,10_고등_MO,02_학원,고등영어학원,26,0,0.0,0
2026-08-07,10_고등_MO,02_학원,고등영어학원추천,1,0,0.0,0
2026-08-07,10_고등_MO,02_학원,고등종합학원,2,0,0.0,0
2026-08-07,10_고등_MO,02_학원,고등학원,1,0,0.0,0
2026-08-07,10_고등_MO,02_학원,고등학교수학,2,0,0.0,0
2026-08-07,10_고등_MO,02_학원,고등학교영어,3,0,0.0,0
2026-08-07,10_고등_MO,02_학원,고등학생과학학원,2,0,0.0,0
2026-08-07,10_고등_MO,02_학원,고등학생국어학원,1,0,0.0,0
2026-08-07,10_고등_MO,02_학원,고1수학,4,0,0.0,0
2026-08-07,10_고등_MO,02_학원,고1영어,2,0,0.0,0
2026-08-07,10_고등_MO,02_학원,고1학원,1,0,0.0,0
2026-08-07,10_고등_MO,02_학원,고2수학,3,0,0.0,0
2026-08-07,10_고등_MO,02_학원,고2영어,2,0,0.0,0
2026-08-07,10_고등_MO,02_학원,고3수학,4,0,0.0,0
2026-08-07,10_고등_MO,02_학원,고3영어,2,0,0.0,0
2026-08-07,10_고등_MO,03_인강과외,고등내신대비,1,0,0.0,0
2026-08-07,10_고등_MO,03_인강과외,고등국어,4,0,0.0,0
2026-08-07,10_고등_MO,03_인강과외,고등수학학원,40,0,0.0,0
2026-08-07,10_고등_MO,03_인강과외,고등과외,4,0,0.0,0
2026-08-07,10_고등_MO,03_인강과외,고등수학과외,6,0,0.0,0
2026-08-07,10_고등_MO,03_인강과외,고등수학인강,9,0,0.0,0
2026-08-07,10_고등_MO,03_인강과외,고등영어과외,6,0,0.0,0
2026-08-07,10_고등_MO,03_인강과외,고등인강,2,0,0.0,0
2026-08-07,10_고등_MO,03_인강과외,고등학생영어과외,1,0,0.0,0
2026-08-07,10_고등_MO,03_인강과외,고등학생인강,4,1,2343.0,0
2026-08-07,10_고등_MO,03_인강과외,고등학교국어,3,0,0.0,0
2026-08-07,10_고등_MO,03_인강과외,고등학교과외,1,0,0.0,0
2026-08-07,10_고등_MO,03_인강과외,고등학교국어인강,1,0,0.0,0
2026-08-07,10_고등_MO,03_인강과외,고등학교인강,2,0,0.0,0
2026-08-07,10_고등_MO,03_인강과외,고1과학,4,0,0.0,0
2026-08-07,10_고등_MO,03_인강과외,고1국어인강,1,0,0.0,0
2026-08-07,10_고등_MO,03_인강과외,고2수학,6,0,0.0,0
2026-08-07,10_고등_MO,03_인강과외,고2국어,5,0,0.0,0
2026-08-07,10_고등_MO,03_인강과외,고3국어,2,0,0.0,0
2026-08-07,10_고등_MO,03_인강과외,고3과외,1,0,0.0,0
2026-08-07,10_고등_MO,03_인강과외,고3국어과외,1,0,0.0,0
2026-08-07,10_고등_MO,03_인강과외,고등인강추천,2,0,0.0,0
2026-08-07,10_고등_MO,04_입시,대입학원,1,0,0.0,0
2026-08-07,10_고등_MO,04_입시,자기소개서학원,1,0,0.0,0
2026-08-07,10_고등_MO,04_입시,대입상담,4,0,0.0,0
2026-08-07,10_고등_MO,04_입시,고교입시설명회,4,0,0.0,0
2026-08-07,10_고등_MO,04_입시,수능,656,1,2127.0,0
2026-08-07,10_고등_MO,04_입시,평가원모의고사,2,0,0.0,0
2026-08-07,10_고등_MO,05_고등 내신,고등학교내신,1,0,0.0,0
2026-08-07,10_고등_MO,05_고등 내신,고등내신,2,0,0.0,0
2026-08-07,10_고등_PC,01_자기주도학습,고등학생멘토링,6,0,0.0,1
2026-08-07,10_고등_PC,01_자기주도학습,고등공부,10,0,0.0,1
2026-08-07,10_고등_PC,02_학원,고등과학학원,2,0,0.0,1
2026-08-07,10_고등_PC,02_학원,고등수학,19,0,0.0,1
2026-08-07,10_고등_PC,02_학원,고등수학학원,1,0,0.0,1
2026-08-07,10_고등_PC,02_학원,고등수학학원추천,1,0,0.0,1
2026-08-07,10_고등_PC,02_학원,고등영어학원,124,0,0.0,1
2026-08-07,10_고등_PC,02_학원,고등종합학원,1,0,0.0,1
2026-08-07,10_고등_PC,02_학원,고2수학학원,10,0,0.0,1
2026-08-07,10_고등_PC,02_학원,종합학원,4,0,0.0,1
2026-08-07,10_고등_PC,03_인강과외,고등수학,4,0,0.0,1
2026-08-07,10_고등_PC,03_인강과외,고등국어,5,0,0.0,1
2026-08-07,10_고등_PC,03_인강과외,고등과외,2,0,0.0,1
2026-08-07,10_고등_PC,03_인강과외,고등국어인강,4,0,0.0,1
2026-08-07,10_고등_PC,03_인강과외,고등수학과외,2,0,0.0,1
2026-08-07,10_고등_PC,03_인강과외,고등학생과외,1,0,0.0,1
2026-08-07,10_고등_PC,03_인강과외,고등학생영어과외,72,0,0.0,1
2026-08-07,10_고등_PC,03_인강과외,고등학생인강,1,0,0.0,1
2026-08-07,10_고등_PC,03_인강과외,고등학교수학,1,0,0.0,1
2026-08-07,10_고등_PC,03_인강과외,고등학교영어,1,0,0.0,1
2026-08-07,10_고등_PC,03_인강과외,고등학교인강,41,0,0.0,1
2026-08-07,10_고등_PC,03_인강과외,고1국어인강,9,0,0.0,1
2026-08-07,10_고등_PC,03_인강과외,고1영어과외,46,0,0.0,1
2026-08-07,10_고등_PC,03_인강과외,고1인강,1,0,0.0,1
2026-08-07,10_고등_PC,03_인강과외,고2수학,1,0,0.0,1
2026-08-07,10_고등_PC,03_인강과외,고2영어,1,0,0.0,1
2026-08-07,10_고등_PC,03_인강과외,고2국어,9,0,0.0,1
2026-08-07,10_고등_PC,03_인강과외,고2사회,1,0,0.0,1
2026-08-07,10_고등_PC,03_인강과외,고2국어인강,17,0,0.0,1
2026-08-07,10_고등_PC,03_인강과외,고2수학과외,1,0,0.0,1
2026-08-07,10_고등_PC,03_인강과외,고3국어,1,0,0.0,1
2026-08-07,10_고등_PC,03_인강과외,고3국어과외,1,0,0.0,1
2026-08-07,10_고등_PC,03_인강과외,고3국어인강,10,0,0.0,1
2026-08-07,10_고등_PC,03_인강과외,고3수학과외,1,0,0.0,1
2026-08-07,10_고등_PC,03_인강과외,고3인강,1,0,0.0,1
2026-08-07,10_고등_PC,04_입시,대입입시컨설팅,3,0,0.0,1
2026-08-07,10_고등_PC,04_입시,대입학원,6,0,0.0,1
2026-08-07,10_고등_PC,04_입시,대입면접,3,0,0.0,1
2026-08-07,10_고등_PC,04_입시,대학교상담,1,0,0.0,1
2026-08-07,10_고등_PC,04_입시,대학교입시,11,0,0.0,1
2026-08-07,10_고등_PC,04_입시,대학교면접,5,0,0.0,1
2026-08-07,10_고등_PC,04_입시,입시학원,7,0,0.0,1
2026-08-07,10_고등_PC,04_입시,입시컨설팅학원,3,0,0.0,1
2026-08-07,10_고등_PC,04_입시,면접학원,5,0,0.0,1
2026-08-07,10_고등_PC,04_입시,대입상담,3,0,0.0,1
2026-08-07,10_고등_PC,04_입시,예비고1설명회,2,0,0.0,1
2026-08-07,10_고등_PC,04_입시,내신등급계산,1,0,0.0,1
2026-08-07,10_고등_PC,04_입시,수학능력시험,56,0,0.0,1
2026-08-07,10_고등_PC,04_입시,모의고사,1,0,0.0,1
2026-08-07,10_고등_PC,04_입시,수능공부,1,0,0.0,1
2026-08-07,10_고등_PC,05_고등 내신,고등학교내신,227,0,0.0,1
2026-08-07,B_브랜드검색,04_MO_브랜드검색,EDUPLEX,1,0,0.0,0
2026-08-07,B_브랜드검색,04_MO_브랜드검색,에듀플렉스,460,50,0.0,0
2026-08-07,B_브랜드검색,04_MO_브랜드검색,애듀플렉스,11,2,0.0,0
2026-08-07,B_브랜드검색,04_MO_브랜드검색,에듀플랙스,9,3,0.0,0
2026-08-07,B_브랜드검색,04_MO_브랜드검색,애듀플랙스,1,0,0.0,0
2026-08-07,B_브랜드검색,04_MO_브랜드검색,에듀플렉스윈터스쿨,1,1,0.0,0
2026-08-07,B_브랜드검색,04_PC_브랜드검색,애듀플렉스,1,1,0.0,0
2026-08-07,B_브랜드검색,04_PC_브랜드검색,에듀플랙스,2,2,0.0,0
2026-08-07,B_브랜드검색,04_PC_브랜드검색,에듀플렉스,48,11,0.0,0
2026-08-08,02-1_FC,O_003_계산,계양구학원,1,0,0.0,0
2026-08-08,02-1_FC,O_003_계산,계양구국어학원,28,0,0.0,0
2026-08-08,02-1_FC,O_003_계산,계양구영어학원,4,0,0.0,0
2026-08-08,02-1_FC,O_003_계산,계양구수학학원,5,0,0.0,0
2026-08-08,02-1_FC,O_005_공덕,서대문영어과외,1,0,0.0,0
2026-08-08,02-1_FC,O_006_공덕2,대흥역수학학원,3,0,0.0,0
2026-08-08,02-1_FC,O_006_공덕2,마포구국어학원,1,0,0.0,0
2026-08-08,02-1_FC,O_008_광교,광교국어학원,1,0,0.0,0
2026-08-08,02-1_FC,O_010_교동,강릉영어과외,1,0,0.0,0
2026-08-08,02-1_FC,O_011_구서,구서동영어학원,13,0,0.0,0
2026-08-08,02-1_FC,O_011_구서,구서동영어,1,0,0.0,0
2026-08-08,02-1_FC,O_011_구서,금정구중등영어학원,2,0,0.0,0
2026-08-08,02-1_FC,O_011_구서,금정구수학과외,1,0,0.0,0
2026-08-08,02-1_FC,O_012_구월,구월동수학학원,4,0,0.0,0
2026-08-08,02-1_FC,O_014_금오,의정부학원,6,0,0.0,0
2026-08-08,02-1_FC,O_014_금오,의정부국어학원,1,0,0.0,0
2026-08-08,02-1_FC,O_014_금오,의정부독서실,5,0,0.0,0
2026-08-08,02-1_FC,O_014_금오,의정부중등수학학원,1,0,0.0,0
2026-08-08,02-1_FC,O_014_금오,의정부고등영어학원,1,0,0.0,0
2026-08-08,02-1_FC,O_014_금오,신곡동영수학원,1,0,0.0,0
2026-08-08,02-1_FC,O_015_금호,진월동국어학원,1,0,0.0,0
2026-08-08,02-1_FC,O_017_내외,김해영어학원,3,0,0.0,0
2026-08-08,02-1_FC,O_017_내외,김해과외,2,0,0.0,0
2026-08-08,02-1_FC,O_017_내외,김해수학과외,5,0,0.0,0
2026-08-08,02-1_FC,O_017_내외,김해영어과외,4,0,0.0,0
2026-08-08,02-1_FC,O_017_내외,김해국어과외,2,0,0.0,0
2026-08-08,02-1_FC,O_017_내외,김해과학과외,1,0,0.0,0
2026-08-08,02-1_FC,O_017_내외,김해학습코칭,1,0,0.0,0
2026-08-08,02-1_FC,O_020_다대포,사하구과외,1,0,0.0,0
2026-08-08,02-1_FC,O_020_다대포,사하구수학과외,1,0,0.0,0
2026-08-08,02-1_FC,O_023_대방_1/3,에듀플렉스대방,2,0,0.0,0
2026-08-08,02-1_FC,O_023_대방_1/3,대방동수학학원,1,0,0.0,0
2026-08-08,02-1_FC,O_023_대방_1/3,상남동수학학원,3,0,0.0,0
2026-08-08,02-1_FC,O_023_대방_1/3,상남동영어학원,2,0,0.0,0
2026-08-08,02-1_FC,O_029_동춘,동춘동국어학원,70,0,0.0,0
2026-08-08,02-1_FC,O_029_동춘,동춘동영어학원,50,0,0.0,0
2026-08-08,02-1_FC,O_029_동춘,동춘동수학학원,46,0,0.0,0
2026-08-08,02-1_FC,O_029_동춘,동춘동과외,1,0,0.0,0
2026-08-08,02-1_FC,O_029_동춘,동춘동영어과외,1,0,0.0,0
2026-08-08,02-1_FC,"O_037_명일, 고덕 ",명일동고등수학학원,1,0,0.0,0
2026-08-08,02-1_FC,"O_037_명일, 고덕 ",명일동수학학원,19,0,0.0,0
2026-08-08,02-1_FC,"O_037_명일, 고덕 ",명일동중등수학학원,1,0,0.0,0
2026-08-08,02-1_FC,"O_037_명일, 고덕 ",강동구고등수학학원,5,0,0.0,0
2026-08-08,02-1_FC,"O_037_명일, 고덕 ",강동구중등수학학원,2,0,0.0,0
2026-08-08,02-1_FC,"O_037_명일, 고덕 ",강동구수학과외,1,0,0.0,0
2026-08-08,02-1_FC,"O_037_명일, 고덕 ",고덕역중등수학학원,1,0,0.0,0
2026-08-08,02-1_FC,"O_037_명일, 고덕 ",하남학원,1,0,0.0,0
2026-08-08,02-1_FC,"O_037_명일, 고덕 ",하남영어과외,1,0,0.0,0
2026-08-08,02-1_FC,O_038_명지,명지동수학과외,1,0,0.0,0
2026-08-08,02-1_FC,O_050_범어,수성구학원,1,0,0.0,0
2026-08-08,02-1_FC,O_050_범어,수성구수학과외,1,0,0.0,0
2026-08-08,02-1_FC,O_050_범어,수성구자기주도학습센터,1,0,0.0,0
2026-08-08,02-1_FC,O_052_봉곡,구미영어학원,1,0,0.0,0
2026-08-08,02-1_FC,O_052_봉곡,구미봉곡영어학원,4,0,0.0,0
2026-08-08,02-1_FC,O_052_봉곡,구미수학과외,1,0,0.0,0
2026-08-08,02-1_FC,O_052_봉곡,구미영어과외,8,1,2194.0,0
2026-08-08,02-1_FC,O_053_봉선,봉선동국어학원,2,0,0.0,0
2026-08-08,02-1_FC,O_053_봉선,봉선동영어학원,19,0,0.0,0
2026-08-08,02-1_FC,O_053_봉선,봉선동수학학원,23,0,0.0,0
2026-08-08,02-1_FC,O_053_봉선,봉선동중등영어학원,4,0,0.0,0
2026-08-08,02-1_FC,O_053_봉선,광주봉선동영어학원,1,0,0.0,0
2026-08-08,02-1_FC,O_053_봉선,광주봉선동수학학원,2,0,0.0,0
2026-08-08,02-1_FC,O_056_부평,부평영어학원,1,0,0.0,0
2026-08-08,02-1_FC,O_056_부평,부평수학학원,3,0,0.0,0
2026-08-08,02-1_FC,O_056_부평,부평초등영어학원,2,0,0.0,0
2026-08-08,02-1_FC,O_056_부평,부평영어과외,1,0,0.0,0
2026-08-08,02-1_FC,O_070_상동,부천상동영어학원,6,0,0.0,0
2026-08-08,02-1_FC,O_070_상동,부천상동수학학원,2,0,0.0,0
2026-08-08,02-1_FC,O_070_상동,상동영어학원,39,0,0.0,0
2026-08-08,02-1_FC,O_070_상동,상동수학학원,2,0,0.0,0
2026-08-08,02-1_FC,O_070_상동,상동수학,1,0,0.0,0
2026-08-08,02-1_FC,O_070_상동,부천영어과외,9,0,0.0,0
2026-08-08,02-1_FC,O_076_서초2,서초동학원,1,0,0.0,0
2026-08-08,02-1_FC,O_076_서초2,서초동수학학원,1,0,0.0,0
2026-08-08,02-1_FC,O_076_서초2,서초동과외,1,0,0.0,0
2026-08-08,02-1_FC,O_076_서초2,서초구수학과외,1,0,0.0,0
2026-08-08,02-1_FC,O_076_서초2,서초영어과외,1,0,0.0,0
2026-08-08,02-1_FC,O_076_서초2,서초국어과외,3,0,0.0,0
2026-08-08,02-1_FC,O_076_서초2,서초방학특강,1,0,0.0,0
2026-08-08,02-1_FC,O_078_센텀,센텀학원,1,0,0.0,0
2026-08-08,02-1_FC,O_078_센텀,센텀영어학원,1,0,0.0,0
2026-08-08,02-1_FC,O_078_센텀,센텀수학학원,15,0,0.0,0
2026-08-08,02-1_FC,O_079_송도,송도학원,2,0,0.0,0
2026-08-08,02-1_FC,O_079_송도,송도수학학원,16,0,0.0,0
2026-08-08,02-1_FC,O_079_송도,송도과외,3,0,0.0,0
2026-08-08,02-1_FC,O_079_송도,송도영어,58,0,0.0,0
2026-08-08,02-1_FC,O_079_송도,송도고등과학학원,1,0,0.0,0
2026-08-08,02-1_FC,O_079_송도,송도수학과외,5,0,0.0,0
2026-08-08,02-1_FC,O_079_송도,송도영어과외,1,0,0.0,0
2026-08-08,02-1_FC,O_079_송도,송도윈터스쿨,8,0,0.0,0
2026-08-08,02-1_FC,O_083_수지,수지수학학원,34,0,0.0,0
2026-08-08,02-1_FC,O_083_수지,수지고등수학학원,2,0,0.0,0
2026-08-08,02-1_FC,O_083_수지,수지고등과학학원,1,0,0.0,0
2026-08-08,02-1_FC,O_083_수지,수지구청역학원,3,0,0.0,0
2026-08-08,02-1_FC,O_084_수택,수택동수학학원,2,0,0.0,0
2026-08-08,02-1_FC,O_084_수택,구리중등영어학원,9,0,0.0,0
2026-08-08,02-1_FC,O_084_수택,구리영어과외,10,0,0.0,0
2026-08-08,02-1_FC,O_084_수택,구리방학특강,2,0,0.0,0
2026-08-08,02-1_FC,O_091_양산,양산수학학원,15,0,0.0,0
2026-08-08,02-1_FC,O_091_양산,양산영어학원,11,0,0.0,0
2026-08-08,02-1_FC,O_091_양산,양산초등수학학원,1,0,0.0,0
2026-08-08,02-1_FC,O_091_양산,양산초등영어학원,1,0,0.0,0
2026-08-08,02-1_FC,O_102_월성,월성동국어학원,2,0,0.0,0
2026-08-08,02-1_FC,O_102_월성,월성동영어학원,6,0,0.0,0
2026-08-08,02-1_FC,O_102_월성,월성동수학학원,12,0,0.0,0
2026-08-08,02-1_FC,O_102_월성,월성동영어,1,0,0.0,0
2026-08-08,02-1_FC,O_104_위례,위례국어학원,2,0,0.0,0
2026-08-08,02-1_FC,O_104_위례,위례초등영어학원,1,0,0.0,0
2026-08-08,02-1_FC,O_105_율하,율하영어학원,5,0,0.0,0
2026-08-08,02-1_FC,O_105_율하,율하동초등수학학원,1,0,0.0,0
2026-08-08,02-1_FC,O_105_율하,김해독서실,2,0,0.0,0
2026-08-08,02-1_FC,O_105_율하,율하수학과외,1,0,0.0,0
2026-08-08,02-1_FC,O_107_인천삼산,삼산동수학학원,4,0,0.0,0
2026-08-08,02-1_FC,O_110_장기,김포과외,2,0,0.0,0
2026-08-08,02-1_FC,O_110_장기,장기동수학학원,3,0,0.0,0
2026-08-08,02-1_FC,O_110_장기,장기동영어학원,18,0,0.0,0
2026-08-08,02-1_FC,O_110_장기,김포장기학원,1,0,0.0,0
2026-08-08,02-1_FC,O_114_제주이도,제주영어과외,2,0,0.0,0
2026-08-08,02-1_FC,O_114_제주이도,제주자기주도학습센터,1,0,0.0,0
2026-08-08,02-1_FC,O_123_철산,철산동수학학원,1,0,0.0,0
2026-08-08,02-1_FC,O_125_청라,청라고등수학학원,1,0,0.0,0
2026-08-08,02-1_FC,O_125_청라,청라과외,2,0,0.0,0
2026-08-08,02-1_FC,O_125_청라,청라독서실,4,0,0.0,0
2026-08-08,02-1_FC,O_125_청라,청라수학,9,0,0.0,0
2026-08-08,02-1_FC,O_125_청라,청라수학학원,16,0,0.0,0
2026-08-08,02-1_FC,O_125_청라,청라영어학원,5,0,0.0,0
2026-08-08,02-1_FC,O_125_청라,청라중등수학학원,6,0,0.0,0
2026-08-08,02-1_FC,O_125_청라,청라고등과학학원,1,0,0.0,0
2026-08-08,02-1_FC,O_125_청라,청라수학과외,2,0,0.0,0
2026-08-08,02-1_FC,O_127_침산,침산동학원,1,0,0.0,0
2026-08-08,02-1_FC,O_127_침산,침산동국어학원,7,0,0.0,0
2026-08-08,02-1_FC,O_127_침산,침산동영어학원,23,0,0.0,0
2026-08-08,02-1_FC,O_127_침산,침산동수학학원,6,0,0.0,0
2026-08-08,02-1_FC,O_127_침산,침산동영어학원추천,1,0,0.0,0
2026-08-08,02-1_FC,O_129_평거,진주시과외,1,0,0.0,0
2026-08-08,02-1_FC,O_129_평거,진주시자기주도학습센터,1,0,0.0,0
2026-08-08,02-1_FC,O_138_황금,지산동수학학원,1,0,0.0,0
2026-08-08,02-1_FC,O_016_남천,남천동영어학원,5,0,0.0,0
2026-08-08,02-1_FC,O_016_남천,남천동수학학원,5,0,0.0,0
2026-08-08,02-1_FC,O_016_남천,남천동영어과외,2,0,0.0,0
2026-08-08,02-1_FC,O_101_운정,운정학원,1,0,0.0,0
2026-08-08,02-1_FC,O_101_운정,운정국어학원,11,0,0.0,0
2026-08-08,02-1_FC,O_101_운정,운정영어학원,3,0,0.0,0
2026-08-08,02-1_FC,O_101_운정,운정수학학원,22,0,0.0,0
2026-08-08,02-1_FC,O_101_운정,운정초등영어학원,1,0,0.0,0
2026-08-08,02-1_FC,O_101_운정,운정초등수학학원,3,0,0.0,0
2026-08-08,02-1_FC,O_101_운정,운정중등영어학원,1,0,0.0,0
2026-08-08,02-1_FC,O_101_운정,운정중등수학학원,1,0,0.0,0
2026-08-08,02-1_FC,O_101_운정,운정중등국어학원,1,0,0.0,0
2026-08-08,02-1_FC,O_101_운정,운정영어,1,0,0.0,0
2026-08-08,02-1_FC,O_101_운정,운정수학,3,0,0.0,0
2026-08-08,02-1_FC,O_101_운정,운정고등학원,1,0,0.0,0
2026-08-08,02-1_FC,O_101_운정,운정수학과외,1,0,0.0,0
2026-08-08,02-1_FC,O_101_운정,파주학원,1,0,0.0,0
2026-08-08,02-1_FC,O_101_운정,파주영어과외,2,0,0.0,0
2026-08-08,02-1_FC,O_055_부산대,부산대학원,7,0,0.0,0
2026-08-08,02-1_FC,O_055_부산대,부산대수학,6,0,0.0,0
2026-08-08,02-1_FC,O_137_화정,화정동수학,1,0,0.0,0
2026-08-08,02-1_FC,O_137_화정,행신동학원,1,0,0.0,0
2026-08-08,02-1_FC,O_137_화정,행신동수학과외,2,0,0.0,0
2026-08-08,02-1_FC,O_057_분당미금,미금학원,1,0,0.0,0
2026-08-08,02-1_FC,O_072_상현,상현동국어학원,1,0,0.0,0
2026-08-08,02-1_FC,O_072_상현,상현동수학학원,4,0,0.0,0
2026-08-08,02-1_FC,O_072_상현,성복동학원,1,0,0.0,0
2026-08-08,02-1_FC,O_072_상현,성복동영어과외,1,0,0.0,0
2026-08-08,02-1_FC,O_072_상현,상현역학원,1,0,0.0,0
2026-08-08,02-1_FC,O_096_옥계,옥계동영어학원,1,0,0.0,0
2026-08-08,02-1_FC,O_044_민락,수영과외,4,0,0.0,0
2026-08-08,02-1_FC,O_032_둔산,둔산수학학원,3,0,0.0,0
2026-08-08,02-1_FC,O_032_둔산,둔산동학원,6,0,0.0,0
2026-08-08,02-1_FC,O_032_둔산,둔산동국어학원,6,0,0.0,0
2026-08-08,02-1_FC,O_032_둔산,둔산동수학학원,8,0,0.0,0
2026-08-08,02-1_FC,O_032_둔산,둔산동초등영어학원,2,0,0.0,0
2026-08-08,02-1_FC,O_032_둔산,둔산동초등수학학원,1,0,0.0,0
2026-08-08,02-1_FC,O_032_둔산,둔산동중등수학학원,1,0,0.0,0
2026-08-08,02-1_FC,O_032_둔산,둔산동고등영어학원,1,0,0.0,0
2026-08-08,02-1_FC,O_032_둔산,둔산동고등수학학원,2,0,0.0,0
2026-08-08,02-1_FC,O_032_둔산,둔산동국어,2,0,0.0,0
2026-08-08,02-1_FC,O_032_둔산,둔산동수학,4,1,1439.0,0
2026-08-08,02-1_FC,O_031_동탄청계,청계동영어학원,1,0,0.0,0
2026-08-08,02-1_FC,O_049_방이,방이국어학원,2,0,0.0,0
2026-08-08,02-1_FC,O_049_방이,오금동영어학원,10,0,0.0,0
2026-08-08,02-1_FC,O_049_방이,오금동수학학원,1,0,0.0,0
2026-08-08,02-1_FC,O_049_방이,방이동학원,4,0,0.0,0
2026-08-08,02-1_FC,O_049_방이,방이동고등수학학원,1,0,0.0,0
2026-08-08,02-1_FC,O_049_방이,방이동윈터스쿨,1,0,0.0,0
2026-08-08,02-1_FC,O_045_반송,반림동중등영어학원,1,0,0.0,0
2026-08-08,02-1_FC,O_028_동백,동백국어학원,3,0,0.0,0
2026-08-08,02-1_FC,O_028_동백,동백수학학원,15,0,0.0,0
2026-08-08,02-1_FC,O_028_동백,동백영어학원,13,0,0.0,0
2026-08-08,02-1_FC,O_041_무실,원주영어학원,11,0,0.0,0
2026-08-08,02-1_FC,O_041_무실,무실동독서실,2,0,0.0,0
2026-08-08,02-1_FC,O_041_무실,원주영어과외,2,0,0.0,0
2026-08-08,02-1_FC,O_019_논현,인천논현동영어학원,8,0,0.0,0
2026-08-08,02-1_FC,O_019_논현,인천논현동수학학원,7,0,0.0,0
2026-08-08,02-1_FC,O_019_논현,인천논현동영어,1,0,0.0,0
2026-08-08,02-1_FC,O_103_월평,월평동영어학원,12,0,0.0,0
2026-08-08,02-1_FC,O_103_월평,월평동수학학원,16,0,0.0,0
2026-08-08,02-1_FC,O_103_월평,대전학원,8,0,0.0,0
2026-08-08,02-1_FC,O_103_월평,대전과외,1,0,0.0,0
2026-08-08,02-1_FC,O_103_월평,대전수학학원추천,1,0,0.0,0
2026-08-08,02-1_FC,O_103_월평,대전영어과외,10,0,0.0,0
2026-08-08,02-1_FC,O_103_월평,대전썸머스쿨,1,0,0.0,0
2026-08-08,02-1_FC,O_103_월평,대전윈터스쿨,2,0,0.0,0
2026-08-08,02-1_FC,O_018_노은,노은국어학원,1,1,2236.0,0
2026-08-08,02-1_FC,O_099_용호_1/2,남천동수학학원,4,0,0.0,0
2026-08-08,02-1_FC,O_099_용호_1/2,남천동영어학원,1,0,0.0,0
2026-08-08,02-1_FC,O_099_용호_1/2,용당동영어학원,1,0,0.0,0
2026-08-08,02-1_FC,O_099_용호_1/2,대연동국어학원,1,0,0.0,0
2026-08-08,02-1_FC,O_099_용호_1/2,남천동과학학원,1,0,0.0,0
2026-08-08,02-1_FC,O_136_화명2,화명동고등수학학원,1,0,0.0,0
2026-08-08,02-1_FC,O_136_화명2,화명동중등수학학원,1,0,0.0,0
2026-08-08,02-1_FC,O_136_화명2,화명동영어과외,3,0,0.0,0
2026-08-08,02-1_FC,O_136_화명2,화명동수학학원,8,0,0.0,0
2026-08-08,02-1_FC,O_136_화명2,화명동국어학원,1,0,0.0,0
2026-08-08,02-1_FC,O_136_화명2,화명동영어학원,16,0,0.0,0
2026-08-08,02-1_FC,O_136_화명2,화명동초등영어학원,1,0,0.0,0
2026-08-08,02-1_FC,O_136_화명2,화명수학학원,1,0,0.0,0
2026-08-08,02-1_FC,O_098_왕지,순천과외,3,0,0.0,0
2026-08-08,02-1_FC,O_098_왕지,순천영어과외,13,0,0.0,0
2026-08-08,02-1_FC,O_036_명륜,금정구중등영어학원,1,0,0.0,0
2026-08-08,02-1_FC,O_036_명륜,금정구수학과외,1,0,0.0,0
2026-08-08,02-1_FC,O_065_사직,동래영어학원,3,0,0.0,0
2026-08-08,02-1_FC,O_065_사직,사직동국어학원,1,0,0.0,0
2026-08-08,02-1_FC,O_065_사직,사직동영어학원,6,0,0.0,0
2026-08-08,02-1_FC,O_065_사직,사직동수학학원,8,0,0.0,0
2026-08-08,02-1_FC,O_065_사직,사직동수학학원추천,1,0,0.0,0
2026-08-08,02-1_FC,O_065_사직,사직동초등수학학원,2,0,0.0,0
2026-08-08,02-1_FC,O_065_사직,사직동영어,7,0,0.0,0
2026-08-08,02-1_FC,O_065_사직,동래구영어과외,1,0,0.0,0
2026-08-08,02-1_FC,O_111_전농,동대문영어과외,1,0,0.0,0
2026-08-08,02-1_FC,O_111_전농,장안동영어과외,2,0,0.0,0
2026-08-08,02-1_FC,O_069_상계,노원구학원,1,0,0.0,0
2026-08-08,02-1_FC,O_069_상계,노원학원,5,0,0.0,0
2026-08-08,02-1_FC,O_069_상계,노원과외,2,0,0.0,0
2026-08-08,02-1_FC,O_069_상계,노원영어과외,1,0,0.0,0
2026-08-08,02-1_FC,O_051_보라매,영등포영어과외,1,0,0.0,0
2026-08-08,02-1_FC,O_093_연신내,갈현동학원,1,0,0.0,0
2026-08-08,02-1_FC,O_093_연신내,갈현동수학학원,1,0,0.0,0
2026-08-08,02-1_FC,O_093_연신내,은평구학원,3,0,0.0,0
2026-08-08,02-1_FC,O_093_연신내,은평구진학상담,1,0,0.0,0
2026-08-08,02-1_FC,O_093_연신내,은평영어과외,1,0,0.0,0
2026-08-08,02-1_FC,O_093_연신내,구산동학원,2,0,0.0,0
2026-08-08,02-1_FC,O_001_가좌,가좌동영어학원,10,0,0.0,0
2026-08-08,02-1_FC,O_088_쌍용,천안학원,3,0,0.0,0
2026-08-08,02-1_FC,O_088_쌍용,천안국어학원,11,0,0.0,0
2026-08-08,02-1_FC,O_088_쌍용,천안영어학원,7,0,0.0,0
2026-08-08,02-1_FC,O_088_쌍용,천안과외,1,0,0.0,0
2026-08-08,02-1_FC,O_088_쌍용,천안영어,9,0,0.0,0
2026-08-08,02-1_FC,O_088_쌍용,천안수학과외,1,0,0.0,0
2026-08-08,02-1_FC,O_088_쌍용,천안영어과외,9,0,0.0,0
2026-08-08,02-1_FC,O_088_쌍용,불당동학원,1,0,0.0,0
2026-08-08,02-1_FC,O_025_대치한티,한티역수학학원,7,0,0.0,0
2026-08-08,02-1_FC,O_025_대치한티,대치동학원,1,0,0.0,0
2026-08-08,02-1_FC,O_025_대치한티,대치동국어학원,2,0,0.0,0
2026-08-08,02-1_FC,O_025_대치한티,대치동수학학원,8,0,0.0,0
2026-08-08,02-1_FC,O_025_대치한티,대치동초등영어학원,3,0,0.0,0
2026-08-08,02-1_FC,O_025_대치한티,대치동초등수학학원,10,0,0.0,0
2026-08-08,02-1_FC,O_025_대치한티,대치동중등수학학원,11,0,0.0,0
2026-08-08,02-1_FC,O_025_대치한티,대치동고등영어학원,1,0,0.0,0
2026-08-08,02-1_FC,O_025_대치한티,대치동고등수학학원,12,0,0.0,0
2026-08-08,02-1_FC,O_025_대치한티,대치동과외,8,1,1592.0,0
2026-08-08,02-1_FC,O_025_대치한티,대치동국어,39,0,0.0,0
2026-08-08,02-1_FC,O_025_대치한티,대치동영어,23,0,0.0,0
2026-08-08,02-1_FC,O_143_장유,장유수학과외,1,0,0.0,0
2026-08-08,02-1_FC,O_143_장유,장유영어과외,2,0,0.0,0
2026-08-08,02-1_FC,O_143_장유,장유과학과외,1,0,0.0,0
2026-08-08,02-1_FC,O_128_테크노,관평동국어학원,4,0,0.0,0
2026-08-08,02-1_FC,O_128_테크노,관평동영어학원,11,0,0.0,0
2026-08-08,02-1_FC,O_128_테크노,관평동수학학원,2,0,0.0,0
2026-08-08,02-1_FC,O_062_분평_1/2,청주학원,1,0,0.0,0
2026-08-08,02-1_FC,O_062_분평_1/2,청주과외,4,1,2840.0,0
2026-08-08,02-1_FC,O_062_분평_1/2,청주고등수학학원,2,0,0.0,0
2026-08-08,02-1_FC,O_062_분평_1/2,청주수학과외,3,0,0.0,0
2026-08-08,02-1_FC,O_062_분평_1/2,청주영어과외,1,0,0.0,0
2026-08-08,02-1_FC,O_062_분평_2/2,청주윈터스쿨,2,0,0.0,0
2026-08-08,02-1_FC,O_048_방배,방배수학학원,1,0,0.0,0
2026-08-08,02-1_FC,O_048_방배,방배동영어학원,2,0,0.0,0
2026-08-08,02-1_FC,O_048_방배,방배동수학학원,6,0,0.0,0
2026-08-08,02-1_FC,O_145_하남미사,강일동학원,1,0,0.0,0
2026-08-08,02-1_FC,O_145_하남미사,미사학원,1,0,0.0,0
2026-08-08,02-1_FC,O_149_서강,대흥동공부방,1,0,0.0,0
2026-08-08,02-1_FC,O_150_잠실새내_1/2,송파입시학원,4,0,0.0,0
2026-08-08,02-1_FC,O_150_잠실새내_1/2,잠실관리형독서실,2,0,0.0,0
2026-08-08,02-1_FC,O_150_잠실새내_1/2,송파구관리형독서실,1,0,0.0,0
2026-08-08,02-1_FC,O_150_잠실새내_1/2,송파구과학학원,3,0,0.0,0
2026-08-08,02-1_FC,O_150_잠실새내_1/2,송파구국어학원,1,0,0.0,0
2026-08-08,02-1_FC,O_150_잠실새내_1/2,송파구영어학원,10,0,0.0,0
2026-08-08,02-1_FC,O_150_잠실새내_1/2,송파구학원,3,0,0.0,0
2026-08-08,02-1_FC,O_150_잠실새내_1/2,송파국어과외,2,0,0.0,0
2026-08-08,02-1_FC,O_150_잠실새내_1/2,송파국어학원,1,0,0.0,0
2026-08-08,02-1_FC,O_150_잠실새내_1/2,송파동수학학원,1,0,0.0,0
2026-08-08,02-1_FC,O_150_잠실새내_1/2,송파수학학원,5,0,0.0,0
2026-08-08,02-1_FC,O_150_잠실새내_1/2,송파영어과외,1,0,0.0,0
2026-08-08,02-1_FC,O_150_잠실새내_1/2,송파영어학원,15,0,0.0,0
2026-08-08,02-1_FC,O_150_잠실새내_1/2,송파학원,6,0,0.0,0
2026-08-08,02-1_FC,O_150_잠실새내_1/2,잠실수학학원,9,0,0.0,0
2026-08-08,02-1_FC,O_150_잠실새내_1/2,잠실영어학원,18,0,0.0,0
2026-08-08,02-1_FC,O_150_잠실새내_1/2,잠실학원,3,0,0.0,0
2026-08-08,02-1_FC,O_150_잠실새내_1/2,잠실새내수학학원,1,0,0.0,0
2026-08-08,02-1_FC,O_150_잠실새내_1/2,송파중등국어학원,1,0,0.0,0
2026-08-08,02-1_FC,O_151_원효_1/3,용산동영어과외,1,0,0.0,0
2026-08-08,02-1_FC,O_151_원효_1/3,용산영어과외,1,0,0.0,0
2026-08-08,02-1_FC,O_151_원효_1/3,남영동수학과외,1,0,0.0,0
2026-08-08,02-1_FC,O_151_원효_2/3,용산동과학학원,1,0,0.0,0
2026-08-08,02-1_FC,O_151_원효_2/3,선린중중간고사,1,1,656.0,0
2026-08-08,02-1_FC,O_151_원효_3/3,용강중수학학원,1,0,0.0,0
2026-08-08,02-1_FC,O_152_남동탄_1/2,중앙동영어학원,3,0,0.0,0
2026-08-08,02-1_FC,O_152_남동탄_1/2,산척동수학학원,11,0,0.0,0
2026-08-08,02-1_FC,O_152_남동탄_1/2,남동탄수학학원,5,0,0.0,0
2026-08-08,02-1_FC,O_152_남동탄_1/2,정현고영어,1,0,0.0,0
2026-08-08,02-1_FC,O_152_남동탄_1/2,동탄중국어학원,2,0,0.0,0
2026-08-08,02-1_FC,O_152_남동탄_2/2,서연중수학학원,1,0,0.0,0
2026-08-08,02-1_FC,O_027_돈암_1/3,돈암동영어학원,6,0,0.0,0
2026-08-08,02-1_FC,O_064_사우_1/2,풍무동학원,1,0,0.0,0
2026-08-08,02-1_FC,O_064_사우_1/2,풍무동영어과외,1,0,0.0,0
2026-08-08,02-1_FC,O_064_사우_1/2,풍무동수학학원,5,0,0.0,0
2026-08-08,02-1_FC,O_064_사우_1/2,풍무동영어학원,33,0,0.0,0
2026-08-08,02-1_FC,O_064_사우_1/2,사우동학원,2,0,0.0,0
2026-08-08,02-1_FC,O_064_사우_1/2,사우동수학학원,9,0,0.0,0
2026-08-08,02-1_FC,O_064_사우_1/2,사우동과학학원,2,0,0.0,0
2026-08-08,02-1_FC,O_064_사우_1/2,사우동입시,2,0,0.0,0
2026-08-08,02-1_FC,O_064_사우_2/2,김포중국어학원,1,0,0.0,0
2026-08-08,02-1_FC,O_023_대방_3/3,울산중국어학원,4,0,0.0,0
2026-08-08,02-1_FC,O_099_용호_2/2,감만중중간고사,1,0,0.0,0
2026-08-08,02-1_FC,O_153_상도_1/2,에듀플렉스상도,1,0,0.0,0
2026-08-08,02-1_FC,O_153_상도_1/2,흑석동과외,2,0,0.0,0
2026-08-08,02-1_FC,O_155_다산_1/2,에듀플렉스다산,1,0,0.0,0
2026-08-08,02-1_FC,O_155_다산_1/2,다산관리형독서실,1,0,0.0,0
2026-08-08,02-1_FC,O_155_다산_1/2,동구자기주도학습,1,0,0.0,0
2026-08-08,02-1_FC,O_155_다산_1/2,다산국어학원,1,0,0.0,0
2026-08-08,02-1_FC,O_155_다산_1/2,다산동국어학원,1,0,0.0,0
2026-08-08,02-1_FC,O_155_다산_1/2,다산동수학학원,4,0,0.0,0
2026-08-08,02-1_FC,O_155_다산_1/2,다산수학학원,11,0,0.0,0
2026-08-08,02-1_FC,O_155_다산_1/2,다산신도시영어학원,1,0,0.0,0
2026-08-08,02-1_FC,O_155_다산_1/2,다산영어과외,2,0,0.0,0
2026-08-08,02-1_FC,O_155_다산_1/2,다산학원,6,0,0.0,0
2026-08-08,02-1_FC,O_155_다산_1/2,진건지구과학과외,1,0,0.0,0
2026-08-08,02-1_FC,O_156_광주화정_1/3,광주입시,1,0,0.0,0
2026-08-08,02-1_FC,O_156_광주화정_1/3,광주입시학원,4,0,0.0,0
2026-08-08,02-1_FC,O_156_광주화정_1/3,에듀플렉스광주화정,1,0,0.0,0
2026-08-08,02-1_FC,O_156_광주화정_1/3,광주관리형독서실,23,0,0.0,0
2026-08-08,02-1_FC,O_156_광주화정_1/3,광주국어학원,2,0,0.0,0
2026-08-08,02-1_FC,O_156_광주화정_1/3,광주영어과외,8,0,0.0,0
2026-08-08,02-1_FC,O_156_광주화정_1/3,화정동과외,1,0,0.0,0
2026-08-08,02-1_FC,O_156_광주화정_1/3,화정동과학학원,1,0,0.0,0
2026-08-08,02-1_FC,O_156_광주화정_1/3,화정동수학학원,6,0,0.0,0
2026-08-08,02-1_FC,O_156_광주화정_3/3,화정중국어학원,1,0,0.0,0
2026-08-08,02-1_FC,O_156_광주화정_3/3,서초과학학원,1,0,0.0,0
2026-08-08,02-1_FC,O_158_광명소하,광명관리형독서실,1,0,0.0,0
2026-08-08,02-1_FC,O_158_광명소하,광명영어,2,0,0.0,0
2026-08-08,02-1_FC,O_158_광명소하,광명영어과외,1,0,0.0,0
2026-08-08,02-1_FC,O_159_광명하안,하안동수학,1,0,0.0,0
2026-08-08,02-1_FC,O_159_광명하안,하안동수학학원,1,0,0.0,0
2026-08-08,02-1_FC,O_159_광명하안,광명관리형독서실,1,0,0.0,0
2026-08-08,02-1_FC,O_159_광명하안,광명수학,1,0,0.0,0
2026-08-08,02-1_FC,O_160_단구,원주과외,1,0,0.0,0
2026-08-08,02-1_FC,O_160_단구,원주관리형독서실,5,0,0.0,0
2026-08-08,02-1_FC,O_160_단구,원주수학과외,2,0,0.0,0
2026-08-08,02-1_FC,O_160_단구,원주수학학원,5,0,0.0,0
2026-08-08,02-1_FC,O_160_단구,원주기숙학원,1,0,0.0,0
2026-08-08,02-1_FC,O_161_분당정자,정자동관리형독서실,5,0,0.0,0
2026-08-08,02-1_FC,O_161_분당정자,정자동수학학원추천,2,0,0.0,0
2026-08-08,02-1_FC,O_162_불당,불당수학학원,1,0,0.0,0
2026-08-08,02-1_FC,O_162_불당,불당동과학학원,3,0,0.0,0
2026-08-08,02-1_FC,O_162_불당,불당동수학학원,6,0,0.0,0
2026-08-08,02-1_FC,O_162_불당,불당동영어학원,14,0,0.0,0
2026-08-08,02-1_FC,O_162_불당,천안고등수학학원,1,0,0.0,0
2026-08-08,02-1_FC,O_162_불당,천안과학학원,4,0,0.0,0
2026-08-08,02-1_FC,O_162_불당,천안관리형독서실,12,0,0.0,0
2026-08-08,02-1_FC,O_162_불당,천안국어학원,1,0,0.0,0
2026-08-08,02-1_FC,O_162_불당,천안수시컨설팅,3,0,0.0,0
2026-08-08,02-1_FC,O_162_불당,천안영어학원,6,0,0.0,0
2026-08-08,02-1_FC,O_162_불당,천안영어학원추천,1,0,0.0,0
2026-08-08,02-1_FC,O_162_불당,천안학습코칭,1,0,0.0,0
2026-08-08,02-1_FC,O_162_불당,천안기숙학원,3,0,0.0,0
2026-08-08,02-1_FC,O_165_유니시티,창원영어과외,4,0,0.0,0
2026-08-08,02-1_FC,O_165_유니시티,창원윈터스쿨,1,0,0.0,0
2026-08-08,02-1_FC,O_165_유니시티,창원입시상담,12,0,0.0,0
2026-08-08,02-1_FC,O_165_유니시티,창원기숙학원,2,0,0.0,0
2026-08-08,02-1_FC,O_163_송촌,송촌동수학과외,1,0,0.0,0
2026-08-08,02-1_FC,O_163_송촌,송촌동수학학원,3,0,0.0,0
2026-08-08,02-1_FC,O_163_송촌,송촌동에듀플렉스,1,0,0.0,0
2026-08-08,02-1_FC,O_163_송촌,송촌동영어학원,13,0,0.0,0
2026-08-08,02-1_FC,O_168_도안,도안영어학원,1,0,0.0,0
2026-08-08,02-1_FC,O_168_도안,유성구영어학원,1,0,0.0,0
2026-08-08,02-1_FC,O_168_도안,유성구입시학원,1,0,0.0,0
2026-08-08,02-1_FC,O_170_송파역,송파동수학학원,1,0,0.0,0
2026-08-08,02-1_FC,O_170_송파역,석촌동영어학원,1,0,0.0,0
2026-08-08,02-1_FC,O_172_산곡점,십정동과외,1,0,0.0,0
2026-08-08,02-1_FC,O_172_산곡점,십정동영어과외,2,0,0.0,0
2026-08-08,02-1_FC,O_174_하계점,하계동학원,2,0,0.0,0
2026-08-08,02-1_FC,O_174_하계점,중계동학원,3,0,0.0,0
2026-08-08,02-1_FC,O_174_하계점,월계동학원,3,0,0.0,0
2026-08-08,02-1_FC,O_174_하계점,월계동국영수학원,2,0,0.0,0
2026-08-08,02-1_FC,O_174_하계점,중계동입시상담,1,0,0.0,0
2026-08-08,02-1_FC,O_173_등촌점,염창동학원,2,0,0.0,0
2026-08-08,02-1_FC,O_176_문화점,오류동학원,1,0,0.0,0
2026-08-08,02-1_FC,O_176_문화점,문화동영어학원,1,0,0.0,0
2026-08-08,02-1_FC,O_176_문화점,오류동영어학원,1,0,0.0,0
2026-08-08,02-1_FC,O_176_문화점,오류동국어학원,1,0,0.0,0
2026-08-08,02-1_FC,O_176_문화점,유천동수학학원,1,0,0.0,0
2026-08-08,02-1_FC,O_176_문화점,태평동수학학원,1,0,0.0,0
2026-08-08,02-1_FC,O_191_구의점,중곡동학원,1,0,0.0,0
2026-08-08,02-1_FC,O_191_구의점,자양동학원,2,0,0.0,0
2026-08-08,02-1_FC,O_191_구의점,자양동영어학원,4,0,0.0,0
2026-08-08,02-1_FC,O_184_비전점,비전동학원,1,0,0.0,0
2026-08-08,02-1_FC,O_184_비전점,동삭동학원,1,0,0.0,0
2026-08-08,02-1_FC,O_184_비전점,비전동수학학원,14,0,0.0,0
2026-08-08,02-1_FC,O_183_신정점,고척동영어학원,1,0,0.0,0
2026-08-08,02-1_FC,O_183_신정점,고척동국어학원,1,0,0.0,0
2026-08-08,02-1_FC,O_179_신갈점,신갈동영어학원,1,0,0.0,0
2026-08-08,02-1_FC,O_177_운양점,운양동수학학원,4,0,0.0,0
2026-08-08,02-1_FC,O_177_운양점,운양동영어학원,5,0,0.0,0
2026-08-08,09_진로진학,진로진학_PC,지문적성검사,1,0,0.0,0
2026-08-08,09_진로진학,진로진학_PC,직업상담,1,0,0.0,0
2026-08-08,09_진로진학,진로진학_PC,직업적성검사,9,0,0.0,0
2026-08-08,09_진로진학,진로진학_PC,진로,12,0,0.0,0
2026-08-08,09_진로진학,진로진학_PC,진로검사,2,0,0.0,0
2026-08-08,09_진로진학,진로진학_PC,진로교육,2,0,0.0,0
2026-08-08,09_진로진학,진로진학_PC,진로적성검사,4,0,0.0,0
2026-08-08,09_진로진학,진로진학_PC,진로찾기,1,0,0.0,0
2026-08-08,09_진로진학,진로진학_PC,진로탐색,1,0,0.0,0
2026-08-08,09_진로진학,진로진학_PC,청소년상담,5,0,0.0,0
2026-08-08,09_진로진학,진로진학_PC,청소년진로교육,1,0,0.0,0
2026-08-08,09_진로진학,진로진학_MO,직업적성검사,5,0,0.0,0
2026-08-08,09_진로진학,진로진학_MO,진로,5,0,0.0,0
2026-08-08,09_진로진학,진로진학_MO,진로상담,7,0,0.0,0
2026-08-08,09_진로진학,진로진학_MO,진로적성검사,8,0,0.0,0
2026-08-08,09_진로진학,진로진학_MO,지문적성검사,1,0,0.0,0
2026-08-08,03_에듀코치_PC,01_시험,수능공부,2,0,0.0,0
2026-08-08,03_에듀코치_PC,01_시험,중간고사대비,3,0,0.0,0
2026-08-08,03_에듀코치_PC,01_시험,모의고사,49,0,0.0,0
2026-08-08,03_에듀코치_PC,01_시험,중간고사,3,0,0.0,0
2026-08-08,03_에듀코치_PC,01_시험,새학기준비,1,0,0.0,0
2026-08-08,03_에듀코치_PC,02_시험조합_1/2,고등국어공부,3,0,0.0,0
2026-08-08,03_에듀코치_PC,02_시험조합_1/2,중1수학공부,1,0,0.0,0
2026-08-08,03_에듀코치_PC,02_시험조합_1/2,중3수학공부,2,0,0.0,0
2026-08-08,03_에듀코치_PC,02_시험조합_1/2,중학생수학공부,1,0,0.0,0
2026-08-08,03_에듀코치_PC,02_시험조합_1/2,영어공부,10,0,0.0,0
2026-08-08,03_에듀코치_PC,02_시험조합_1/2,중1영어공부,1,0,0.0,0
2026-08-08,03_에듀코치_PC,02_시험조합_1/2,사회공부,1,0,0.0,0
2026-08-08,03_에듀코치_PC,02_시험조합_1/2,고등영어공부법,1,0,0.0,0
2026-08-08,03_에듀코치_PC,02_시험조합_1/2,중1공부법,1,0,0.0,0
2026-08-08,03_에듀코치_PC,02_시험조합_1/2,중학생공부법,1,0,0.0,0
2026-08-08,03_에듀코치_PC,02_시험조합_1/2,영어학습,10,0,0.0,0
2026-08-08,03_에듀코치_PC,02_시험조합_1/2,학습,13,0,0.0,0
2026-08-08,03_에듀코치_PC,02_시험조합_1/2,중1국어,1,0,0.0,0
2026-08-08,03_에듀코치_PC,02_시험조합_1/2,중등국어,10,0,0.0,0
2026-08-08,03_에듀코치_PC,02_시험조합_1/2,고등국어,1,0,0.0,0
2026-08-08,03_에듀코치_PC,02_시험조합_1/2,예비고1국어,1,0,0.0,0
2026-08-08,03_에듀코치_PC,02_시험조합_1/2,중1수학,1,0,0.0,0
2026-08-08,03_에듀코치_PC,02_시험조합_1/2,중3수학,1,0,0.0,0
2026-08-08,03_에듀코치_PC,02_시험조합_1/2,영어,2,0,0.0,0
2026-08-08,03_에듀코치_PC,02_시험조합_1/2,중1영어,3,0,0.0,0
2026-08-08,03_에듀코치_PC,02_시험조합_1/2,중학생영어,5,0,0.0,0
2026-08-08,03_에듀코치_PC,02_시험조합_1/2,국어기출,1,0,0.0,0
2026-08-08,03_에듀코치_PC,02_시험조합_1/2,과학학습법,1,0,0.0,0
2026-08-08,03_에듀코치_PC,02_시험조합_1/2,국어시험,2,0,0.0,0
2026-08-08,03_에듀코치_PC,02_시험조합_1/2,수학시험,2,0,0.0,0
2026-08-08,03_에듀코치_PC,02_시험조합_1/2,중1영어시험,1,0,0.0,0
2026-08-08,03_에듀코치_PC,02_시험조합_2/2,중등사회,1,0,0.0,0
2026-08-08,03_에듀코치_PC,02_시험조합_2/2,고3사회,1,0,0.0,0
2026-08-08,03_에듀코치_PC,02_시험조합_2/2,중등,2,0,0.0,0
2026-08-08,03_에듀코치_PC,02_시험조합_2/2,고등영어내신,3,0,0.0,0
2026-08-08,03_에듀코치_PC,02_시험조합_2/2,고2내신,2,0,0.0,0
2026-08-08,03_에듀코치_PC,02_시험조합_2/2,시험,4,0,0.0,0
2026-08-08,03_에듀코치_PC,03_학원_1/2,고1국어,3,0,0.0,0
2026-08-08,03_에듀코치_PC,03_학원_1/2,사회,14,0,0.0,0
2026-08-08,03_에듀코치_PC,03_학원_1/2,중3사회,1,0,0.0,0
2026-08-08,03_에듀코치_PC,03_학원_1/2,수학,13,0,0.0,0
2026-08-08,03_에듀코치_PC,03_학원_1/2,중2수학,1,0,0.0,0
2026-08-08,03_에듀코치_PC,03_학원_1/2,고1수학,5,0,0.0,0
2026-08-08,03_에듀코치_PC,03_학원_1/2,중등영어,5,0,0.0,0
2026-08-08,03_에듀코치_PC,03_학원_1/2,고1영어,4,0,0.0,0
2026-08-08,03_에듀코치_PC,03_학원_1/2,중학생과학,1,0,0.0,0
2026-08-08,03_에듀코치_PC,03_학원_1/2,중등,5,0,0.0,0
2026-08-08,03_에듀코치_PC,03_학원_1/2,수학학원,4,0,0.0,0
2026-08-08,03_에듀코치_PC,03_학원_1/2,중학생수학학원,1,0,0.0,0
2026-08-08,03_에듀코치_PC,03_학원_1/2,수학학원추천,1,0,0.0,0
2026-08-08,03_에듀코치_PC,03_학원_2/2,고등수학전문학원,1,0,0.0,0
2026-08-08,03_에듀코치_PC,03_학원_2/2,고3수학,1,0,0.0,0
2026-08-08,03_에듀코치_MO,01_시험,수능공부,3,0,0.0,0
2026-08-08,03_에듀코치_MO,01_시험,기말고사공부,4,0,0.0,0
2026-08-08,03_에듀코치_MO,01_시험,기말공부,1,0,0.0,0
2026-08-08,03_에듀코치_MO,01_시험,기말고사대비,3,0,0.0,0
2026-08-08,03_에듀코치_MO,01_시험,기말대비,1,0,0.0,0
2026-08-08,03_에듀코치_MO,01_시험,기말고사공부법,1,0,0.0,0
2026-08-08,03_에듀코치_MO,01_시험,모의고사,3,0,0.0,0
2026-08-08,03_에듀코치_MO,01_시험,중간고사,4,0,0.0,0
2026-08-08,03_에듀코치_MO,01_시험,기말고사,6,0,0.0,0
2026-08-08,03_에듀코치_MO,01_시험,수학능력시험,6,0,0.0,0
2026-08-08,03_에듀코치_MO,01_시험,서술형,9,0,0.0,0
2026-08-08,03_에듀코치_MO,01_시험,기말,1,0,0.0,0
2026-08-08,03_에듀코치_MO,02_시험조합_1/2,수학시험대비,28,0,0.0,0
2026-08-08,03_에듀코치_MO,02_시험조합_1/2,예비중1국어공부,2,0,0.0,0
2026-08-08,03_에듀코치_MO,02_시험조합_1/2,고1국어공부,1,0,0.0,0
2026-08-08,03_에듀코치_MO,02_시험조합_1/2,고등국어공부,4,0,0.0,0
2026-08-08,03_에듀코치_MO,02_시험조합_1/2,예비중1수학공부,3,0,0.0,0
2026-08-08,03_에듀코치_MO,02_시험조합_1/2,영어공부,50,0,0.0,0
2026-08-08,03_에듀코치_MO,02_시험조합_1/2,중학생영어공부,7,0,0.0,0
2026-08-08,03_에듀코치_MO,02_시험조합_1/2,고등영어공부,60,0,0.0,0
2026-08-08,03_에듀코치_MO,02_시험조합_1/2,예비고3영어공부,1,0,0.0,0
2026-08-08,03_에듀코치_MO,02_시험조합_1/2,사회공부,8,0,0.0,0
2026-08-08,03_에듀코치_MO,02_시험조합_1/2,중1공부,3,0,0.0,0
2026-08-08,03_에듀코치_MO,02_시험조합_1/2,중2공부,3,0,0.0,0
2026-08-08,03_에듀코치_MO,02_시험조합_1/2,예비중1공부,9,0,0.0,0
2026-08-08,03_에듀코치_MO,02_시험조합_1/2,중학생공부,25,0,0.0,0
2026-08-08,03_에듀코치_MO,02_시험조합_1/2,예비고1국어공부법,4,0,0.0,0
2026-08-08,03_에듀코치_MO,02_시험조합_1/2,고등학생국어공부법,15,0,0.0,0
2026-08-08,03_에듀코치_MO,02_시험조합_1/2,중3영어공부법,1,0,0.0,0
2026-08-08,03_에듀코치_MO,02_시험조합_1/2,고등영어공부법,30,0,0.0,0
2026-08-08,03_에듀코치_MO,02_시험조합_1/2,고등학생영어공부법,3,0,0.0,0
2026-08-08,03_에듀코치_MO,02_시험조합_1/2,중등공부법,3,0,0.0,0
2026-08-08,03_에듀코치_MO,02_시험조합_1/2,예비중1공부법,9,0,0.0,0
2026-08-08,03_에듀코치_MO,02_시험조합_1/2,고등국어학습,11,0,0.0,0
2026-08-08,03_에듀코치_MO,02_시험조합_1/2,예비고1국어학습,1,0,0.0,0
2026-08-08,03_에듀코치_MO,02_시험조합_1/2,사회학습,4,0,0.0,0
2026-08-08,03_에듀코치_MO,02_시험조합_1/2,중등학습,1,0,0.0,0
2026-08-08,03_에듀코치_MO,02_시험조합_1/2,고등시험대비,2,0,0.0,0
2026-08-08,03_에듀코치_MO,02_시험조합_1/2,국어,42,0,0.0,0
2026-08-08,03_에듀코치_MO,02_시험조합_1/2,고1국어,1,0,0.0,0
2026-08-08,03_에듀코치_MO,02_시험조합_1/2,고2국어,71,0,0.0,0
2026-08-08,03_에듀코치_MO,02_시험조합_1/2,수학,142,0,0.0,0
2026-08-08,03_에듀코치_MO,02_시험조합_1/2,고1수학,15,0,0.0,0
2026-08-08,03_에듀코치_MO,02_시험조합_1/2,영어,25,0,0.0,0
2026-08-08,03_에듀코치_MO,02_시험조합_1/2,고1영어,7,0,0.0,0
2026-08-08,03_에듀코치_MO,02_시험조합_1/2,예비고3공부,3,0,0.0,0
2026-08-08,03_에듀코치_MO,02_시험조합_1/2,고등수학공부,23,0,0.0,0
2026-08-08,03_에듀코치_MO,02_시험조합_1/2,예비고3수학공부,11,0,0.0,0
2026-08-08,03_에듀코치_MO,02_시험조합_1/2,고3국어내신,20,0,0.0,0
2026-08-08,03_에듀코치_MO,02_시험조합_1/2,고등국어내신,18,0,0.0,0
2026-08-08,03_에듀코치_MO,02_시험조합_1/2,고1수학내신,15,0,0.0,0
2026-08-08,03_에듀코치_MO,02_시험조합_1/2,고1영어내신,11,0,0.0,0
2026-08-08,03_에듀코치_MO,02_시험조합_1/2,고2영어내신,2,0,0.0,0
2026-08-08,03_에듀코치_MO,02_시험조합_1/2,고3영어내신,12,0,0.0,0
2026-08-08,03_에듀코치_MO,02_시험조합_1/2,고등수학공부법,8,0,0.0,0
2026-08-08,03_에듀코치_MO,02_시험조합_1/2,예비고3수학공부법,1,0,0.0,0
2026-08-08,03_에듀코치_MO,02_시험조합_1/2,국어내신대비,3,0,0.0,0
2026-08-08,03_에듀코치_MO,02_시험조합_1/2,고1국어내신대비,2,0,0.0,0
2026-08-08,03_에듀코치_MO,02_시험조합_1/2,고2국어내신대비,2,0,0.0,0
2026-08-08,03_에듀코치_MO,02_시험조합_1/2,고등국어내신대비,42,0,0.0,0
2026-08-08,03_에듀코치_MO,02_시험조합_1/2,영어내신대비,8,0,0.0,0
2026-08-08,03_에듀코치_MO,02_시험조합_1/2,고3영어내신대비,6,0,0.0,0
2026-08-08,03_에듀코치_MO,02_시험조합_1/2,과학학습,1,0,0.0,0
2026-08-08,03_에듀코치_MO,02_시험조합_1/2,국어기출,12,0,0.0,0
2026-08-08,03_에듀코치_MO,02_시험조합_1/2,고2국어기출,1,0,0.0,0
2026-08-08,03_에듀코치_MO,02_시험조합_1/2,고3국어기출,1,0,0.0,0
2026-08-08,03_에듀코치_MO,02_시험조합_1/2,고등국어기출,3,0,0.0,0
2026-08-08,03_에듀코치_MO,02_시험조합_1/2,수학기출,29,0,0.0,0
2026-08-08,03_에듀코치_MO,02_시험조합_1/2,영어기출,27,0,0.0,0
2026-08-08,03_에듀코치_MO,02_시험조합_1/2,국어시험,12,0,0.0,0
2026-08-08,03_에듀코치_MO,02_시험조합_1/2,고1수학시험,2,0,0.0,0
2026-08-08,03_에듀코치_MO,02_시험조합_1/2,영어시험,2,0,0.0,0
2026-08-08,03_에듀코치_MO,03_학원_1/2,중등영어,4,0,0.0,0
2026-08-08,03_에듀코치_MO,03_학원_1/2,중학생영어,3,0,0.0,0
2026-08-08,03_에듀코치_MO,02_시험조합_2/2,고등영어내신,2,0,0.0,0
2026-08-08,03_에듀코치_MO,02_시험조합_2/2,중학생내신,1,0,0.0,0
2026-08-08,03_에듀코치_MO,02_시험조합_2/2,과학내신,1,0,0.0,0
2026-08-08,03_에듀코치_MO,02_시험조합_2/2,고등내신,138,0,0.0,0
2026-08-08,03_에듀코치_MO,02_시험조합_2/2,고등수학내신,1,0,0.0,0
2026-08-08,03_에듀코치_MO,03_학원_2/2,고2수학,1,0,0.0,0
2026-08-08,03_에듀코치_MO,03_학원_2/2,고3수학,1,0,0.0,0
2026-08-08,03_에듀코치_MO,03_학원_2/2,중학생종합학원,1,0,0.0,0
2026-08-08,03_에듀코치_MO,03_학원_2/2,수학학원후기,1,0,0.0,0
2026-08-08,06_초등_MO,01_자기주도학습,초등공부,10,0,0.0,0
2026-08-08,06_초등_MO,01_자기주도학습,초등학습,6,0,0.0,0
2026-08-08,06_초등_MO,01_자기주도학습,초등공부습관만들기,1,0,0.0,0
2026-08-08,06_초등_MO,03_인강/과외,초5과외,8,0,0.0,0
2026-08-08,06_초등_MO,03_인강/과외,초5영어과외,1,0,0.0,0
2026-08-08,06_초등_MO,03_인강/과외,초5수학인강,4,0,0.0,0
2026-08-08,06_초등_PC,03_인강/과외,초5과학과외,1,0,0.0,0
2026-08-08,06_초등_PC,03_인강/과외,초등영어과외,8,0,0.0,0
2026-08-08,06_초등_PC,01_자기주도학습,초등자기주도학습,1,0,0.0,0
2026-08-08,06_초등_PC,01_자기주도학습,초등학습,1,0,0.0,0
2026-08-08,08_중등_MO,01_자기주도학습,중학생학습,1,0,0.0,0
2026-08-08,08_중등_MO,01_자기주도학습,중등공부,3,0,0.0,0
2026-08-08,08_중등_MO,01_자기주도학습,자사고자기주도학습,1,0,0.0,0
2026-08-08,08_중등_MO,01_자기주도학습,중학교자기주도학습,7,0,0.0,0
2026-08-08,08_중등_MO,01_자기주도학습,중학교공부,5,0,0.0,0
2026-08-08,08_중등_MO,02_학원,중등학원,3,0,0.0,0
2026-08-08,08_중등_MO,02_학원,중등전문학원,36,0,0.0,0
2026-08-08,08_중등_MO,02_학원,중등수학학원,17,0,0.0,0
2026-08-08,08_중등_MO,02_학원,중등국어학원,4,0,0.0,0
2026-08-08,08_중등_MO,02_학원,중등과학학원,5,0,0.0,0
2026-08-08,08_중등_MO,02_학원,중학교학원,2,0,0.0,0
2026-08-08,08_중등_MO,02_학원,중학교학원추천,1,0,0.0,0
2026-08-08,08_중등_MO,02_학원,중학교영어학원,2,0,0.0,0
2026-08-08,08_중등_MO,02_학원,예비중1수학,1,0,0.0,0
2026-08-08,08_중등_MO,02_학원,중학생학원,2,0,0.0,0
2026-08-08,08_중등_MO,02_학원,중학생종합학원,1,0,0.0,0
2026-08-08,08_중등_MO,02_학원,중학생영어학원추천,1,1,2121.0,0
2026-08-08,08_중등_MO,02_학원,중학생수학,4,0,0.0,0
2026-08-08,08_중등_MO,02_학원,중학생수학학원,2,0,0.0,0
2026-08-08,08_중등_MO,02_학원,중2학원,1,0,0.0,0
2026-08-08,08_중등_MO,04_중학교 내신,중학교내신,1700,3,3317.0,0
2026-08-08,08_중등_MO,04_중학교 내신,중학교수행평가,1,0,0.0,0
2026-08-08,08_중등_PC,01_자기주도학습,중학생학습코칭,1,0,0.0,0
2026-08-08,08_중등_PC,01_자기주도학습,중학생공부,1,0,0.0,0
2026-08-08,08_중등_PC,01_자기주도학습,중등공부,2,0,0.0,0
2026-08-08,08_중등_PC,01_자기주도학습,중등학습,5,0,0.0,0
2026-08-08,08_중등_PC,01_자기주도학습,중학교자기주도학습,3,0,0.0,0
2026-08-08,08_중등_PC,01_자기주도학습,중학교공부,6,0,0.0,0
2026-08-08,08_중등_PC,02_학원,중등영어,1,0,0.0,0
2026-08-08,08_중등_PC,02_학원,중등수학학원,13,0,0.0,0
2026-08-08,08_중등_PC,02_학원,중등영어학원,69,0,0.0,0
2026-08-08,08_중등_PC,02_학원,중학교영어학원,4,0,0.0,0
2026-08-08,08_중등_PC,02_학원,중학생영어학원,10,0,0.0,0
2026-08-08,08_중등_PC,02_학원,중2수학,2,0,0.0,0
2026-08-08,08_중등_PC,02_학원,종합학원,6,0,0.0,0
2026-08-08,08_중등_PC,03_인강/과외,중3영어과외,10,0,0.0,0
2026-08-08,08_중등_PC,03_인강/과외,중3인강,4,0,0.0,0
2026-08-08,08_중등_PC,03_인강/과외,중3수학인강,1,0,0.0,0
2026-08-08,08_중등_PC,03_인강/과외,중등공부방,1,0,0.0,0
2026-08-08,08_중등_PC,03_인강/과외,중등수학과외,1,0,0.0,0
2026-08-08,08_중등_PC,03_인강/과외,중등과학과외,3,0,0.0,0
2026-08-08,08_중등_PC,03_인강/과외,중등인강,5,0,0.0,0
2026-08-08,08_중등_PC,03_인강/과외,중등국어인강,37,0,0.0,0
2026-08-08,08_중등_PC,03_인강/과외,중학생영어과외,38,0,0.0,0
2026-08-08,08_중등_PC,03_인강/과외,중학생국어과외,3,0,0.0,0
2026-08-08,08_중등_PC,03_인강/과외,중학생인강,2,0,0.0,0
2026-08-08,08_중등_PC,03_인강/과외,중학생수학인강,3,0,0.0,0
2026-08-08,08_중등_PC,03_인강/과외,중학교수학인강,2,0,0.0,0
2026-08-08,08_중등_PC,03_인강/과외,중학교영어인강,1,0,0.0,0
2026-08-08,08_중등_PC,03_인강/과외,중1수학인강,1,0,0.0,0
2026-08-08,08_중등_PC,03_인강/과외,중2인강,1,0,0.0,0
2026-08-08,08_중등_PC,03_인강/과외,중2수학인강,18,0,0.0,0
2026-08-08,08_중등_PC,03_인강/과외,중등온라인학습,7,0,0.0,0
2026-08-08,08_중등_PC,03_인강/과외,중등온라인수업,1,0,0.0,0
2026-08-08,08_중등_PC,03_인강/과외,중학교온라인수업,1,0,0.0,0
2026-08-08,08_중등_PC,04_중학교 내신,중학교내신,177,0,0.0,0
2026-08-08,16_특정 키워드,02_참고서키워드,개념원리수학,2,0,0.0,0
2026-08-08,16_특정 키워드,02_참고서키워드,참고서,4,0,0.0,0
2026-08-08,16_특정 키워드,02_참고서키워드,수학문제집추천,2,0,0.0,0
2026-08-08,16_특정 키워드,02_참고서키워드,한국사문제집,1,0,0.0,0
2026-08-08,16_특정 키워드,02_참고서키워드,중학생문제집추천,1,0,0.0,0
2026-08-08,16_특정 키워드,02_참고서키워드,개념원리수학상,1,0,0.0,0
2026-08-08,16_특정 키워드,02_참고서키워드,개념원리수2,2,0,0.0,0
2026-08-08,16_특정 키워드,02_참고서키워드,미래엔교과서구입,15,0,0.0,0
2026-08-08,16_특정 키워드,02_참고서키워드,개념원리미적분,5,0,0.0,0
2026-08-08,16_특정 키워드,02_참고서키워드,EBS초등수학,1,0,0.0,0
2026-08-08,16_특정 키워드,02_참고서키워드,수학의정석,23,0,0.0,0
2026-08-08,16_특정 키워드,02_참고서키워드,완자화학1,2,0,0.0,0
2026-08-08,16_특정 키워드,02_참고서키워드,미래엔수학,5,0,0.0,0
2026-08-08,16_특정 키워드,04_유리스마,웩슬러검사,13,0,0.0,0
2026-08-08,16_특정 키워드,04_유리스마,지능검사,19,0,0.0,0
2026-08-08,16_특정 키워드,04_유리스마,유리스마,5,0,0.0,0
2026-08-08,16_특정 키워드,미미미누 콜라보,미3누,3,0,0.0,0
2026-08-08,16_특정 키워드,미미미누 콜라보,VLT,19,0,0.0,0
2026-08-08,16_특정 키워드,미미미누 콜라보,에듀플렉스후기,16,0,0.0,0
2026-08-08,11_예비고1_MO,예비고1+관리/준비,예비고1공부,52,0,0.0,0
2026-08-08,11_예비고1_MO,예비고1+관리/준비,고등진학상담,2,0,0.0,0
2026-08-08,11_예비고1_MO,예비고1+학원/과외,예비고1학원,47,1,840.0,0
2026-08-08,11_예비고1_MO,예비고1+학원/과외,예비고1영어과외,89,0,0.0,0
2026-08-08,11_예비고1_MO,예비고1+학원/과외,예비고1영어학원,16,0,0.0,0
2026-08-08,11_예비고1_MO,예비고1+학원/과외,예비고1국어학원,8,0,0.0,0
2026-08-08,11_예비고1_MO,예비고1+학원/과외,예비고1인강,2,0,0.0,0
2026-08-08,11_예비고1_PC,예비고1+관리/준비,예비고1준비,79,0,0.0,0
2026-08-08,11_예비고1_PC,예비고1+자기주도학습,예비고1공부코디네이터,2,0,0.0,0
2026-08-08,11_예비고1_PC,예비고1+학원/과외,예비고1과외,2,0,0.0,0
2026-08-08,11_예비고1_PC,예비고1+학원/과외,예비고1수학과외,4,0,0.0,0
2026-08-08,11_예비고1_PC,예비고1+학원/과외,예비고1국어학원,2,0,0.0,0
2026-08-08,12_예비중1_MO,1. 예비중1+관리/준비,예비중1학습관리,1,0,0.0,0
2026-08-08,12_예비중1_MO,3. 예비중1+학원/과외,예비중1수학학원,8,0,0.0,0
2026-08-08,12_예비중1_MO,3. 예비중1+학원/과외,예비중1영어과외,5,0,0.0,0
2026-08-08,12_예비중1_MO,3. 예비중1+학원/과외,예비중1종합학원,10,0,0.0,0
2026-08-08,12_예비중1_MO,3. 예비중1+학원/과외,예비중1학원,51,0,0.0,0
2026-08-08,12_예비중1_PC,예비중1+관리/준비,예비중1학습,1,0,0.0,0
2026-08-08,12_예비중1_PC,예비중1+학원/과외,예비중1수학과외,1,0,0.0,0
2026-08-08,12_예비중1_PC,예비중1+학원/과외,예비중1영어과외,11,0,0.0,0
2026-08-08,10_고등_MO,01_자기주도학습,고3공부,1,0,0.0,0
2026-08-08,10_고등_MO,01_자기주도학습,고3공부계획,1,0,0.0,0
2026-08-08,10_고등_MO,02_학원,고등국어학원,4,0,0.0,0
2026-08-08,10_고등_MO,02_학원,고등수학,19,0,0.0,0
2026-08-08,10_고등_MO,02_학원,고등영어,17,0,0.0,0
2026-08-08,10_고등_MO,02_학원,고등영어학원,14,0,0.0,0
2026-08-08,10_고등_MO,02_학원,고등영어학원추천,1,0,0.0,0
2026-08-08,10_고등_MO,02_학원,고등학교영어,1,0,0.0,0
2026-08-08,10_고등_MO,02_학원,고등학생영어,1,0,0.0,0
2026-08-08,10_고등_MO,02_학원,고등학생영어학원,2,0,0.0,0
2026-08-08,10_고등_MO,02_학원,고1영어,3,0,0.0,0
2026-08-08,10_고등_MO,03_인강과외,고등국어,5,0,0.0,0
2026-08-08,10_고등_MO,03_인강과외,고등수학학원,35,0,0.0,0
2026-08-08,10_고등_MO,03_인강과외,고등과외,2,0,0.0,0
2026-08-08,10_고등_MO,03_인강과외,고등과학과외,1,0,0.0,0
2026-08-08,10_고등_MO,03_인강과외,고등수학과외,1,0,0.0,0
2026-08-08,10_고등_MO,03_인강과외,고등수학인강,2,0,0.0,0
2026-08-08,10_고등_MO,03_인강과외,고등영어과외,1,0,0.0,0
2026-08-08,10_고등_MO,03_인강과외,고등인강,5,0,0.0,0
2026-08-08,10_고등_MO,03_인강과외,고등학생학원,1,0,0.0,0
2026-08-08,10_고등_MO,03_인강과외,고등학생영어과외,2,0,0.0,0
2026-08-08,10_고등_MO,03_인강과외,고등학교내신,1,0,0.0,0
2026-08-08,10_고등_MO,03_인강과외,고1수학과외,1,0,0.0,0
2026-08-08,10_고등_MO,03_인강과외,고2수학,8,0,0.0,0
2026-08-08,10_고등_MO,03_인강과외,고2국어,1,0,0.0,0
2026-08-08,10_고등_MO,03_인강과외,고2영어과외,1,0,0.0,0
2026-08-08,10_고등_MO,03_인강과외,고3국어과외,3,0,0.0,0
2026-08-08,10_고등_MO,03_인강과외,고등인강추천,5,0,0.0,0
2026-08-08,10_고등_MO,04_입시,고교입시설명회,1,0,0.0,0
2026-08-08,10_고등_MO,04_입시,고교입학설명회,2,0,0.0,0
2026-08-08,10_고등_MO,04_입시,수능,1159,2,4451.0,0
2026-08-08,10_고등_MO,04_입시,수학능력시험,1,0,0.0,0
2026-08-08,10_고등_MO,04_입시,평가원모의고사,2,0,0.0,0
2026-08-08,10_고등_MO,05_고등 내신,고등내신,2,0,0.0,0
2026-08-08,10_고등_PC,01_자기주도학습,고등공부,10,0,0.0,0
2026-08-08,10_고등_PC,02_학원,고등수학,14,0,0.0,0
2026-08-08,10_고등_PC,02_학원,고등수학학원,1,0,0.0,0
2026-08-08,10_고등_PC,02_학원,고등영어학원,166,0,0.0,0
2026-08-08,10_고등_PC,02_학원,고등학생수학학원,1,0,0.0,0
2026-08-08,10_고등_PC,02_학원,고2수학학원,10,0,0.0,0
2026-08-08,10_고등_PC,02_학원,고3영어학원,1,0,0.0,0
2026-08-08,10_고등_PC,02_학원,종합학원,3,0,0.0,0
2026-08-08,10_고등_PC,03_인강과외,고등국어인강,2,0,0.0,0
2026-08-08,10_고등_PC,03_인강과외,고등수학인강,3,0,0.0,0
2026-08-08,10_고등_PC,03_인강과외,고등학생영어과외,10,0,0.0,0
2026-08-08,10_고등_PC,03_인강과외,고등학교영어,1,0,0.0,0
2026-08-08,10_고등_PC,03_인강과외,고등학교기출,1,0,0.0,0
2026-08-08,10_고등_PC,03_인강과외,고등학교인강,26,0,0.0,0
2026-08-08,10_고등_PC,03_인강과외,고1영어,1,0,0.0,0
2026-08-08,10_고등_PC,03_인강과외,고1영어과외,10,0,0.0,0
2026-08-08,10_고등_PC,03_인강과외,고2중간,1,0,0.0,0
2026-08-08,10_고등_PC,03_인강과외,고3국어,2,0,0.0,0
2026-08-08,10_고등_PC,04_입시,대입입시컨설팅,3,0,0.0,0
2026-08-08,10_고등_PC,04_입시,대입학원,3,0,0.0,0
2026-08-08,10_고등_PC,04_입시,대입면접,4,0,0.0,0
2026-08-08,10_고등_PC,04_입시,대학교입시,5,0,0.0,0
2026-08-08,10_고등_PC,04_입시,대학교입시컨설팅,1,0,0.0,0
2026-08-08,10_고등_PC,04_입시,대학교면접,6,0,0.0,0
2026-08-08,10_고등_PC,04_입시,입시학원,3,0,0.0,0
2026-08-08,10_고등_PC,04_입시,입시컨설팅학원,3,0,0.0,0
2026-08-08,10_고등_PC,04_입시,면접학원,7,0,0.0,0
2026-08-08,10_고등_PC,04_입시,자기소개서학원,2,0,0.0,0
2026-08-08,10_고등_PC,04_입시,대입상담,4,0,0.0,0
2026-08-08,10_고등_PC,04_입시,고등입학설명회,1,0,0.0,0
2026-08-08,10_고등_PC,04_입시,내신등급계산,1,0,0.0,0
2026-08-08,10_고등_PC,04_입시,수학능력시험,73,0,0.0,0
2026-08-08,10_고등_PC,04_입시,모의고사,1,0,0.0,0
2026-08-08,10_고등_PC,04_입시,수능공부,2,0,0.0,0
2026-08-08,10_고등_PC,05_고등 내신,고등학교내신,100,0,0.0,0
2026-08-08,B_브랜드검색,04_MO_브랜드검색,에듀플렉스,381,42,0.0,0
2026-08-08,B_브랜드검색,04_MO_브랜드검색,애듀플렉스,9,0,0.0,0
2026-08-08,B_브랜드검색,04_MO_브랜드검색,에듀플랙스,14,3,0.0,0
2026-08-08,B_브랜드검색,04_MO_브랜드검색,에듀플렉스검사,1,0,0.0,0
2026-08-08,B_브랜드검색,04_MO_브랜드검색,에듀플렉스윈터스쿨,1,1,0.0,0
2026-08-08,B_브랜드검색,04_PC_브랜드검색,에듀플랙스,1,0,0.0,0
2026-08-08,B_브랜드검색,04_PC_브랜드검색,에듀플렉스,24,3,0.0,0
2026-08-08,B_브랜드검색,04_PC_브랜드검색,에듀플렉스후기,1,0,0.0,0
2026-08-09,02-1_FC,O_003_계산,계양구국어학원,29,0,0.0,0
2026-08-09,02-1_FC,O_003_계산,계양구수학학원,3,0,0.0,0
2026-08-09,02-1_FC,O_006_공덕2,대흥역수학학원,1,0,0.0,0
2026-08-09,02-1_FC,O_006_공덕2,마포구국어학원,1,0,0.0,0
2026-08-09,02-1_FC,O_008_광교,광교국어,2,0,0.0,0
2026-08-09,02-1_FC,O_010_교동,강릉과외,1,0,0.0,0
2026-08-09,02-1_FC,O_010_교동,강릉수학과외,1,0,0.0,0
2026-08-09,02-1_FC,O_011_구서,구서동영어학원,53,0,0.0,0
2026-08-09,02-1_FC,O_012_구월,구월동수학학원,7,0,0.0,0
2026-08-09,02-1_FC,O_012_구월,구월동과외,1,0,0.0,0
2026-08-09,02-1_FC,O_014_금오,의정부학원,3,0,0.0,0
2026-08-09,02-1_FC,O_014_금오,의정부독서실,5,0,0.0,0
2026-08-09,02-1_FC,O_014_금오,의정부고등영어학원,1,0,0.0,0
2026-08-09,02-1_FC,O_017_내외,김해수학학원,2,0,0.0,0
2026-08-09,02-1_FC,O_017_내외,김해수학과외,1,0,0.0,0
2026-08-09,02-1_FC,O_017_내외,김해영어과외,1,0,0.0,0
2026-08-09,02-1_FC,O_020_다대포,사하구고등영어학원,1,0,0.0,0
2026-08-09,02-1_FC,O_020_다대포,사하구중등영어학원,2,0,0.0,0
2026-08-09,02-1_FC,O_022_당산,영등포수학과외,1,0,0.0,0
2026-08-09,02-1_FC,O_022_당산,영등포영어과외,2,0,0.0,0
2026-08-09,02-1_FC,O_023_대방_1/3,신길동과외,1,0,0.0,0
2026-08-09,02-1_FC,O_023_대방_1/3,신길수학,1,0,0.0,0
2026-08-09,02-1_FC,O_023_대방_1/3,대방동국어학원,3,0,0.0,0
2026-08-09,02-1_FC,O_023_대방_1/3,대방동수학학원,3,0,0.0,0
2026-08-09,02-1_FC,O_023_대방_1/3,상남동수학학원,6,0,0.0,0
2026-08-09,02-1_FC,O_029_동춘,동춘동국어학원,60,0,0.0,0
2026-08-09,02-1_FC,O_029_동춘,동춘동영어학원,92,0,0.0,0
2026-08-09,02-1_FC,O_029_동춘,동춘동수학학원,26,0,0.0,0
2026-08-09,02-1_FC,O_034_만수,서창영어학원,11,0,0.0,0
2026-08-09,02-1_FC,"O_037_명일, 고덕 ",명일동수학학원,7,0,0.0,0
2026-08-09,02-1_FC,"O_037_명일, 고덕 ",명일동영어학원,2,0,0.0,0
2026-08-09,02-1_FC,"O_037_명일, 고덕 ",강동구수학과외,2,0,0.0,0
2026-08-09,02-1_FC,O_038_명지,부산명지수학학원,1,0,0.0,0
2026-08-09,02-1_FC,O_038_명지,명지동수학학원,1,0,0.0,0
2026-08-09,02-1_FC,O_050_범어,만촌동수학학원,2,0,0.0,0
2026-08-09,02-1_FC,O_050_범어,만촌3동수학학원,1,0,0.0,0
2026-08-09,02-1_FC,O_050_범어,수성구과외,1,0,0.0,0
2026-08-09,02-1_FC,O_050_범어,수성구국어과외,1,0,0.0,0
2026-08-09,02-1_FC,O_050_범어,만촌학원,2,0,0.0,0
2026-08-09,02-1_FC,O_052_봉곡,구미영어학원,1,0,0.0,0
2026-08-09,02-1_FC,O_052_봉곡,구미과외,2,0,0.0,0
2026-08-09,02-1_FC,O_052_봉곡,구미수학과외,1,0,0.0,0
2026-08-09,02-1_FC,O_052_봉곡,구미영어과외,32,0,0.0,0
2026-08-09,02-1_FC,O_052_봉곡,구미과학과외,1,0,0.0,0
2026-08-09,02-1_FC,O_053_봉선,봉선동국어학원,1,0,0.0,0
2026-08-09,02-1_FC,O_053_봉선,봉선동영어학원,14,0,0.0,0
2026-08-09,02-1_FC,O_053_봉선,봉선동수학학원,40,0,0.0,0
2026-08-09,02-1_FC,O_053_봉선,봉선동고등수학학원,2,0,0.0,0
2026-08-09,02-1_FC,O_056_부평,부평학원,1,0,0.0,0
2026-08-09,02-1_FC,O_056_부평,부평영어학원,1,0,0.0,0
2026-08-09,02-1_FC,O_056_부평,부평영어과외,3,0,0.0,0
2026-08-09,02-1_FC,O_066_사하1,괴정동영어학원,2,0,0.0,0
2026-08-09,02-1_FC,O_070_상동,부천상동국어학원,1,0,0.0,0
2026-08-09,02-1_FC,O_070_상동,부천상동영어학원,11,0,0.0,0
2026-08-09,02-1_FC,O_070_상동,부천상동수학학원,1,0,0.0,0
2026-08-09,02-1_FC,O_070_상동,부천상동수학학원추천,1,0,0.0,0
2026-08-09,02-1_FC,O_070_상동,상동영어학원,34,0,0.0,0
2026-08-09,02-1_FC,O_070_상동,상동수학학원,11,0,0.0,0
2026-08-09,02-1_FC,O_070_상동,상동수학,5,0,0.0,0
2026-08-09,02-1_FC,O_070_상동,부천중등과학학원,1,0,0.0,0
2026-08-09,02-1_FC,O_070_상동,부천영어과외,22,0,0.0,0
2026-08-09,02-1_FC,O_070_상동,부천윈터스쿨,1,0,0.0,0
2026-08-09,02-1_FC,O_076_서초2,서초동수학학원,1,0,0.0,0
2026-08-09,02-1_FC,O_076_서초2,서초수학과외,1,0,0.0,0
2026-08-09,02-1_FC,O_076_서초2,서초영어과외,1,0,0.0,0
2026-08-09,02-1_FC,O_076_서초2,서초구방학특강,1,0,0.0,0
2026-08-09,02-1_FC,O_076_서초2,서초방학특강,1,0,0.0,0
2026-08-09,02-1_FC,O_078_센텀,센텀국어학원,1,0,0.0,0
2026-08-09,02-1_FC,O_078_센텀,센텀영어학원,3,0,0.0,0
2026-08-09,02-1_FC,O_078_센텀,센텀수학학원,16,0,0.0,0
2026-08-09,02-1_FC,O_079_송도,송도영어학원,1,0,0.0,0
2026-08-09,02-1_FC,O_079_송도,송도수학학원,7,0,0.0,0
2026-08-09,02-1_FC,O_079_송도,송도고등영어학원,1,0,0.0,0
2026-08-09,02-1_FC,O_079_송도,송도영어,30,0,0.0,0
2026-08-09,02-1_FC,O_079_송도,송도수학,2,0,0.0,0
2026-08-09,02-1_FC,O_079_송도,송도수학과외,1,0,0.0,0
2026-08-09,02-1_FC,O_079_송도,송도영어과외,5,0,0.0,0
2026-08-09,02-1_FC,O_079_송도,송도윈터스쿨,5,0,0.0,0
2026-08-09,02-1_FC,O_083_수지,수지학원,1,0,0.0,0
2026-08-09,02-1_FC,O_083_수지,수지수학학원,14,0,0.0,0
2026-08-09,02-1_FC,O_083_수지,수지프리미엄독서실,1,0,0.0,0
2026-08-09,02-1_FC,O_083_수지,수지과외,1,0,0.0,0
2026-08-09,02-1_FC,O_083_수지,풍덕천동초등수학학원,1,0,0.0,0
2026-08-09,02-1_FC,O_083_수지,풍덕천동과외,1,0,0.0,0
2026-08-09,02-1_FC,O_083_수지,수지고등과학학원,1,0,0.0,0
2026-08-09,02-1_FC,O_083_수지,수지영어과외,1,0,0.0,0
2026-08-09,02-1_FC,O_083_수지,수지구청역학원,1,0,0.0,0
2026-08-09,02-1_FC,O_083_수지,수지구청영어학원추천,1,0,0.0,0
2026-08-09,02-1_FC,O_084_수택,구리중등영어학원,7,0,0.0,0
2026-08-09,02-1_FC,O_084_수택,구리수학과외,3,0,0.0,0
2026-08-09,02-1_FC,O_084_수택,구리영어과외,32,0,0.0,0
2026-08-09,02-1_FC,O_084_수택,구리시수학과외,2,0,0.0,0
2026-08-09,02-1_FC,O_091_양산,양산수학학원,3,0,0.0,0
2026-08-09,02-1_FC,O_091_양산,양산영어학원,33,0,0.0,0
2026-08-09,02-1_FC,O_091_양산,양산초등수학학원,1,0,0.0,0
2026-08-09,02-1_FC,O_102_월성,월성동영어학원,6,0,0.0,0
2026-08-09,02-1_FC,O_102_월성,월성동수학학원,11,0,0.0,0
2026-08-09,02-1_FC,O_102_월성,월성동수학과외,1,0,0.0,0
2026-08-09,02-1_FC,O_104_위례,위례국어학원,5,0,0.0,0
2026-08-09,02-1_FC,O_104_위례,위례영어학원,1,0,0.0,0
2026-08-09,02-1_FC,O_105_율하,율하영어학원,4,0,0.0,0
2026-08-09,02-1_FC,O_107_인천삼산,삼산동수학학원,7,0,0.0,0
2026-08-09,02-1_FC,O_110_장기,김포영어학원,3,0,0.0,0
2026-08-09,02-1_FC,O_110_장기,김포수학학원,4,0,0.0,0
2026-08-09,02-1_FC,O_110_장기,김포중등영어학원,1,0,0.0,0
2026-08-09,02-1_FC,O_110_장기,김포과외,1,0,0.0,0
2026-08-09,02-1_FC,O_110_장기,장기동수학학원,2,0,0.0,0
2026-08-09,02-1_FC,O_110_장기,장기동영어학원,40,0,0.0,0
2026-08-09,02-1_FC,O_114_제주이도,제주도수학학원,2,0,0.0,0
2026-08-09,02-1_FC,O_114_제주이도,제주시과외,3,0,0.0,0
2026-08-09,02-1_FC,O_114_제주이도,제주시영어과외,1,0,0.0,0
2026-08-09,02-1_FC,O_114_제주이도,제주수학과외,1,0,0.0,0
2026-08-09,02-1_FC,O_114_제주이도,제주영어과외,2,0,0.0,0
2026-08-09,02-1_FC,O_118_중동,중동영어학원,1,0,0.0,0
2026-08-09,02-1_FC,O_120_진월,금호동학원,1,0,0.0,0
2026-08-09,02-1_FC,O_123_철산,철산동과외,1,0,0.0,0
2026-08-09,02-1_FC,O_123_철산,철산동수학학원,1,0,0.0,0
2026-08-09,02-1_FC,O_125_청라,청라독서실,2,0,0.0,0
2026-08-09,02-1_FC,O_125_청라,청라수학,13,0,0.0,0
2026-08-09,02-1_FC,O_125_청라,청라수학학원,17,0,0.0,0
2026-08-09,02-1_FC,O_125_청라,청라영어,2,0,0.0,0
2026-08-09,02-1_FC,O_125_청라,청라영어학원,2,0,0.0,0
2026-08-09,02-1_FC,O_125_청라,청라중등수학학원,1,0,0.0,0
2026-08-09,02-1_FC,O_125_청라,청라중등영어학원,1,0,0.0,0
2026-08-09,02-1_FC,O_125_청라,청라초등수학학원,1,0,0.0,0
2026-08-09,02-1_FC,O_125_청라,청라초등영어학원,1,0,0.0,0
2026-08-09,02-1_FC,O_125_청라,청라고등과학학원,6,0,0.0,0
2026-08-09,02-1_FC,O_125_청라,청라수학과외,2,0,0.0,0
2026-08-09,02-1_FC,O_127_침산,침산동국어학원,3,0,0.0,0
2026-08-09,02-1_FC,O_127_침산,침산동영어학원,6,0,0.0,0
2026-08-09,02-1_FC,O_127_침산,침산동수학학원,2,0,0.0,0
2026-08-09,02-1_FC,O_127_침산,침산동국어,1,0,0.0,0
2026-08-09,02-1_FC,O_127_침산,침산동수학,10,0,0.0,0
2026-08-09,02-1_FC,O_138_황금,지산동수학학원,1,0,0.0,0
2026-08-09,02-1_FC,O_138_황금,지산동영어학원,2,0,0.0,0
2026-08-09,02-1_FC,O_016_남천,남천동학원,1,0,0.0,0
2026-08-09,02-1_FC,O_016_남천,남천동영어학원,7,0,0.0,0
2026-08-09,02-1_FC,O_016_남천,남천동수학학원,5,0,0.0,0
2026-08-09,02-1_FC,O_016_남천,남천동초등수학학원,1,0,0.0,0
2026-08-09,02-1_FC,O_016_남천,남천동중등영어학원,1,0,0.0,0
2026-08-09,02-1_FC,O_016_남천,남천동영어과외,1,0,0.0,0
2026-08-09,02-1_FC,O_016_남천,남천동과외,1,0,0.0,0
2026-08-09,02-1_FC,O_101_운정,파주운정영어학원,2,0,0.0,0
2026-08-09,02-1_FC,O_101_운정,운정국어학원,8,0,0.0,0
2026-08-09,02-1_FC,O_101_운정,운정수학학원,18,0,0.0,0
2026-08-09,02-1_FC,O_101_운정,운정초등수학학원,1,0,0.0,0
2026-08-09,02-1_FC,O_101_운정,운정과외,2,0,0.0,0
2026-08-09,02-1_FC,O_101_운정,운정영어,2,0,0.0,0
2026-08-09,02-1_FC,O_101_운정,운정수학과외,1,0,0.0,0
2026-08-09,02-1_FC,O_101_운정,파주영어과외,1,0,0.0,0
2026-08-09,02-1_FC,O_101_운정,파주국어과외,1,0,0.0,0
2026-08-09,02-1_FC,O_101_운정,운정윈터스쿨,1,0,0.0,0
2026-08-09,02-1_FC,O_055_부산대,부산대학원,16,0,0.0,0
2026-08-09,02-1_FC,O_055_부산대,부산대과외,1,0,0.0,0
2026-08-09,02-1_FC,O_055_부산대,부산대수학,13,0,0.0,0
2026-08-09,02-1_FC,O_137_화정,행신동학원,2,0,0.0,0
2026-08-09,02-1_FC,O_057_분당미금,미금역수학학원,1,0,0.0,0
2026-08-09,02-1_FC,O_057_분당미금,성남시과외,1,0,0.0,0
2026-08-09,02-1_FC,O_072_상현,상현동국어학원,1,0,0.0,0
2026-08-09,02-1_FC,O_072_상현,상현동영어학원,2,0,0.0,0
2026-08-09,02-1_FC,O_072_상현,상현동수학학원,4,0,0.0,0
2026-08-09,02-1_FC,O_072_상현,상현동초등영어학원,1,0,0.0,0
2026-08-09,02-1_FC,O_072_상현,상현동초등수학학원,1,0,0.0,0
2026-08-09,02-1_FC,O_072_상현,상현동과외,1,0,0.0,0
2026-08-09,02-1_FC,O_096_옥계,옥계동영어학원,1,0,0.0,0
2026-08-09,02-1_FC,O_096_옥계,옥계동과외,1,0,0.0,0
2026-08-09,02-1_FC,O_044_민락,수영과외,3,0,0.0,0
2026-08-09,02-1_FC,O_032_둔산,대전서구과외,1,0,0.0,0
2026-08-09,02-1_FC,O_032_둔산,둔산수학학원,3,0,0.0,0
2026-08-09,02-1_FC,O_032_둔산,둔산동학원,5,0,0.0,0
2026-08-09,02-1_FC,O_032_둔산,둔산동국어학원,3,0,0.0,0
2026-08-09,02-1_FC,O_032_둔산,둔산동수학학원,3,0,0.0,0
2026-08-09,02-1_FC,O_032_둔산,둔산동고등영어학원,2,0,0.0,0
2026-08-09,02-1_FC,O_032_둔산,둔산동과외,1,0,0.0,0
2026-08-09,02-1_FC,O_032_둔산,둔산동국어,1,0,0.0,0
2026-08-09,02-1_FC,O_032_둔산,둔산동수학,1,0,0.0,0
2026-08-09,02-1_FC,O_049_방이,방이국어학원,2,0,0.0,0
2026-08-09,02-1_FC,O_049_방이,오금동영어학원,45,0,0.0,0
2026-08-09,02-1_FC,O_049_방이,오금동수학학원,1,0,0.0,0
2026-08-09,02-1_FC,O_049_방이,오금역학원,1,0,0.0,0
2026-08-09,02-1_FC,O_049_방이,방이동학원,1,0,0.0,0
2026-08-09,02-1_FC,O_049_방이,방이동고등수학학원,1,0,0.0,0
2026-08-09,02-1_FC,O_049_방이,방이동중등수학학원,4,0,0.0,0
2026-08-09,02-1_FC,O_049_방이,방이동중등영어학원,1,0,0.0,0
2026-08-09,02-1_FC,O_049_방이,방이동수학과외,1,0,0.0,0
2026-08-09,02-1_FC,O_028_동백,동백국어학원,2,0,0.0,0
2026-08-09,02-1_FC,O_028_동백,동백수학학원,4,0,0.0,0
2026-08-09,02-1_FC,O_028_동백,동백영어학원,29,0,0.0,0
2026-08-09,02-1_FC,O_041_무실,원주영어학원,28,0,0.0,0
2026-08-09,02-1_FC,O_041_무실,원주영어과외,1,0,0.0,0
2026-08-09,02-1_FC,O_041_무실,원주시학원,1,0,0.0,0
2026-08-09,02-1_FC,O_019_논현,인천논현학원,1,0,0.0,0
2026-08-09,02-1_FC,O_019_논현,인천논현동영어학원,3,0,0.0,0
2026-08-09,02-1_FC,O_019_논현,인천논현동수학학원,2,0,0.0,0
2026-08-09,02-1_FC,O_019_논현,인천논현동영어,2,0,0.0,0
2026-08-09,02-1_FC,O_019_논현,인천논현동영수학원,2,0,0.0,0
2026-08-09,02-1_FC,O_103_월평,월평동영어학원,4,0,0.0,0
2026-08-09,02-1_FC,O_103_월평,월평동수학학원,2,0,0.0,0
2026-08-09,02-1_FC,O_103_월평,월평동과외,1,0,0.0,0
2026-08-09,02-1_FC,O_103_월평,대전학원,7,0,0.0,0
2026-08-09,02-1_FC,O_103_월평,대전과외,1,0,0.0,0
2026-08-09,02-1_FC,O_103_월평,대전수학학원추천,1,0,0.0,0
2026-08-09,02-1_FC,O_103_월평,대전영어과외,40,0,0.0,0
2026-08-09,02-1_FC,O_103_월평,대전윈터스쿨,4,0,0.0,0
2026-08-09,02-1_FC,O_018_노은,노은국어학원,1,0,0.0,0
2026-08-09,02-1_FC,O_018_노은,노은영어,1,0,0.0,0
2026-08-09,02-1_FC,O_099_용호_1/2,용호동학원,1,0,0.0,0
2026-08-09,02-1_FC,O_099_용호_1/2,남천동수학학원,3,0,0.0,0
2026-08-09,02-1_FC,O_099_용호_1/2,대연영어학원,1,0,0.0,0
2026-08-09,02-1_FC,O_136_화명2,화명동수학학원,2,0,0.0,0
2026-08-09,02-1_FC,O_136_화명2,화명동국어학원,1,0,0.0,0
2026-08-09,02-1_FC,O_136_화명2,화명동수학,1,0,0.0,0
2026-08-09,02-1_FC,O_136_화명2,화명동영어학원,13,0,0.0,0
2026-08-09,02-1_FC,O_136_화명2,화명수학학원,1,0,0.0,0
2026-08-09,02-1_FC,O_098_왕지,순천영어과외,7,0,0.0,0
2026-08-09,02-1_FC,O_098_왕지,순천과학과외,2,0,0.0,0
2026-08-09,02-1_FC,O_065_사직,동래영어학원,4,0,0.0,0
2026-08-09,02-1_FC,O_065_사직,사직동국어학원,3,0,0.0,0
2026-08-09,02-1_FC,O_065_사직,사직동영어학원,2,0,0.0,0
2026-08-09,02-1_FC,O_065_사직,사직동수학학원,7,0,0.0,0
2026-08-09,02-1_FC,O_065_사직,사직동영어,1,0,0.0,0
2026-08-09,02-1_FC,O_065_사직,동래구국어과외,1,0,0.0,0
2026-08-09,02-1_FC,O_069_상계,노원구학원,2,0,0.0,0
2026-08-09,02-1_FC,O_069_상계,노원학원,3,0,0.0,0
2026-08-09,02-1_FC,O_069_상계,노원과외,2,0,0.0,0
2026-08-09,02-1_FC,O_069_상계,노원역학원,1,0,0.0,0
2026-08-09,02-1_FC,O_051_보라매,영등포과외,2,0,0.0,0
2026-08-09,02-1_FC,O_051_보라매,신길동수학과외,1,0,0.0,0
2026-08-09,02-1_FC,O_051_보라매,신길동영어과외,1,0,0.0,0
2026-08-09,02-1_FC,O_093_연신내,은평구학원,3,0,0.0,0
2026-08-09,02-1_FC,O_093_연신내,은평구수학과외,1,0,0.0,0
2026-08-09,02-1_FC,O_093_연신내,은평구영어과외,1,0,0.0,0
2026-08-09,02-1_FC,O_093_연신내,녹번동과외,1,0,0.0,0
2026-08-09,02-1_FC,O_093_연신내,역촌동중등수학학원,1,0,0.0,0
2026-08-09,02-1_FC,O_001_가좌,가좌동영어학원,6,0,0.0,0
2026-08-09,02-1_FC,O_088_쌍용,천안학원,6,0,0.0,0
2026-08-09,02-1_FC,O_088_쌍용,천안국어학원,9,0,0.0,0
2026-08-09,02-1_FC,O_088_쌍용,천안영어학원,22,0,0.0,0
2026-08-09,02-1_FC,O_088_쌍용,천안수학학원,3,0,0.0,0
2026-08-09,02-1_FC,O_088_쌍용,천안과외,5,0,0.0,0
2026-08-09,02-1_FC,O_088_쌍용,천안영어,11,0,0.0,0
2026-08-09,02-1_FC,O_088_쌍용,천안수학과외,2,0,0.0,0
2026-08-09,02-1_FC,O_088_쌍용,천안영어과외,28,0,0.0,0
2026-08-09,02-1_FC,O_088_쌍용,쌍용동과외,1,0,0.0,0
2026-08-09,02-1_FC,O_088_쌍용,불당동학원,1,0,0.0,0
2026-08-09,02-1_FC,O_088_쌍용,불당동과외,1,0,0.0,0
2026-08-09,02-1_FC,O_025_대치한티,한티역학원,1,0,0.0,0
2026-08-09,02-1_FC,O_025_대치한티,한티역영어학원,1,0,0.0,0
2026-08-09,02-1_FC,O_025_대치한티,한티역수학학원,8,0,0.0,0
2026-08-09,02-1_FC,O_025_대치한티,대치동학원,3,0,0.0,0
2026-08-09,02-1_FC,O_025_대치한티,대치동국어학원,5,0,0.0,0
2026-08-09,02-1_FC,O_025_대치한티,대치동수학학원,2,0,0.0,0
2026-08-09,02-1_FC,O_025_대치한티,대치동독서실,2,0,0.0,0
2026-08-09,02-1_FC,O_025_대치한티,대치동초등영어학원,2,0,0.0,0
2026-08-09,02-1_FC,O_025_대치한티,대치동초등수학학원,6,0,0.0,0
2026-08-09,02-1_FC,O_025_대치한티,대치동중등수학학원,5,0,0.0,0
2026-08-09,02-1_FC,O_025_대치한티,대치동고등수학학원,6,0,0.0,0
2026-08-09,02-1_FC,O_025_대치한티,대치동국어,14,0,0.0,0
2026-08-09,02-1_FC,O_025_대치한티,대치동영어,36,0,0.0,0
2026-08-09,02-1_FC,O_025_대치한티,대치동종합학원,1,0,0.0,0
2026-08-09,02-1_FC,O_128_테크노,관평동영어학원,5,0,0.0,0
2026-08-09,02-1_FC,O_062_분평_1/2,청주학원,4,0,0.0,0
2026-08-09,02-1_FC,O_062_분평_1/2,청주과외,2,0,0.0,0
2026-08-09,02-1_FC,O_062_분평_1/2,청주수학과외,1,0,0.0,0
2026-08-09,02-1_FC,O_062_분평_1/2,청주영어과외,1,0,0.0,0
2026-08-09,02-1_FC,O_062_분평_1/2,청주자기주도학습관,1,0,0.0,0
2026-08-09,02-1_FC,O_062_분평_1/2,분평동과외,1,0,0.0,0
2026-08-09,02-1_FC,O_062_분평_2/2,청주윈터스쿨,1,0,0.0,0
2026-08-09,02-1_FC,O_048_방배,방배동영어학원,1,0,0.0,0
2026-08-09,02-1_FC,O_048_방배,방배동수학학원,1,0,0.0,0
2026-08-09,02-1_FC,O_048_방배,사당동영어과외,1,0,0.0,0
2026-08-09,02-1_FC,O_145_하남미사,하남과외,1,0,0.0,0
2026-08-09,02-1_FC,O_145_하남미사,하남미사학원,1,0,0.0,0
2026-08-09,02-1_FC,O_149_서강,용강동학원,1,0,0.0,0
2026-08-09,02-1_FC,O_150_잠실새내_1/2,송파윈터스쿨,1,0,0.0,0
2026-08-09,02-1_FC,O_150_잠실새내_1/2,송파입시학원,3,0,0.0,0
2026-08-09,02-1_FC,O_150_잠실새내_1/2,송파입시컨설팅,1,0,0.0,0
2026-08-09,02-1_FC,O_150_잠실새내_1/2,잠실관리형독서실,11,1,1978.0,0
2026-08-09,02-1_FC,O_150_잠실새내_1/2,송파관리형독서실,7,0,0.0,0
2026-08-09,02-1_FC,O_150_잠실새내_1/2,송파구과외,3,0,0.0,0
2026-08-09,02-1_FC,O_150_잠실새내_1/2,송파구과학학원,2,0,0.0,0
2026-08-09,02-1_FC,O_150_잠실새내_1/2,송파구영어학원,27,0,0.0,0
2026-08-09,02-1_FC,O_150_잠실새내_1/2,송파구학원,3,0,0.0,0
2026-08-09,02-1_FC,O_150_잠실새내_1/2,송파국어학원,2,0,0.0,0
2026-08-09,02-1_FC,O_150_잠실새내_1/2,송파수학학원,6,0,0.0,0
2026-08-09,02-1_FC,O_150_잠실새내_1/2,송파영어과외,1,0,0.0,0
2026-08-09,02-1_FC,O_150_잠실새내_1/2,송파영어학원,38,0,0.0,0
2026-08-09,02-1_FC,O_150_잠실새내_1/2,송파학원,5,0,0.0,0
2026-08-09,02-1_FC,O_150_잠실새내_1/2,잠실수학학원,6,0,0.0,0
2026-08-09,02-1_FC,O_150_잠실새내_1/2,잠실영어학원,8,0,0.0,0
2026-08-09,02-1_FC,O_150_잠실새내_1/2,잠실학원,2,0,0.0,0
2026-08-09,02-1_FC,O_150_잠실새내_1/2,송파중등국어학원,1,0,0.0,0
2026-08-09,02-1_FC,O_151_원효_2/3,선린중중간고사,2,0,0.0,0
2026-08-09,02-1_FC,O_151_원효_3/3,성심여중영어학원,1,0,0.0,0
2026-08-09,02-1_FC,O_152_남동탄_1/2,산척동수학학원,9,0,0.0,0
2026-08-09,02-1_FC,O_152_남동탄_1/2,중앙학원,1,0,0.0,0
2026-08-09,02-1_FC,O_152_남동탄_1/2,동탄국제고수학학원,1,0,0.0,0
2026-08-09,02-1_FC,O_152_남동탄_1/2,동탄중국어학원,3,0,0.0,0
2026-08-09,02-1_FC,O_152_남동탄_2/2,서연중수학학원,2,0,0.0,0
2026-08-09,02-1_FC,O_027_돈암_1/3,돈암영어학원,1,0,0.0,0
2026-08-09,02-1_FC,O_027_돈암_1/3,돈암동영어학원,1,0,0.0,0
2026-08-09,02-1_FC,O_027_돈암_1/3,돈암동국어학원,1,0,0.0,0
2026-08-09,02-1_FC,O_064_사우_1/2,풍무동고등학생학원,1,0,0.0,0
2026-08-09,02-1_FC,O_064_사우_1/2,풍무동영어과외,1,0,0.0,0
2026-08-09,02-1_FC,O_064_사우_1/2,풍무동수학학원,4,0,0.0,0
2026-08-09,02-1_FC,O_064_사우_1/2,풍무동영어학원,53,0,0.0,0
2026-08-09,02-1_FC,O_064_사우_1/2,풍무동국어학원,1,0,0.0,0
2026-08-09,02-1_FC,O_064_사우_1/2,풍무동과학학원,1,0,0.0,0
2026-08-09,02-1_FC,O_064_사우_1/2,사우동학원,1,0,0.0,0
2026-08-09,02-1_FC,O_064_사우_1/2,사우동과외,2,0,0.0,0
2026-08-09,02-1_FC,O_064_사우_1/2,사우동수학학원,2,0,0.0,0
2026-08-09,02-1_FC,O_064_사우_1/2,사우동국어학원,1,0,0.0,0
2026-08-09,02-1_FC,O_027_돈암_2/3,경신중중간고사,1,0,0.0,0
2026-08-09,02-1_FC,O_027_돈암_2/3,경동고기출,1,0,0.0,0
2026-08-09,02-1_FC,O_027_돈암_2/3,대광고내신,1,0,0.0,0
2026-08-09,02-1_FC,O_027_돈암_3/3,계성고내신,1,0,0.0,0
2026-08-09,02-1_FC,O_064_사우_2/2,김포중국어학원,2,0,0.0,0
2026-08-09,02-1_FC,O_023_대방_3/3,울산중국어학원,6,0,0.0,0
2026-08-09,02-1_FC,O_153_상도_1/2,흑석동수학학원,1,0,0.0,0
2026-08-09,02-1_FC,O_153_상도_2/2,숭의여고수학학원,1,0,0.0,0
2026-08-09,02-1_FC,O_155_다산_1/2,에듀플렉스다산,3,0,0.0,0
2026-08-09,02-1_FC,O_155_다산_1/2,다산국어학원,2,0,0.0,0
2026-08-09,02-1_FC,O_155_다산_1/2,다산동국어학원,2,0,0.0,0
2026-08-09,02-1_FC,O_155_다산_1/2,다산동수학과외,2,0,0.0,0
2026-08-09,02-1_FC,O_155_다산_1/2,다산동수학학원,4,0,0.0,0
2026-08-09,02-1_FC,O_155_다산_1/2,다산수학학원,5,0,0.0,0
2026-08-09,02-1_FC,O_155_다산_1/2,다산학원,4,0,0.0,0
2026-08-09,02-1_FC,O_156_광주화정_1/3,광주입시학원,3,0,0.0,0
2026-08-09,02-1_FC,O_156_광주화정_1/3,광주관리형독서실,15,0,0.0,0
2026-08-09,02-1_FC,O_156_광주화정_1/3,광주진로상담,1,0,0.0,0
2026-08-09,02-1_FC,O_156_광주화정_1/3,광주수학과외,1,0,0.0,0
2026-08-09,02-1_FC,O_156_광주화정_1/3,광주영어과외,17,0,0.0,0
2026-08-09,02-1_FC,O_156_광주화정_1/3,화정동과학학원,1,0,0.0,0
2026-08-09,02-1_FC,O_156_광주화정_1/3,화정동수학학원,1,0,0.0,0
2026-08-09,02-1_FC,O_156_광주화정_3/3,화정중국어학원,1,0,0.0,0
2026-08-09,02-1_FC,O_158_광명소하,광명관리형독서실,1,1,899.0,0
2026-08-09,02-1_FC,O_159_광명하안,하안동영어,1,0,0.0,0
2026-08-09,02-1_FC,O_160_단구,원주관리형독서실,7,0,0.0,0
2026-08-09,02-1_FC,O_160_단구,원주수학학원,3,0,0.0,0
2026-08-09,02-1_FC,O_160_단구,원주입시상담,1,0,0.0,0
2026-08-09,02-1_FC,O_160_단구,원주학원,2,0,0.0,0
2026-08-09,02-1_FC,O_160_단구,원주기숙학원,3,0,0.0,0
2026-08-09,02-1_FC,O_161_분당정자,정자동수학학원추천,1,0,0.0,0
2026-08-09,02-1_FC,O_161_분당정자,정자동영어,1,0,0.0,0
2026-08-09,02-1_FC,O_161_분당정자,정자수능학원,1,0,0.0,0
2026-08-09,02-1_FC,O_162_불당,불당동과학학원,3,0,0.0,0
2026-08-09,02-1_FC,O_162_불당,불당동수학학원,3,0,0.0,0
2026-08-09,02-1_FC,O_162_불당,불당동영어학원,10,0,0.0,0
2026-08-09,02-1_FC,O_162_불당,천안관리형독서실,14,0,0.0,0
2026-08-09,02-1_FC,O_162_불당,천안수학학원,1,0,0.0,0
2026-08-09,02-1_FC,O_162_불당,천안영어학원,12,0,0.0,0
2026-08-09,02-1_FC,O_162_불당,천안기숙학원,1,0,0.0,0
2026-08-09,02-1_FC,O_165_유니시티,유니시티과학학원,1,0,0.0,0
2026-08-09,02-1_FC,O_165_유니시티,창원관리형독서실,1,0,0.0,0
2026-08-09,02-1_FC,O_165_유니시티,창원영어과외,1,0,0.0,0
2026-08-09,02-1_FC,O_165_유니시티,창원윈터스쿨,2,0,0.0,0
2026-08-09,02-1_FC,O_165_유니시티,창원입시상담,21,0,0.0,0
2026-08-09,02-1_FC,O_165_유니시티,창원중등수학학원,1,0,0.0,0
2026-08-09,02-1_FC,O_163_송촌,송촌동수학학원,3,0,0.0,0
2026-08-09,02-1_FC,O_163_송촌,송촌동영어학원,7,0,0.0,0
2026-08-09,02-1_FC,O_169_분당정자,정자동관리형독서실,2,0,0.0,0
2026-08-09,02-1_FC,O_171_개포점,개포동학원,2,0,0.0,0
2026-08-09,02-1_FC,O_172_산곡점,가좌동학원,1,0,0.0,0
2026-08-09,02-1_FC,O_172_산곡점,인천수학학원,2,0,0.0,0
2026-08-09,02-1_FC,O_174_하계점,중계동종합학원,3,0,0.0,0
2026-08-09,02-1_FC,O_174_하계점,중계동학원추천,1,0,0.0,0
2026-08-09,02-1_FC,O_173_등촌점,염창동과외,1,0,0.0,0
2026-08-09,02-1_FC,O_175_별내점,별내동영수학원,1,0,0.0,0
2026-08-09,02-1_FC,O_175_별내점,갈매동학원,1,0,0.0,0
2026-08-09,02-1_FC,O_176_문화점,문화동수학학원,1,0,0.0,0
2026-08-09,02-1_FC,O_176_문화점,오류동국어학원,1,0,0.0,0
2026-08-09,02-1_FC,O_176_문화점,유천동수학학원,2,0,0.0,0
2026-08-09,02-1_FC,O_176_문화점,태평동수학학원,2,0,0.0,0
2026-08-09,02-1_FC,O_176_문화점,태평동국어학원,1,0,0.0,0
2026-08-09,02-1_FC,O_176_문화점,은행동국어학원,3,0,0.0,0
2026-08-09,02-1_FC,O_176_문화점,은행동과학학원,1,0,0.0,0
2026-08-09,02-1_FC,O_176_문화점,용두동수학학원,2,0,0.0,0
2026-08-09,02-1_FC,O_182_행당점,왕십리영어학원,1,0,0.0,0
2026-08-09,02-1_FC,O_191_구의점,자양동수학학원,4,0,0.0,0
2026-08-09,02-1_FC,O_191_구의점,자양동영어학원,5,0,0.0,0
2026-08-09,02-1_FC,O_191_구의점,자양동국어학원,4,0,0.0,0
2026-08-09,02-1_FC,O_191_구의점,자양동과학학원,1,0,0.0,0
2026-08-09,02-1_FC,O_191_구의점,능동수학학원,3,0,0.0,0
2026-08-09,02-1_FC,O_191_구의점,능동영어학원,3,0,0.0,0
2026-08-09,02-1_FC,O_184_비전점,동삭동학원,3,0,0.0,0
2026-08-09,02-1_FC,O_184_비전점,비전동수학학원,16,0,0.0,0
2026-08-09,02-1_FC,O_184_비전점,동삭동수학학원,1,0,0.0,0
2026-08-09,02-1_FC,O_181_주엽점,일산동영어학원,1,0,0.0,0
2026-08-09,02-1_FC,O_180_마곡점,마곡국어학원,1,0,0.0,0
2026-08-09,02-1_FC,O_180_마곡점,마곡역수학학원,1,0,0.0,0
2026-08-09,02-1_FC,O_180_마곡점,마곡나루역영어학원,1,0,0.0,0
2026-08-09,02-1_FC,O_178_진관점,동산동수학학원,1,0,0.0,0
2026-08-09,02-1_FC,O_179_신갈점,신갈동영어학원,3,0,0.0,0
2026-08-09,02-1_FC,O_179_신갈점,구갈동영어학원,1,0,0.0,0
2026-08-09,02-1_FC,O_179_신갈점,신갈역영어학원,3,0,0.0,0
2026-08-09,02-1_FC,O_179_신갈점,상갈동영어학원,1,0,0.0,0
2026-08-09,02-1_FC,O_177_운양점,운양동수학학원,13,0,0.0,0
2026-08-09,02-1_FC,O_177_운양점,운양동영어학원,6,0,0.0,0
2026-08-09,02-1_FC,O_177_운양점,운양수학학원,1,0,0.0,0
2026-08-09,02-1_FC,O_177_운양점,운양국어학원,1,0,0.0,0
2026-08-09,09_진로진학,진로진학_PC,라이프코칭,1,0,0.0,0
2026-08-09,09_진로진학,진로진학_PC,상상코치,1,0,0.0,0
2026-08-09,09_진로진학,진로진학_PC,지문적성검사,3,0,0.0,0
2026-08-09,09_진로진학,진로진학_PC,직업상담,5,0,0.0,0
2026-08-09,09_진로진학,진로진학_PC,직업적성검사,3,0,0.0,0
2026-08-09,09_진로진학,진로진학_PC,진로,6,0,0.0,0
2026-08-09,09_진로진학,진로진학_PC,진로검사,1,0,0.0,0
2026-08-09,09_진로진학,진로진학_PC,진로고민,2,0,0.0,0
2026-08-09,09_진로진학,진로진학_PC,진로상담,1,0,0.0,0
2026-08-09,09_진로진학,진로진학_PC,진로상담사,1,0,0.0,0
2026-08-09,09_진로진학,진로진학_PC,진로선택,1,0,0.0,0
2026-08-09,09_진로진학,진로진학_PC,진로적성검사,4,0,0.0,0
2026-08-09,09_진로진학,진로진학_MO,중학생진로,1,0,0.0,0
2026-08-09,09_진로진학,진로진학_MO,직업적성검사,1,0,0.0,0
2026-08-09,09_진로진학,진로진학_MO,진로,14,0,0.0,0
2026-08-09,09_진로진학,진로진학_MO,진로고민,2,0,0.0,0
2026-08-09,09_진로진학,진로진학_MO,진로상담,1,0,0.0,0
2026-08-09,09_진로진학,진로진학_MO,진로적성검사,6,0,0.0,0
2026-08-09,09_진로진학,진로진학_MO,진로탐색,1,0,0.0,0
2026-08-09,09_진로진학,진로진학_MO,진로프로그램,2,0,0.0,0
2026-08-09,09_진로진학,진로진학_MO,상상코치,1,0,0.0,0
2026-08-09,09_진로진학,진로진학_MO,지문적성검사,4,0,0.0,0
2026-08-09,09_진로진학,진로진학_MO,직업상담,2,0,0.0,0
2026-08-09,03_에듀코치_PC,01_시험,모의고사,54,0,0.0,0
2026-08-09,03_에듀코치_PC,01_시험,중간고사,6,0,0.0,0
2026-08-09,03_에듀코치_PC,01_시험,기말고사,1,0,0.0,0
2026-08-09,03_에듀코치_PC,02_시험조합_1/2,영어시험대비,1,0,0.0,0
2026-08-09,03_에듀코치_PC,02_시험조합_1/2,고등국어공부,1,0,0.0,0
2026-08-09,03_에듀코치_PC,02_시험조합_1/2,중1수학공부,1,0,0.0,0
2026-08-09,03_에듀코치_PC,02_시험조합_1/2,영어공부,28,0,0.0,0
2026-08-09,03_에듀코치_PC,02_시험조합_1/2,중2영어공부,1,0,0.0,0
2026-08-09,03_에듀코치_PC,02_시험조합_1/2,중학생영어공부,1,0,0.0,0
2026-08-09,03_에듀코치_PC,02_시험조합_1/2,중1공부,1,0,0.0,0
2026-08-09,03_에듀코치_PC,02_시험조합_1/2,중3영어공부법,1,0,0.0,0
2026-08-09,03_에듀코치_PC,02_시험조합_1/2,중학생공부법,2,0,0.0,0
2026-08-09,03_에듀코치_PC,02_시험조합_1/2,수학학습,1,0,0.0,0
2026-08-09,03_에듀코치_PC,02_시험조합_1/2,영어학습,8,0,0.0,0
2026-08-09,03_에듀코치_PC,02_시험조합_1/2,학습,13,0,0.0,0
2026-08-09,03_에듀코치_PC,02_시험조합_1/2,중등학습,1,0,0.0,0
2026-08-09,03_에듀코치_PC,02_시험조합_1/2,고1국어,1,0,0.0,0
2026-08-09,03_에듀코치_PC,02_시험조합_1/2,예비고1국어,1,0,0.0,0
2026-08-09,03_에듀코치_PC,02_시험조합_1/2,중1수학,2,0,0.0,0
2026-08-09,03_에듀코치_PC,02_시험조합_1/2,중3수학,5,0,0.0,0
2026-08-09,03_에듀코치_PC,02_시험조합_1/2,중학생수학,1,0,0.0,0
2026-08-09,03_에듀코치_PC,02_시험조합_1/2,고1수학,1,0,0.0,0
2026-08-09,03_에듀코치_PC,02_시험조합_1/2,영어,2,0,0.0,0
2026-08-09,03_에듀코치_PC,02_시험조합_1/2,중1영어,1,0,0.0,0
2026-08-09,03_에듀코치_PC,02_시험조합_1/2,예비고3공부,1,0,0.0,0
2026-08-09,03_에듀코치_PC,02_시험조합_1/2,중등국어내신,1,0,0.0,0
2026-08-09,03_에듀코치_PC,02_시험조합_1/2,중등영어내신,1,0,0.0,0
2026-08-09,03_에듀코치_PC,02_시험조합_1/2,영어기출,1,0,0.0,0
2026-08-09,03_에듀코치_PC,02_시험조합_1/2,중1영어기출,1,0,0.0,0
2026-08-09,03_에듀코치_PC,02_시험조합_2/2,중3사회,1,0,0.0,0
2026-08-09,03_에듀코치_PC,02_시험조합_2/2,중등사회,2,0,0.0,0
2026-08-09,03_에듀코치_PC,02_시험조합_2/2,중등,3,0,0.0,0
2026-08-09,03_에듀코치_PC,02_시험조합_2/2,중학생과학,1,0,0.0,0
2026-08-09,03_에듀코치_PC,02_시험조합_2/2,고등영어내신,1,0,0.0,0
2026-08-09,03_에듀코치_PC,02_시험조합_2/2,중학생내신,1,0,0.0,0
2026-08-09,03_에듀코치_PC,02_시험조합_2/2,고3내신,1,0,0.0,0
2026-08-09,03_에듀코치_PC,02_시험조합_2/2,고등수학내신,1,0,0.0,0
2026-08-09,03_에듀코치_PC,02_시험조합_2/2,시험,4,0,0.0,0
2026-08-09,03_에듀코치_PC,03_학원_1/2,고1국어,1,0,0.0,0
2026-08-09,03_에듀코치_PC,03_학원_1/2,고2국어,1,0,0.0,0
2026-08-09,03_에듀코치_PC,03_학원_1/2,사회,8,0,0.0,0
2026-08-09,03_에듀코치_PC,03_학원_1/2,중1사회,1,0,0.0,0
2026-08-09,03_에듀코치_PC,03_학원_1/2,중3사회,1,0,0.0,0
2026-08-09,03_에듀코치_PC,03_학원_1/2,수학,28,0,0.0,0
2026-08-09,03_에듀코치_PC,03_학원_1/2,중등영어,10,0,0.0,0
2026-08-09,03_에듀코치_PC,03_학원_1/2,고1영어,1,0,0.0,0
2026-08-09,03_에듀코치_PC,03_학원_1/2,예비고1영어,1,0,0.0,0
2026-08-09,03_에듀코치_PC,03_학원_1/2,중2과학,2,0,0.0,0
2026-08-09,03_에듀코치_PC,03_학원_1/2,중등,1,0,0.0,0
2026-08-09,03_에듀코치_PC,03_학원_1/2,수학학원,3,0,0.0,0
2026-08-09,03_에듀코치_PC,03_학원_1/2,영어학원,29,0,0.0,0
2026-08-09,03_에듀코치_PC,03_학원_1/2,중1학원,1,0,0.0,0
2026-08-09,03_에듀코치_PC,03_학원_1/2,수학학원추천,1,0,0.0,0
2026-08-09,03_에듀코치_PC,03_학원_1/2,소수정예,1,0,0.0,0
2026-08-09,03_에듀코치_PC,03_학원_2/2,고3수학,2,0,0.0,0
2026-08-09,03_에듀코치_PC,03_학원_2/2,고등내신대비,1,0,0.0,0
2026-08-09,03_에듀코치_PC,03_학원_2/2,중등내신대비,1,0,0.0,0
2026-08-09,03_에듀코치_MO,01_시험,기말고사준비,1,0,0.0,0
2026-08-09,03_에듀코치_MO,01_시험,수능공부,1,0,0.0,0
2026-08-09,03_에듀코치_MO,01_시험,기말고사공부,3,0,0.0,0
2026-08-09,03_에듀코치_MO,01_시험,기말공부,1,0,0.0,0
2026-08-09,03_에듀코치_MO,01_시험,기말고사대비,0,1,1105.0,0
2026-08-09,03_에듀코치_MO,01_시험,기말대비,2,0,0.0,0
2026-08-09,03_에듀코치_MO,01_시험,모의고사,1,0,0.0,0
2026-08-09,03_에듀코치_MO,01_시험,중간고사,2,0,0.0,0
2026-08-09,03_에듀코치_MO,01_시험,기말고사,4,0,0.0,0
2026-08-09,03_에듀코치_MO,01_시험,수학능력시험,12,0,0.0,0
2026-08-09,03_에듀코치_MO,01_시험,서술형,16,0,0.0,0
2026-08-09,03_에듀코치_MO,02_시험조합_1/2,수학시험대비,30,0,0.0,0
2026-08-09,03_에듀코치_MO,02_시험조합_1/2,고1시험대비,2,0,0.0,0
2026-08-09,03_에듀코치_MO,02_시험조합_1/2,예비중1국어공부,1,0,0.0,0
2026-08-09,03_에듀코치_MO,02_시험조합_1/2,고2국어공부,1,0,0.0,0
2026-08-09,03_에듀코치_MO,02_시험조합_1/2,고등국어공부,6,0,0.0,0
2026-08-09,03_에듀코치_MO,02_시험조합_1/2,예비중1수학공부,4,1,800.0,0
2026-08-09,03_에듀코치_MO,02_시험조합_1/2,영어공부,2,0,0.0,0
2026-08-09,03_에듀코치_MO,02_시험조합_1/2,중학생영어공부,7,0,0.0,0
2026-08-09,03_에듀코치_MO,02_시험조합_1/2,고등영어공부,56,0,0.0,0
2026-08-09,03_에듀코치_MO,02_시험조합_1/2,예비고3영어공부,1,0,0.0,0
2026-08-09,03_에듀코치_MO,02_시험조합_1/2,사회공부,3,0,0.0,0
2026-08-09,03_에듀코치_MO,02_시험조합_1/2,중1공부,1,0,0.0,0
2026-08-09,03_에듀코치_MO,02_시험조합_1/2,중2공부,7,0,0.0,0
2026-08-09,03_에듀코치_MO,02_시험조합_1/2,중등공부,1,0,0.0,0
2026-08-09,03_에듀코치_MO,02_시험조합_1/2,예비중1공부,18,0,0.0,0
2026-08-09,03_에듀코치_MO,02_시험조합_1/2,중학생공부,15,0,0.0,0
2026-08-09,03_에듀코치_MO,02_시험조합_1/2,예비고1국어공부법,3,0,0.0,0
2026-08-09,03_에듀코치_MO,02_시험조합_1/2,예비고3국어공부법,2,0,0.0,0
2026-08-09,03_에듀코치_MO,02_시험조합_1/2,고등학생국어공부법,6,0,0.0,0
2026-08-09,03_에듀코치_MO,02_시험조합_1/2,고등영어공부법,26,0,0.0,0
2026-08-09,03_에듀코치_MO,02_시험조합_1/2,고등학생영어공부법,5,0,0.0,0
2026-08-09,03_에듀코치_MO,02_시험조합_1/2,중등공부법,3,0,0.0,0
2026-08-09,03_에듀코치_MO,02_시험조합_1/2,예비중1공부법,6,0,0.0,0
2026-08-09,03_에듀코치_MO,02_시험조합_1/2,국어학습,75,0,0.0,0
2026-08-09,03_에듀코치_MO,02_시험조합_1/2,고등국어학습,6,0,0.0,0
2026-08-09,03_에듀코치_MO,02_시험조합_1/2,사회학습,3,0,0.0,0
2026-08-09,03_에듀코치_MO,02_시험조합_1/2,고등시험대비,1,0,0.0,0
2026-08-09,03_에듀코치_MO,02_시험조합_1/2,국어,26,0,0.0,0
2026-08-09,03_에듀코치_MO,02_시험조합_1/2,고1국어,1,0,0.0,0
2026-08-09,03_에듀코치_MO,02_시험조합_1/2,고2국어,254,0,0.0,0
2026-08-09,03_에듀코치_MO,02_시험조합_1/2,수학,136,0,0.0,0
2026-08-09,03_에듀코치_MO,02_시험조합_1/2,고1수학,9,0,0.0,0
2026-08-09,03_에듀코치_MO,02_시험조합_1/2,고2국영수,1,0,0.0,0
2026-08-09,03_에듀코치_MO,02_시험조합_1/2,영어,35,0,0.0,0
2026-08-09,03_에듀코치_MO,02_시험조합_1/2,고1영어,13,0,0.0,0
2026-08-09,03_에듀코치_MO,02_시험조합_1/2,예비고3공부,2,0,0.0,0
2026-08-09,03_에듀코치_MO,02_시험조합_1/2,고등수학공부,33,0,0.0,0
2026-08-09,03_에듀코치_MO,02_시험조합_1/2,예비고3수학공부,10,0,0.0,0
2026-08-09,03_에듀코치_MO,02_시험조합_1/2,고2국어내신,1,0,0.0,0
2026-08-09,03_에듀코치_MO,02_시험조합_1/2,고3국어내신,26,0,0.0,0
2026-08-09,03_에듀코치_MO,02_시험조합_1/2,고등국어내신,22,0,0.0,0
2026-08-09,03_에듀코치_MO,02_시험조합_1/2,고1수학내신,20,0,0.0,0
2026-08-09,03_에듀코치_MO,02_시험조합_1/2,고1영어내신,4,0,0.0,0
2026-08-09,03_에듀코치_MO,02_시험조합_1/2,고2영어내신,1,0,0.0,0
2026-08-09,03_에듀코치_MO,02_시험조합_1/2,고3영어내신,9,0,0.0,0
2026-08-09,03_에듀코치_MO,02_시험조합_1/2,고등수학공부법,10,0,0.0,0
2026-08-09,03_에듀코치_MO,02_시험조합_1/2,국어내신대비,4,0,0.0,0
2026-08-09,03_에듀코치_MO,02_시험조합_1/2,고1국어내신대비,1,0,0.0,0
2026-08-09,03_에듀코치_MO,02_시험조합_1/2,고2국어내신대비,4,0,0.0,0
2026-08-09,03_에듀코치_MO,02_시험조합_1/2,고등국어내신대비,49,0,0.0,0
2026-08-09,03_에듀코치_MO,02_시험조합_1/2,영어내신대비,8,0,0.0,0
2026-08-09,03_에듀코치_MO,02_시험조합_1/2,고3영어내신대비,12,0,0.0,0
2026-08-09,03_에듀코치_MO,02_시험조합_1/2,고등학습,2,0,0.0,0
2026-08-09,03_에듀코치_MO,02_시험조합_1/2,국어기출,7,0,0.0,0
2026-08-09,03_에듀코치_MO,02_시험조합_1/2,고3국어기출,1,0,0.0,0
2026-08-09,03_에듀코치_MO,02_시험조합_1/2,고등국어기출,1,0,0.0,0
2026-08-09,03_에듀코치_MO,02_시험조합_1/2,수학기출,24,0,0.0,0
2026-08-09,03_에듀코치_MO,02_시험조합_1/2,영어기출,13,0,0.0,0
2026-08-09,03_에듀코치_MO,02_시험조합_1/2,국어시험,9,0,0.0,0
2026-08-09,03_에듀코치_MO,02_시험조합_1/2,고1수학시험,4,0,0.0,0
2026-08-09,03_에듀코치_MO,02_시험조합_1/2,영어시험,1,0,0.0,0
2026-08-09,03_에듀코치_MO,03_학원_1/2,중등수학,7,0,0.0,0
2026-08-09,03_에듀코치_MO,03_학원_1/2,중등영어,1,0,0.0,0
2026-08-09,03_에듀코치_MO,03_학원_1/2,고등영어,7,0,0.0,0
2026-08-09,03_에듀코치_MO,02_시험조합_2/2,고등영어내신,2,0,0.0,0
2026-08-09,03_에듀코치_MO,02_시험조합_2/2,고1사회내신,1,0,0.0,0
2026-08-09,03_에듀코치_MO,02_시험조합_2/2,중3내신,1,0,0.0,0
2026-08-09,03_에듀코치_MO,02_시험조합_2/2,고2내신,2,0,0.0,0
2026-08-09,03_에듀코치_MO,02_시험조합_2/2,고등내신,117,0,0.0,0
2026-08-09,03_에듀코치_MO,02_시험조합_2/2,고등수학내신,2,0,0.0,0
2026-08-09,03_에듀코치_MO,03_학원_2/2,고2수학학원,1,0,0.0,0
2026-08-09,03_에듀코치_MO,03_학원_2/2,고등수학전문학원,1,0,0.0,0
2026-08-09,03_에듀코치_MO,03_학원_2/2,고3수학,6,0,0.0,0
2026-08-09,06_초등_MO,01_자기주도학습,초등공부,20,0,0.0,0
2026-08-09,06_초등_MO,01_자기주도학습,초등학습,3,0,0.0,0
2026-08-09,06_초등_MO,01_자기주도학습,초등공부습관,2,0,0.0,0
2026-08-09,06_초등_MO,03_인강/과외,초5과외,5,0,0.0,0
2026-08-09,06_초등_MO,03_인강/과외,초5수학인강,4,0,0.0,0
2026-08-09,06_초등_MO,03_인강/과외,초5영어인강,2,0,0.0,0
2026-08-09,06_초등_PC,03_인강/과외,초등공부방,5,0,0.0,0
2026-08-09,06_초등_PC,03_인강/과외,초등영어과외,11,0,0.0,0
2026-08-09,06_초등_PC,03_인강/과외,초등영어인강,10,0,0.0,0
2026-08-09,06_초등_PC,03_인강/과외,초등학생과외,2,0,0.0,0
2026-08-09,06_초등_PC,03_인강/과외,초등학생영어과외,1,0,0.0,0
2026-08-09,08_중등_MO,01_자기주도학습,중학생학습,9,0,0.0,0
2026-08-09,08_중등_MO,01_자기주도학습,중등학습코칭,1,0,0.0,0
2026-08-09,08_중등_MO,01_자기주도학습,자사고자기주도학습,3,0,0.0,0
2026-08-09,08_중등_MO,01_자기주도학습,중학교자기주도학습,15,0,0.0,0
2026-08-09,08_중등_MO,01_자기주도학습,중학교학습코칭,1,0,0.0,0
2026-08-09,08_중등_MO,01_자기주도학습,중학교공부,2,0,0.0,0
2026-08-09,08_중등_MO,01_자기주도학습,중등공부습관,1,0,0.0,0
2026-08-09,08_중등_MO,02_학원,중등학원,1,0,0.0,0
2026-08-09,08_중등_MO,02_학원,중등전문학원,1,0,0.0,0
2026-08-09,08_중등_MO,02_학원,중등수학학원,11,0,0.0,0
2026-08-09,08_중등_MO,02_학원,중등국어학원,8,0,0.0,0
2026-08-09,08_중등_MO,02_학원,중등과학학원,4,0,0.0,0
2026-08-09,08_중등_MO,02_학원,중학교영어학원,2,0,0.0,0
2026-08-09,08_중등_MO,02_학원,중학생학원,6,0,0.0,0
2026-08-09,08_중등_MO,02_학원,중학생수학,5,0,0.0,0
2026-08-09,08_중등_MO,02_학원,중2학원,2,0,0.0,0
2026-08-09,08_중등_MO,04_중학교 내신,중학교내신,1804,1,2459.0,0
2026-08-09,08_중등_MO,04_중학교 내신,중학교수행평가,2,0,0.0,0
2026-08-09,08_중등_PC,01_자기주도학습,중학생학습코칭,2,0,0.0,0
2026-08-09,08_중등_PC,01_자기주도학습,중학생공부,1,0,0.0,0
2026-08-09,08_중등_PC,01_자기주도학습,중학생학습,2,0,0.0,0
2026-08-09,08_중등_PC,01_자기주도학습,중등자기주도학습추천,1,0,0.0,0
2026-08-09,08_중등_PC,01_자기주도학습,중등공부,2,0,0.0,0
2026-08-09,08_중등_PC,01_자기주도학습,중등학습,2,0,0.0,0
2026-08-09,08_중등_PC,01_자기주도학습,중학교자기주도학습,7,0,0.0,0
2026-08-09,08_중등_PC,01_자기주도학습,중학교공부,2,0,0.0,0
2026-08-09,08_중등_PC,02_학원,중등영어,2,0,0.0,0
2026-08-09,08_중등_PC,02_학원,중등수학학원,18,0,0.0,0
2026-08-09,08_중등_PC,02_학원,중등영어학원,50,0,0.0,0
2026-08-09,08_중등_PC,02_학원,중학교영어,4,0,0.0,0
2026-08-09,08_중등_PC,02_학원,중학교영어학원,3,0,0.0,0
2026-08-09,08_중등_PC,02_학원,중학생수학학원,1,0,0.0,0
2026-08-09,08_중등_PC,02_학원,중학생영어학원,9,0,0.0,0
2026-08-09,08_중등_PC,02_학원,중2수학,2,0,0.0,0
2026-08-09,08_중등_PC,02_학원,종합학원,6,0,0.0,0
2026-08-09,08_중등_PC,03_인강/과외,중3영어과외,6,0,0.0,0
2026-08-09,08_중등_PC,03_인강/과외,중3인강,1,0,0.0,0
2026-08-09,08_중등_PC,03_인강/과외,중3수학인강,1,0,0.0,0
2026-08-09,08_중등_PC,03_인강/과외,중3영어인강,1,0,0.0,0
2026-08-09,08_중등_PC,03_인강/과외,중등공부방,2,0,0.0,0
2026-08-09,08_중등_PC,03_인강/과외,중등과학과외,3,0,0.0,0
2026-08-09,08_중등_PC,03_인강/과외,중등인강,6,0,0.0,0
2026-08-09,08_중등_PC,03_인강/과외,중등수학인강,3,0,0.0,0
2026-08-09,08_중등_PC,03_인강/과외,중등국어인강,37,0,0.0,0
2026-08-09,08_중등_PC,03_인강/과외,중학생영어과외,24,0,0.0,0
2026-08-09,08_중등_PC,03_인강/과외,중학생국어과외,1,0,0.0,0
2026-08-09,08_중등_PC,03_인강/과외,중학생인강,2,0,0.0,0
2026-08-09,08_중등_PC,03_인강/과외,중학생수학인강,1,0,0.0,0
2026-08-09,08_중등_PC,03_인강/과외,중학교과외,26,0,0.0,0
2026-08-09,08_중등_PC,03_인강/과외,중학교국어과외,1,0,0.0,0
2026-08-09,08_중등_PC,03_인강/과외,중학교인강,1,0,0.0,0
2026-08-09,08_중등_PC,03_인강/과외,중1국어인강,2,0,0.0,0
2026-08-09,08_중등_PC,03_인강/과외,중2과외,1,0,0.0,0
2026-08-09,08_중등_PC,03_인강/과외,중2인강,1,0,0.0,0
2026-08-09,08_중등_PC,03_인강/과외,중2수학인강,8,0,0.0,0
2026-08-09,08_중등_PC,03_인강/과외,중2영어인강,1,0,0.0,0
2026-08-09,08_중등_PC,04_중학교 내신,중학교내신,173,0,0.0,0
2026-08-09,16_특정 키워드,02_참고서키워드,개념원리수학,4,0,0.0,0
2026-08-09,16_특정 키워드,02_참고서키워드,수학문제집추천,1,0,0.0,0
2026-08-09,16_특정 키워드,02_참고서키워드,한국사문제집,8,0,0.0,0
2026-08-09,16_특정 키워드,02_참고서키워드,개념원리수1,2,0,0.0,0
2026-08-09,16_특정 키워드,02_참고서키워드,개념원리확률과통계,1,0,0.0,0
2026-08-09,16_특정 키워드,02_참고서키워드,개념원리수2,1,0,0.0,0
2026-08-09,16_특정 키워드,02_참고서키워드,개념원리고등수학,1,0,0.0,0
2026-08-09,16_특정 키워드,02_참고서키워드,메가스터디N제,1,0,0.0,0
2026-08-09,16_특정 키워드,02_참고서키워드,로즈리그래머홀릭,3,0,0.0,0
2026-08-09,16_특정 키워드,02_참고서키워드,미래엔교과서구입,13,0,0.0,0
2026-08-09,16_특정 키워드,02_참고서키워드,개념원리수학2,4,0,0.0,0
2026-08-09,16_특정 키워드,02_참고서키워드,개념원리미적분,4,0,0.0,0
2026-08-09,16_특정 키워드,02_참고서키워드,EBS초등수학,4,0,0.0,0
2026-08-09,16_특정 키워드,02_참고서키워드,수학의정석,12,0,0.0,0
2026-08-09,16_특정 키워드,02_참고서키워드,완자화학1,3,0,0.0,0
2026-08-09,16_특정 키워드,02_참고서키워드,기적의영어리딩,4,0,0.0,0
2026-08-09,16_특정 키워드,02_참고서키워드,미래엔영어,1,0,0.0,0
2026-08-09,16_특정 키워드,02_참고서키워드,미래엔수학,9,0,0.0,0
2026-08-09,16_특정 키워드,03_이슈키워드,티쳐스후기,1,0,0.0,0
2026-08-09,16_특정 키워드,04_유리스마,웩슬러검사,13,0,0.0,0
2026-08-09,16_특정 키워드,04_유리스마,지능검사,26,0,0.0,0
2026-08-09,16_특정 키워드,04_유리스마,유리스마,3,0,0.0,0
2026-08-09,16_특정 키워드,미미미누 콜라보,미3누,3,0,0.0,0
2026-08-09,16_특정 키워드,미미미누 콜라보,VLT,22,0,0.0,0
2026-08-09,16_특정 키워드,미미미누 콜라보,에듀플렉스후기,12,0,0.0,0
2026-08-09,11_예비고1_MO,예비고1+자기주도학습,예비고1공부코디네이터,1,0,0.0,0
2026-08-09,11_예비고1_MO,예비고1+관리/준비,예비고1공부,73,0,0.0,0
2026-08-09,11_예비고1_MO,예비고1+관리/준비,고등진학상담,3,0,0.0,0
2026-08-09,11_예비고1_MO,예비고1+학원/과외,예비고1학원,42,1,546.0,0
2026-08-09,11_예비고1_MO,예비고1+학원/과외,예비고1영어과외,83,0,0.0,0
2026-08-09,11_예비고1_MO,예비고1+학원/과외,예비고1영어학원,16,0,0.0,0
2026-08-09,11_예비고1_MO,예비고1+학원/과외,예비고1국어학원,9,0,0.0,0
2026-08-09,11_예비고1_MO,예비고1+학원/과외,예비고1인강,2,0,0.0,0
2026-08-09,11_예비고1_PC,예비고1+관리/준비,예비고1준비,30,0,0.0,0
2026-08-09,11_예비고1_PC,예비고1+학원/과외,예비고1과외,3,0,0.0,0
2026-08-09,11_예비고1_PC,예비고1+학원/과외,예비고1수학과외,6,0,0.0,0
2026-08-09,11_예비고1_PC,예비고1+학원/과외,예비고1국어학원,8,0,0.0,0
2026-08-09,12_예비중1_MO,3. 예비중1+학원/과외,예비중1과외,1,0,0.0,0
2026-08-09,12_예비중1_MO,3. 예비중1+학원/과외,예비중1수학학원,6,0,0.0,0
2026-08-09,12_예비중1_MO,3. 예비중1+학원/과외,예비중1영어과외,1,0,0.0,0
2026-08-09,12_예비중1_MO,3. 예비중1+학원/과외,예비중1종합학원,11,0,0.0,0
2026-08-09,12_예비중1_MO,3. 예비중1+학원/과외,예비중1학원,27,0,0.0,0
2026-08-09,12_예비중1_PC,예비중1+학원/과외,예비중1수학과외,1,0,0.0,0
2026-08-09,12_예비중1_PC,예비중1+학원/과외,예비중1영어과외,9,0,0.0,0
2026-08-09,12_예비중1_PC,예비중1+학원/과외,예비중1인강,1,0,0.0,0
2026-08-09,10_고등_MO,01_자기주도학습,고등학생자기주도학습,1,0,0.0,0
2026-08-09,10_고등_MO,01_자기주도학습,고등자기주도학습,1,1,1155.0,0
2026-08-09,10_고등_MO,02_학원,고등국어학원,2,0,0.0,0
2026-08-09,10_고등_MO,02_학원,고등수학,17,0,0.0,0
2026-08-09,10_고등_MO,02_학원,고등영어,2,0,0.0,0
2026-08-09,10_고등_MO,02_학원,고등영어학원,14,0,0.0,0
2026-08-09,10_고등_MO,02_학원,고등학교국어학원,1,1,1860.0,0
2026-08-09,10_고등_MO,02_학원,고등학교수학,2,0,0.0,0
2026-08-09,10_고등_MO,02_학원,고등학교영어,2,0,0.0,0
2026-08-09,10_고등_MO,02_학원,고등학교학원,2,0,0.0,0
2026-08-09,10_고등_MO,02_학원,고등학생국어학원,1,0,0.0,0
2026-08-09,10_고등_MO,02_학원,고등학생영어학원,1,0,0.0,0
2026-08-09,10_고등_MO,02_학원,고1영어,4,0,0.0,0
2026-08-09,10_고등_MO,03_인강과외,고등국어,4,0,0.0,0
2026-08-09,10_고등_MO,03_인강과외,고등수학학원,24,0,0.0,0
2026-08-09,10_고등_MO,03_인강과외,고등과외,1,0,0.0,0
2026-08-09,10_고등_MO,03_인강과외,고등과학과외,3,0,0.0,0
2026-08-09,10_고등_MO,03_인강과외,고등국어과외,1,0,0.0,0
2026-08-09,10_고등_MO,03_인강과외,고등수학과외,3,0,0.0,0
2026-08-09,10_고등_MO,03_인강과외,고등수학인강,3,0,0.0,0
2026-08-09,10_고등_MO,03_인강과외,고등영어과외,3,0,0.0,0
2026-08-09,10_고등_MO,03_인강과외,고등인강,1,1,2169.0,0
2026-08-09,10_고등_MO,03_인강과외,고등학생과외,1,0,0.0,0
2026-08-09,10_고등_MO,03_인강과외,고등학생수학과외,2,0,0.0,0
2026-08-09,10_고등_MO,03_인강과외,고등학생인강,2,0,0.0,0
2026-08-09,10_고등_MO,03_인강과외,고등학교수학,1,0,0.0,0
2026-08-09,10_고등_MO,03_인강과외,고등학교과외,1,0,0.0,0
2026-08-09,10_고등_MO,03_인강과외,고등학교인강,2,0,0.0,0
2026-08-09,10_고등_MO,03_인강과외,고1과학,5,1,1471.0,0
2026-08-09,10_고등_MO,03_인강과외,고2수학,6,0,0.0,0
2026-08-09,10_고등_MO,03_인강과외,고2국어,3,0,0.0,0
2026-08-09,10_고등_MO,03_인강과외,고2국어과외,1,0,0.0,0
2026-08-09,10_고등_MO,03_인강과외,고3국어,4,0,0.0,0
2026-08-09,10_고등_MO,03_인강과외,고3과외,1,0,0.0,0
2026-08-09,10_고등_MO,03_인강과외,고3국어과외,2,0,0.0,0
2026-08-09,10_고등_MO,03_인강과외,고3수학과외,1,0,0.0,0
2026-08-09,10_고등_MO,03_인강과외,고3영어과외,1,0,0.0,0
2026-08-09,10_고등_MO,03_인강과외,고등인강추천,15,0,0.0,0
2026-08-09,10_고등_MO,04_입시,대입학원,2,1,10328.0,0
2026-08-09,10_고등_MO,04_입시,입시학원,1,0,0.0,0
2026-08-09,10_고등_MO,04_입시,자기소개서학원,6,0,0.0,0
2026-08-09,10_고등_MO,04_입시,학종학원,1,0,0.0,0
2026-08-09,10_고등_MO,04_입시,고교설명회,1,0,0.0,0
2026-08-09,10_고등_MO,04_입시,고교입학설명회,1,0,0.0,0
2026-08-09,10_고등_MO,04_입시,고입설명회,1,0,0.0,0
2026-08-09,10_고등_MO,04_입시,수능,1318,1,2114.0,0
2026-08-09,10_고등_MO,04_입시,평가원모의고사,1,0,0.0,0
2026-08-09,10_고등_MO,05_고등 내신,고등학교내신,1,0,0.0,0
2026-08-09,10_고등_MO,05_고등 내신,고등내신,5,0,0.0,0
2026-08-09,10_고등_PC,01_자기주도학습,고등공부,2,0,0.0,0
2026-08-09,10_고등_PC,02_학원,고등과학학원,1,0,0.0,0
2026-08-09,10_고등_PC,02_학원,고등국어학원,1,0,0.0,0
2026-08-09,10_고등_PC,02_학원,고등수학,7,0,0.0,0
2026-08-09,10_고등_PC,02_학원,고등수학학원추천,1,0,0.0,0
2026-08-09,10_고등_PC,02_학원,고등영어학원,147,0,0.0,0
2026-08-09,10_고등_PC,02_학원,고등학교영어학원,1,0,0.0,0
2026-08-09,10_고등_PC,02_학원,고2수학학원,9,0,0.0,0
2026-08-09,10_고등_PC,02_학원,고2영어학원,1,0,0.0,0
2026-08-09,10_고등_PC,02_학원,종합학원,6,0,0.0,0
2026-08-09,10_고등_PC,03_인강과외,고등국어학원,1,0,0.0,0
2026-08-09,10_고등_PC,03_인강과외,고등국어인강,1,0,0.0,0
2026-08-09,10_고등_PC,03_인강과외,고등수학과외,2,0,0.0,0
2026-08-09,10_고등_PC,03_인강과외,고등수학인강,1,0,0.0,0
2026-08-09,10_고등_PC,03_인강과외,고등영어과외,3,0,0.0,0
2026-08-09,10_고등_PC,03_인강과외,고등학생영어과외,7,0,0.0,0
2026-08-09,10_고등_PC,03_인강과외,고등학교인강,26,0,0.0,0
2026-08-09,10_고등_PC,03_인강과외,고1영어과외,6,0,0.0,0
2026-08-09,10_고등_PC,03_인강과외,고1영어인강,1,0,0.0,0
2026-08-09,10_고등_PC,03_인강과외,고2수학,1,0,0.0,0
2026-08-09,10_고등_PC,03_인강과외,고2영어과외,1,0,0.0,0
2026-08-09,10_고등_PC,03_인강과외,고3국어과외,1,0,0.0,0
2026-08-09,10_고등_PC,03_인강과외,고등온라인학습,1,0,0.0,0
2026-08-09,10_고등_PC,04_입시,대입입시컨설팅,3,0,0.0,0
2026-08-09,10_고등_PC,04_입시,대입학원,4,0,0.0,0
2026-08-09,10_고등_PC,04_입시,대입면접,4,0,0.0,0
2026-08-09,10_고등_PC,04_입시,대학교상담,2,0,0.0,0
2026-08-09,10_고등_PC,04_입시,대학교입시,11,0,0.0,0
2026-08-09,10_고등_PC,04_입시,대학교입시컨설팅,1,0,0.0,0
2026-08-09,10_고등_PC,04_입시,대학교면접,4,0,0.0,0
2026-08-09,10_고등_PC,04_입시,입시학원,3,0,0.0,0
2026-08-09,10_고등_PC,04_입시,입시컨설팅학원,3,0,0.0,0
2026-08-09,10_고등_PC,04_입시,면접학원,3,0,0.0,0
2026-08-09,10_고등_PC,04_입시,대입상담,6,0,0.0,0
2026-08-09,10_고등_PC,04_입시,예비고1설명회,1,0,0.0,0
2026-08-09,10_고등_PC,04_입시,내신등급계산,1,0,0.0,0
2026-08-09,10_고등_PC,04_입시,수학능력시험,35,0,0.0,0
2026-08-09,10_고등_PC,04_입시,수능공부,4,0,0.0,0
2026-08-09,10_고등_PC,05_고등 내신,고등학교내신,97,0,0.0,0
2026-08-09,B_브랜드검색,05_PC_브랜드검색(신규),에듀플랙스,2,1,0.0,0
2026-08-09,B_브랜드검색,05_PC_브랜드검색(신규),에듀플렉스,16,6,0.0,0
2026-08-09,B_브랜드검색,05_MO_브랜드검색(신규),EDUPLEX,4,0,0.0,0
2026-08-09,B_브랜드검색,05_MO_브랜드검색(신규),애듀플렉스,10,3,0.0,0
2026-08-09,B_브랜드검색,05_MO_브랜드검색(신규),에듀플랙스,4,0,0.0,0
2026-08-09,B_브랜드검색,05_MO_브랜드검색(신규),에듀플렉스,288,36,0.0,0
2026-08-09,B_브랜드검색,05_MO_브랜드검색(신규),에듀플렉스무료검사,1,0,0.0,0
2026-08-10,02-1_FC,O_003_계산,계양구국어학원,30,0,0.0,0
2026-08-10,02-1_FC,O_003_계산,계양구영어학원,2,0,0.0,0
2026-08-10,02-1_FC,O_003_계산,계양구수학학원,6,0,0.0,0
2026-08-10,02-1_FC,O_003_계산,계양구영어,1,0,0.0,0
2026-08-10,02-1_FC,O_003_계산,작전동영어학원,2,0,0.0,0
2026-08-10,02-1_FC,O_003_계산,계양구수학과외,1,0,0.0,0
2026-08-10,02-1_FC,O_003_계산,계양구영어과외,1,0,0.0,0
2026-08-10,02-1_FC,O_003_계산,작전동영어과외,1,0,0.0,0
2026-08-10,02-1_FC,O_005_공덕,마포중등수학학원,2,0,0.0,0
2026-08-10,02-1_FC,O_005_공덕,용산학원,1,0,0.0,0
2026-08-10,02-1_FC,O_006_공덕2,대흥역수학학원,1,0,0.0,0
2026-08-10,02-1_FC,O_006_공덕2,마포구국어과외,2,0,0.0,0
2026-08-10,02-1_FC,O_008_광교,광교수학학원,1,0,0.0,0
2026-08-10,02-1_FC,O_010_교동,교동영어과외,1,0,0.0,0
2026-08-10,02-1_FC,O_010_교동,강릉과외,2,0,0.0,0
2026-08-10,02-1_FC,O_010_교동,강릉중등수학학원,2,0,0.0,0
2026-08-10,02-1_FC,O_010_교동,강릉수학과외,2,0,0.0,0
2026-08-10,02-1_FC,O_010_교동,강릉영어과외,4,0,0.0,0
2026-08-10,02-1_FC,O_011_구서,구서동영어학원,47,0,0.0,0
2026-08-10,02-1_FC,O_011_구서,구서동영어,3,0,0.0,0
2026-08-10,02-1_FC,O_011_구서,금정구학원,1,0,0.0,0
2026-08-10,02-1_FC,O_011_구서,금정구중등영어학원,3,0,0.0,0
2026-08-10,02-1_FC,O_012_구월,구월동수학학원,15,0,0.0,0
2026-08-10,02-1_FC,O_014_금오,의정부학원,5,0,0.0,0
2026-08-10,02-1_FC,O_014_금오,의정부영어학원,1,0,0.0,0
2026-08-10,02-1_FC,O_014_금오,의정부수학학원,2,0,0.0,0
2026-08-10,02-1_FC,O_014_금오,의정부독서실,3,0,0.0,0
2026-08-10,02-1_FC,O_014_금오,의정부고등영어학원,2,0,0.0,0
2026-08-10,02-1_FC,O_014_금오,의정부과외,1,0,0.0,0
2026-08-10,02-1_FC,O_014_금오,신곡동수학,4,0,0.0,0
2026-08-10,02-1_FC,O_015_금호,금호학원,2,0,0.0,0
2026-08-10,02-1_FC,O_015_금호,금호동영어과외,1,0,0.0,0
2026-08-10,02-1_FC,O_017_내외,김해영어학원,1,0,0.0,0
2026-08-10,02-1_FC,O_017_내외,김해수학학원,1,0,0.0,0
2026-08-10,02-1_FC,O_017_내외,김해과외,1,0,0.0,0
2026-08-10,02-1_FC,O_017_내외,김해공부,1,0,0.0,0
2026-08-10,02-1_FC,O_017_내외,김해영어과외,1,0,0.0,0
2026-08-10,02-1_FC,O_020_다대포,다대포영어학원,1,0,0.0,0
2026-08-10,02-1_FC,O_022_당산,당산영어학원,1,0,0.0,0
2026-08-10,02-1_FC,O_022_당산,당산수학학원,1,0,0.0,0
2026-08-10,02-1_FC,O_022_당산,영등포과외,4,0,0.0,0
2026-08-10,02-1_FC,O_022_당산,당산국어,1,0,0.0,0
2026-08-10,02-1_FC,O_023_대방_1/3,신길동수학학원,1,0,0.0,0
2026-08-10,02-1_FC,O_023_대방_1/3,대방동학원,1,0,0.0,0
2026-08-10,02-1_FC,O_023_대방_1/3,에듀플렉스대방,1,0,0.0,0
2026-08-10,02-1_FC,O_023_대방_1/3,대방동국어학원,1,0,0.0,0
2026-08-10,02-1_FC,O_023_대방_1/3,대방동수학학원,8,0,0.0,0
2026-08-10,02-1_FC,O_023_대방_1/3,상남동수학학원,12,0,0.0,0
2026-08-10,02-1_FC,O_023_대방_1/3,상남동영어학원,2,0,0.0,0
2026-08-10,02-1_FC,O_029_동춘,동춘동국어학원,84,3,7130.0,0
2026-08-10,02-1_FC,O_029_동춘,동춘동영어학원,83,0,0.0,0
2026-08-10,02-1_FC,O_029_동춘,동춘동수학학원,34,0,0.0,0
2026-08-10,02-1_FC,O_034_만수,서창영어학원,6,0,0.0,0
2026-08-10,02-1_FC,"O_037_명일, 고덕 ",명일동중등수학학원,3,0,0.0,0
2026-08-10,02-1_FC,"O_037_명일, 고덕 ",명일동초등영어학원,1,0,0.0,0
2026-08-10,02-1_FC,"O_037_명일, 고덕 ",강동구수학과외,1,0,0.0,0
2026-08-10,02-1_FC,"O_037_명일, 고덕 ",강동구국어과외,1,0,0.0,0
2026-08-10,02-1_FC,"O_037_명일, 고덕 ",명일동과학과외,2,0,0.0,0
2026-08-10,02-1_FC,"O_037_명일, 고덕 ",고덕동수학과외,1,0,0.0,0
2026-08-10,02-1_FC,"O_037_명일, 고덕 ",하남영어과외,2,0,0.0,0
2026-08-10,02-1_FC,O_038_명지,명지수학학원,1,0,0.0,0
2026-08-10,02-1_FC,O_038_명지,명지동영어학원,2,0,0.0,0
2026-08-10,02-1_FC,O_050_범어,만촌동영어학원,4,0,0.0,0
2026-08-10,02-1_FC,O_050_범어,만촌동수학학원,1,0,0.0,0
2026-08-10,02-1_FC,O_050_범어,만촌동중등영어학원,1,0,0.0,0
2026-08-10,02-1_FC,O_050_범어,만촌동과외,3,0,0.0,0
2026-08-10,02-1_FC,O_050_범어,수성구과외,1,0,0.0,0
2026-08-10,02-1_FC,O_050_범어,수성구국어과외,1,0,0.0,0
2026-08-10,02-1_FC,O_050_범어,수성구윈터스쿨,1,0,0.0,0
2026-08-10,02-1_FC,O_052_봉곡,구미과외,1,0,0.0,0
2026-08-10,02-1_FC,O_052_봉곡,구미영어과외,12,0,0.0,0
2026-08-10,02-1_FC,O_053_봉선,봉선동영어학원,26,0,0.0,0
2026-08-10,02-1_FC,O_053_봉선,봉선동수학학원,41,0,0.0,0
2026-08-10,02-1_FC,O_053_봉선,광주봉선동영어학원,2,0,0.0,0
2026-08-10,02-1_FC,O_056_부평,부평영어학원,1,0,0.0,0
2026-08-10,02-1_FC,O_056_부평,부평수학학원,5,0,0.0,0
2026-08-10,02-1_FC,O_056_부평,부평중등영어학원,1,0,0.0,0
2026-08-10,02-1_FC,O_056_부평,부평과외,1,0,0.0,0
2026-08-10,02-1_FC,O_056_부평,부평수학과외,1,0,0.0,0
2026-08-10,02-1_FC,O_056_부평,부평영어과외,4,0,0.0,0
2026-08-10,02-1_FC,O_066_사하1,괴정동수학학원,1,0,0.0,0
2026-08-10,02-1_FC,O_066_사하1,괴정동영어학원,1,0,0.0,0
2026-08-10,02-1_FC,O_070_상동,부천상동영어학원,7,0,0.0,0
2026-08-10,02-1_FC,O_070_상동,부천상동수학학원,5,0,0.0,0
2026-08-10,02-1_FC,O_070_상동,부천상동중등수학학원,2,0,0.0,0
2026-08-10,02-1_FC,O_070_상동,부천상동과외,1,0,0.0,0
2026-08-10,02-1_FC,O_070_상동,부천상동수학,1,0,0.0,0
2026-08-10,02-1_FC,O_070_상동,상동국어학원,3,0,0.0,0
2026-08-10,02-1_FC,O_070_상동,상동영어학원,74,0,0.0,0
2026-08-10,02-1_FC,O_070_상동,상동수학학원,14,0,0.0,0
2026-08-10,02-1_FC,O_070_상동,상동초등영어학원,2,0,0.0,0
2026-08-10,02-1_FC,O_070_상동,상동초등수학학원,1,0,0.0,0
2026-08-10,02-1_FC,O_070_상동,상동수학,6,0,0.0,0
2026-08-10,02-1_FC,O_070_상동,상동역영어학원,3,0,0.0,0
2026-08-10,02-1_FC,O_070_상동,상동역수학학원,2,0,0.0,0
2026-08-10,02-1_FC,O_070_상동,부천과외,1,0,0.0,0
2026-08-10,02-1_FC,O_070_상동,부천영어학원추천,1,0,0.0,0
2026-08-10,02-1_FC,O_070_상동,부천영어과외,9,0,0.0,0
2026-08-10,02-1_FC,O_070_상동,상동수학과외,1,0,0.0,0
2026-08-10,02-1_FC,O_070_상동,부천윈터스쿨,3,0,0.0,0
2026-08-10,02-1_FC,O_076_서초2,서초동수학학원,3,0,0.0,0
2026-08-10,02-1_FC,O_076_서초2,서초동영어,1,0,0.0,0
2026-08-10,02-1_FC,O_076_서초2,서초동수학,1,0,0.0,0
2026-08-10,02-1_FC,O_076_서초2,서초구과외,3,0,0.0,0
2026-08-10,02-1_FC,O_076_서초2,서초구수학과외,4,0,0.0,0
2026-08-10,02-1_FC,O_076_서초2,서초구영어과외,2,0,0.0,0
2026-08-10,02-1_FC,O_076_서초2,서초구국어과외,1,0,0.0,0
2026-08-10,02-1_FC,O_076_서초2,서초동수학과외,2,0,0.0,0
2026-08-10,02-1_FC,O_076_서초2,서초동영어과외,2,0,0.0,0
2026-08-10,02-1_FC,O_076_서초2,서초중등영어학원,1,0,0.0,0
2026-08-10,02-1_FC,O_076_서초2,서초영어과외,1,0,0.0,0
2026-08-10,02-1_FC,O_078_센텀,센텀영어학원,3,0,0.0,0
2026-08-10,02-1_FC,O_078_센텀,센텀수학학원,23,0,0.0,0
2026-08-10,02-1_FC,O_078_센텀,재송동학원,3,0,0.0,0
2026-08-10,02-1_FC,O_078_센텀,재송동수학과외,1,0,0.0,0
2026-08-10,02-1_FC,O_079_송도,송도학원,1,0,0.0,0
2026-08-10,02-1_FC,O_079_송도,송도영어학원,1,0,0.0,0
2026-08-10,02-1_FC,O_079_송도,송도수학학원,54,0,0.0,0
2026-08-10,02-1_FC,O_079_송도,송도독서실,1,0,0.0,0
2026-08-10,02-1_FC,O_079_송도,송도영어학원추천,2,0,0.0,0
2026-08-10,02-1_FC,O_079_송도,송도수학학원추천,2,0,0.0,0
2026-08-10,02-1_FC,O_079_송도,송도고등국어학원,1,0,0.0,0
2026-08-10,02-1_FC,O_079_송도,송도과외,3,1,3520.0,0
2026-08-10,02-1_FC,O_079_송도,송도영어,52,0,0.0,0
2026-08-10,02-1_FC,O_079_송도,송도고등과학학원,1,0,0.0,0
2026-08-10,02-1_FC,O_079_송도,송도수학과외,9,0,0.0,0
2026-08-10,02-1_FC,O_079_송도,송도영어과외,5,0,0.0,0
2026-08-10,02-1_FC,O_079_송도,송도방학특강,1,0,0.0,0
2026-08-10,02-1_FC,O_079_송도,송도윈터스쿨,8,0,0.0,0
2026-08-10,02-1_FC,O_083_수지,용인과외,1,0,0.0,0
2026-08-10,02-1_FC,O_083_수지,수지수학학원,26,0,0.0,0
2026-08-10,02-1_FC,O_083_수지,수지독서실,2,0,0.0,0
2026-08-10,02-1_FC,O_083_수지,수지초등영어학원,1,0,0.0,0
2026-08-10,02-1_FC,O_083_수지,수지고등수학학원,2,0,0.0,0
2026-08-10,02-1_FC,O_083_수지,수지과외,1,0,0.0,0
2026-08-10,02-1_FC,O_083_수지,수지고등과학학원,3,0,0.0,0
2026-08-10,02-1_FC,O_083_수지,수지수학과외,1,0,0.0,0
2026-08-10,02-1_FC,O_083_수지,수지영어과외,2,0,0.0,0
2026-08-10,02-1_FC,O_083_수지,수지구과외,1,0,0.0,0
2026-08-10,02-1_FC,O_083_수지,수지구청역학원,1,0,0.0,0
2026-08-10,02-1_FC,O_083_수지,수지구청역고등영어학원,1,0,0.0,0
2026-08-10,02-1_FC,O_084_수택,구리중등영어학원,10,0,0.0,0
2026-08-10,02-1_FC,O_084_수택,구리수학과외,4,0,0.0,0
2026-08-10,02-1_FC,O_084_수택,구리영어과외,23,0,0.0,0
2026-08-10,02-1_FC,O_084_수택,다산신도시수학과외,1,0,0.0,0
2026-08-10,02-1_FC,O_084_수택,구리방학특강,2,0,0.0,0
2026-08-10,02-1_FC,O_091_양산,양산수학학원,20,0,0.0,0
2026-08-10,02-1_FC,O_091_양산,양산영어학원,1,0,0.0,0
2026-08-10,02-1_FC,O_091_양산,양산과외,1,1,2453.0,0
2026-08-10,02-1_FC,O_102_월성,월성동영어학원,10,0,0.0,0
2026-08-10,02-1_FC,O_102_월성,월성동수학학원,19,0,0.0,0
2026-08-10,02-1_FC,O_102_월성,월성동중등수학학원,1,0,0.0,0
2026-08-10,02-1_FC,O_102_월성,월성동영어,3,0,0.0,0
2026-08-10,02-1_FC,O_102_월성,월성동영수학원,1,0,0.0,0
2026-08-10,02-1_FC,O_102_월성,월성동수학과외,4,0,0.0,0
2026-08-10,02-1_FC,O_104_위례,위례국어학원,2,0,0.0,0
2026-08-10,02-1_FC,O_104_위례,위례영어학원,1,0,0.0,0
2026-08-10,02-1_FC,O_104_위례,위례영어학원추천,1,0,0.0,0
2026-08-10,02-1_FC,O_104_위례,위례중등영어학원,1,0,0.0,0
2026-08-10,02-1_FC,O_104_위례,위례고등영어학원,3,0,0.0,0
2026-08-10,02-1_FC,O_104_위례,위례과외,1,0,0.0,0
2026-08-10,02-1_FC,O_104_위례,위례국어,4,0,0.0,0
2026-08-10,02-1_FC,O_104_위례,창곡동수학과외,1,0,0.0,0
2026-08-10,02-1_FC,O_105_율하,율하영어학원,7,0,0.0,0
2026-08-10,02-1_FC,O_105_율하,율하영어과외,1,0,0.0,0
2026-08-10,02-1_FC,O_105_율하,율하동공부방,1,0,0.0,0
2026-08-10,02-1_FC,O_107_인천삼산,삼산동과외,3,0,0.0,0
2026-08-10,02-1_FC,O_107_인천삼산,삼산동수학학원,10,0,0.0,0
2026-08-10,02-1_FC,O_110_장기,김포학원,3,0,0.0,0
2026-08-10,02-1_FC,O_110_장기,김포수학학원,5,0,0.0,0
2026-08-10,02-1_FC,O_110_장기,김포초등영어학원,1,0,0.0,0
2026-08-10,02-1_FC,O_110_장기,김포중등영어학원,2,0,0.0,0
2026-08-10,02-1_FC,O_110_장기,장기동수학학원,3,0,0.0,0
2026-08-10,02-1_FC,O_110_장기,장기동영어학원,72,0,0.0,0
2026-08-10,02-1_FC,O_110_장기,장기동수학과외,1,0,0.0,0
2026-08-10,02-1_FC,O_114_제주이도,제주도수학학원,2,0,0.0,0
2026-08-10,02-1_FC,O_114_제주이도,제주영어학원,1,0,0.0,0
2026-08-10,02-1_FC,O_114_제주이도,제주영어과외,1,0,0.0,0
2026-08-10,02-1_FC,O_114_제주이도,제주자기주도학습센터,1,0,0.0,0
2026-08-10,02-1_FC,O_118_중동,중동수학학원,1,0,0.0,0
2026-08-10,02-1_FC,O_120_진월,금호동국어학원,1,0,0.0,0
2026-08-10,02-1_FC,O_123_철산,철산동수학학원,4,0,0.0,0
2026-08-10,02-1_FC,O_123_철산,철산동중등수학학원,1,0,0.0,0
2026-08-10,02-1_FC,O_125_청라,청라고등수학학원,1,0,0.0,0
2026-08-10,02-1_FC,O_125_청라,청라독서실,8,0,0.0,0
2026-08-10,02-1_FC,O_125_청라,청라수학,2,1,1834.0,0
2026-08-10,02-1_FC,O_125_청라,청라수학학원,11,0,0.0,0
2026-08-10,02-1_FC,O_125_청라,청라영어학원,3,0,0.0,0
2026-08-10,02-1_FC,O_125_청라,청라중등수학학원,3,0,0.0,0
2026-08-10,02-1_FC,O_125_청라,청라초등영어학원,1,0,0.0,0
2026-08-10,02-1_FC,O_125_청라,청라수학과외,2,0,0.0,0
2026-08-10,02-1_FC,O_125_청라,청라영어과외,1,0,0.0,0
2026-08-10,02-1_FC,O_125_청라,청라윈터스쿨,3,0,0.0,0
2026-08-10,02-1_FC,O_127_침산,침산동학원,2,0,0.0,0
2026-08-10,02-1_FC,O_127_침산,침산동국어학원,32,0,0.0,0
2026-08-10,02-1_FC,O_127_침산,침산동영어학원,28,0,0.0,0
2026-08-10,02-1_FC,O_127_침산,침산동수학학원,16,0,0.0,0
2026-08-10,02-1_FC,O_127_침산,침산동초등수학학원,1,0,0.0,0
2026-08-10,02-1_FC,O_127_침산,침산동국어,13,0,0.0,0
2026-08-10,02-1_FC,O_127_침산,침산동수학,5,0,0.0,0
2026-08-10,02-1_FC,O_129_평거,진주시과외,3,0,0.0,0
2026-08-10,02-1_FC,O_138_황금,지산동수학,1,0,0.0,0
2026-08-10,02-1_FC,O_138_황금,지산동수학학원,3,0,0.0,0
2026-08-10,02-1_FC,O_138_황금,지산동영어학원,1,0,0.0,0
2026-08-10,02-1_FC,O_016_남천,남천동학원,1,0,0.0,0
2026-08-10,02-1_FC,O_016_남천,남천동영어학원,25,0,0.0,0
2026-08-10,02-1_FC,O_016_남천,남천동수학학원,1,0,0.0,0
2026-08-10,02-1_FC,O_016_남천,남천동수학,1,0,0.0,0
2026-08-10,02-1_FC,O_016_남천,남천동종합학원,1,0,0.0,0
2026-08-10,02-1_FC,O_016_남천,남천동수학과외,1,0,0.0,0
2026-08-10,02-1_FC,O_016_남천,남천동과외,1,0,0.0,0
2026-08-10,02-1_FC,O_016_남천,남천동고등종합학원,1,0,0.0,0
2026-08-10,02-1_FC,O_101_운정,파주운정영어학원,3,0,0.0,0
2026-08-10,02-1_FC,O_101_운정,파주운정수학학원,2,0,0.0,0
2026-08-10,02-1_FC,O_101_운정,파주운정수학,1,0,0.0,0
2026-08-10,02-1_FC,O_101_운정,운정학원,3,0,0.0,0
2026-08-10,02-1_FC,O_101_운정,운정국어학원,6,0,0.0,0
2026-08-10,02-1_FC,O_101_운정,운정영어학원,1,0,0.0,0
2026-08-10,02-1_FC,O_101_운정,운정수학학원,19,0,0.0,0
2026-08-10,02-1_FC,O_101_운정,운정초등영어학원,2,0,0.0,0
2026-08-10,02-1_FC,O_101_운정,운정초등수학학원,1,0,0.0,0
2026-08-10,02-1_FC,O_101_운정,운정중등영어학원,8,0,0.0,0
2026-08-10,02-1_FC,O_101_운정,운정중등수학학원,1,0,0.0,0
2026-08-10,02-1_FC,O_101_운정,운정중등국어학원,2,0,0.0,0
2026-08-10,02-1_FC,O_101_운정,운정과외,2,0,0.0,0
2026-08-10,02-1_FC,O_101_운정,운정수학,2,0,0.0,0
2026-08-10,02-1_FC,O_101_운정,운정고등학원,1,0,0.0,0
2026-08-10,02-1_FC,O_101_운정,운정수학과외,4,0,0.0,0
2026-08-10,02-1_FC,O_101_운정,운정영어과외,4,0,0.0,0
2026-08-10,02-1_FC,O_101_운정,파주학원,3,0,0.0,0
2026-08-10,02-1_FC,O_101_운정,파주수학과외,1,0,0.0,0
2026-08-10,02-1_FC,O_101_운정,파주영어과외,5,0,0.0,0
2026-08-10,02-1_FC,O_055_부산대,부산대학원,12,0,0.0,0
2026-08-10,02-1_FC,O_055_부산대,부산대과외,7,0,0.0,0
2026-08-10,02-1_FC,O_055_부산대,부산대영어,1,0,0.0,0
2026-08-10,02-1_FC,O_055_부산대,부산대수학,12,0,0.0,0
2026-08-10,02-1_FC,O_055_부산대,장전동고등영어학원,1,0,0.0,0
2026-08-10,02-1_FC,O_055_부산대,부곡동중등영어학원,1,0,0.0,0
2026-08-10,02-1_FC,O_137_화정,화정과외,1,0,0.0,0
2026-08-10,02-1_FC,O_137_화정,화정중등수학학원,1,0,0.0,0
2026-08-10,02-1_FC,O_137_화정,행신동학원,3,0,0.0,0
2026-08-10,02-1_FC,O_137_화정,행신동수학과외,1,0,0.0,0
2026-08-10,02-1_FC,O_057_분당미금,미금역수학학원,5,0,0.0,0
2026-08-10,02-1_FC,O_057_분당미금,분당구과외,1,0,0.0,0
2026-08-10,02-1_FC,O_072_상현,상현수학학원,1,1,1384.0,0
2026-08-10,02-1_FC,O_072_상현,상현동영어학원,2,0,0.0,0
2026-08-10,02-1_FC,O_072_상현,상현동수학학원,7,0,0.0,0
2026-08-10,02-1_FC,O_072_상현,상현동과외,1,0,0.0,0
2026-08-10,02-1_FC,O_072_상현,용인시학원,2,0,0.0,0
2026-08-10,02-1_FC,O_072_상현,상현동공부방,1,0,0.0,0
2026-08-10,02-1_FC,O_072_상현,상현역학원,1,0,0.0,0
2026-08-10,02-1_FC,O_096_옥계,옥계동영어학원,3,0,0.0,0
2026-08-10,02-1_FC,O_096_옥계,구미옥계학원,3,0,0.0,0
2026-08-10,02-1_FC,O_044_민락,수영과외,3,0,0.0,0
2026-08-10,02-1_FC,O_032_둔산,대전서구수학학원,1,0,0.0,0
2026-08-10,02-1_FC,O_032_둔산,둔산국어학원,2,0,0.0,0
2026-08-10,02-1_FC,O_032_둔산,둔산수학학원,9,0,0.0,0
2026-08-10,02-1_FC,O_032_둔산,둔산동학원,5,0,0.0,0
2026-08-10,02-1_FC,O_032_둔산,둔산동국어학원,10,0,0.0,0
2026-08-10,02-1_FC,O_032_둔산,둔산동영어학원,3,0,0.0,0
2026-08-10,02-1_FC,O_032_둔산,둔산동수학학원,17,0,0.0,0
2026-08-10,02-1_FC,O_032_둔산,둔산동국어학원추천,1,0,0.0,0
2026-08-10,02-1_FC,O_032_둔산,둔산동초등영어학원,1,0,0.0,0
2026-08-10,02-1_FC,O_032_둔산,둔산동중등영어학원,1,0,0.0,0
2026-08-10,02-1_FC,O_032_둔산,둔산동고등영어학원,2,0,0.0,0
2026-08-10,02-1_FC,O_032_둔산,둔산동국어,2,0,0.0,0
2026-08-10,02-1_FC,O_032_둔산,둔산동수학,4,0,0.0,0
2026-08-10,02-1_FC,O_032_둔산,대전시청국어학원,1,0,0.0,0
2026-08-10,02-1_FC,O_032_둔산,둔산동수학과외,1,0,0.0,0
2026-08-10,02-1_FC,O_113_정자,정자동수학학원,1,0,0.0,0
2026-08-10,02-1_FC,O_031_동탄청계,화성중학원,2,0,0.0,0
2026-08-10,02-1_FC,O_031_동탄청계,청계동영어학원,1,0,0.0,0
2026-08-10,02-1_FC,O_031_동탄청계,청계동과외,1,0,0.0,0
2026-08-10,02-1_FC,O_031_동탄청계,청계동영어과외,4,0,0.0,0
2026-08-10,02-1_FC,O_049_방이,오금동학원,1,0,0.0,0
2026-08-10,02-1_FC,O_049_방이,오금동영어학원,11,0,0.0,0
2026-08-10,02-1_FC,O_049_방이,오금동수학학원,3,0,0.0,0
2026-08-10,02-1_FC,O_049_방이,오금동영어과외,2,0,0.0,0
2026-08-10,02-1_FC,O_049_방이,방이동고등수학학원,1,0,0.0,0
2026-08-10,02-1_FC,O_049_방이,방이동중등영어학원,1,0,0.0,0
2026-08-10,02-1_FC,O_045_반송,창원영어학원,2,0,0.0,0
2026-08-10,02-1_FC,O_045_반송,창원수학학원,2,0,0.0,0
2026-08-10,02-1_FC,O_045_반송,창원수학학원추천,1,0,0.0,0
2026-08-10,02-1_FC,O_028_동백,동백수학학원,17,0,0.0,0
2026-08-10,02-1_FC,O_028_동백,동백영어학원,20,0,0.0,0
2026-08-10,02-1_FC,O_028_동백,용인동백영어학원,2,0,0.0,0
2026-08-10,02-1_FC,O_041_무실,원주영어학원,15,0,0.0,0
2026-08-10,02-1_FC,O_041_무실,원주수학학원,1,0,0.0,0
2026-08-10,02-1_FC,O_041_무실,원주독서실,4,0,0.0,0
2026-08-10,02-1_FC,O_041_무실,무실동독서실,4,0,0.0,0
2026-08-10,02-1_FC,O_041_무실,무실동전과목학원,3,0,0.0,0
2026-08-10,02-1_FC,O_041_무실,원주영어과외,3,0,0.0,0
2026-08-10,02-1_FC,O_041_무실,원주시학원,1,0,0.0,0
2026-08-10,02-1_FC,O_019_논현,인천논현동국어학원,1,0,0.0,0
2026-08-10,02-1_FC,O_019_논현,인천논현동영어학원,14,0,0.0,0
2026-08-10,02-1_FC,O_019_논현,인천논현동수학학원,21,0,0.0,0
2026-08-10,02-1_FC,O_019_논현,인천논현동영어,3,0,0.0,0
2026-08-10,02-1_FC,O_019_논현,인천논현동영수학원,5,0,0.0,0
2026-08-10,02-1_FC,O_019_논현,남동구과외,1,0,0.0,0
2026-08-10,02-1_FC,O_019_논현,고잔동수학학원추천,2,0,0.0,0
2026-08-10,02-1_FC,O_103_월평,월평동영어학원,9,0,0.0,0
2026-08-10,02-1_FC,O_103_월평,월평동수학학원,13,0,0.0,0
2026-08-10,02-1_FC,O_103_월평,월평동과외,1,0,0.0,0
2026-08-10,02-1_FC,O_103_월평,대전학원,10,0,0.0,0
2026-08-10,02-1_FC,O_103_월평,대전과외,7,0,0.0,0
2026-08-10,02-1_FC,O_103_월평,대전수학학원추천,1,0,0.0,0
2026-08-10,02-1_FC,O_103_월평,대전영어학원추천,1,0,0.0,0
2026-08-10,02-1_FC,O_103_월평,대전수학과외,1,0,0.0,0
2026-08-10,02-1_FC,O_103_월평,대전영어과외,13,0,0.0,0
2026-08-10,02-1_FC,O_103_월평,대전썸머스쿨,3,0,0.0,0
2026-08-10,02-1_FC,O_103_월평,대전윈터스쿨,8,0,0.0,0
2026-08-10,02-1_FC,O_018_노은,지족동초등수학학원,1,0,0.0,0
2026-08-10,02-1_FC,O_018_노은,지족동중등수학학원,1,0,0.0,0
2026-08-10,02-1_FC,O_018_노은,노은역학원,2,0,0.0,0
2026-08-10,02-1_FC,O_099_용호_1/2,용호동학원,1,0,0.0,0
2026-08-10,02-1_FC,O_099_용호_1/2,남천동수학학원,12,0,0.0,0
2026-08-10,02-1_FC,O_099_용호_1/2,남천동영어학원,1,0,0.0,0
2026-08-10,02-1_FC,O_099_용호_1/2,대연동수학학원,8,0,0.0,0
2026-08-10,02-1_FC,O_099_용호_1/2,용당동영어학원,1,0,0.0,0
2026-08-10,02-1_FC,O_099_용호_1/2,남천동과학학원,2,0,0.0,0
2026-08-10,02-1_FC,O_099_용호_1/2,대연동진학상담,1,0,0.0,0
2026-08-10,02-1_FC,O_136_화명2,화명동고등수학학원,5,0,0.0,0
2026-08-10,02-1_FC,O_136_화명2,화명동중등수학학원,2,0,0.0,0
2026-08-10,02-1_FC,O_136_화명2,화명동수학과외,2,0,0.0,0
2026-08-10,02-1_FC,O_136_화명2,화명동영어과외,1,0,0.0,0
2026-08-10,02-1_FC,O_136_화명2,화명동수학학원,8,0,0.0,0
2026-08-10,02-1_FC,O_136_화명2,화명동국어학원,8,0,0.0,0
2026-08-10,02-1_FC,O_136_화명2,화명동수학,1,0,0.0,0
2026-08-10,02-1_FC,O_136_화명2,화명동영어학원,36,0,0.0,0
2026-08-10,02-1_FC,O_136_화명2,화명동초등영어학원,11,0,0.0,0
2026-08-10,02-1_FC,O_098_왕지,순천과외,3,0,0.0,0
2026-08-10,02-1_FC,O_098_왕지,순천영어과외,5,0,0.0,0
2026-08-10,02-1_FC,O_098_왕지,순천국어과외,3,0,0.0,0
2026-08-10,02-1_FC,O_065_사직,동래영어학원,11,0,0.0,0
2026-08-10,02-1_FC,O_065_사직,동래과외,1,0,0.0,0
2026-08-10,02-1_FC,O_065_사직,동래영어,1,0,0.0,0
2026-08-10,02-1_FC,O_065_사직,사직동국어학원,2,0,0.0,0
2026-08-10,02-1_FC,O_065_사직,사직동영어학원,11,0,0.0,0
2026-08-10,02-1_FC,O_065_사직,사직동수학학원,4,0,0.0,0
2026-08-10,02-1_FC,O_065_사직,사직동영어,5,0,0.0,0
2026-08-10,02-1_FC,O_065_사직,동래구수학과외,1,0,0.0,0
2026-08-10,02-1_FC,O_065_사직,동래구국어과외,1,0,0.0,0
2026-08-10,02-1_FC,O_065_사직,동래구진로상담,1,0,0.0,0
2026-08-10,02-1_FC,O_065_사직,사직동영어과외,2,0,0.0,0
2026-08-10,02-1_FC,O_094_연제1,거제동수학과외,1,0,0.0,0
2026-08-10,02-1_FC,O_092_양정,양정수학과외,1,0,0.0,0
2026-08-10,02-1_FC,O_111_전농,동대문구과외,2,0,0.0,0
2026-08-10,02-1_FC,O_111_전농,장안동영어과외,1,0,0.0,0
2026-08-10,02-1_FC,O_069_상계,상계동과외,1,0,0.0,0
2026-08-10,02-1_FC,O_069_상계,노원구학원,1,0,0.0,0
2026-08-10,02-1_FC,O_069_상계,노원구과외,2,0,0.0,0
2026-08-10,02-1_FC,O_069_상계,노원구수학과외,1,0,0.0,0
2026-08-10,02-1_FC,O_069_상계,노원학원,5,0,0.0,0
2026-08-10,02-1_FC,O_069_상계,노원종합학원,1,0,0.0,0
2026-08-10,02-1_FC,O_069_상계,노원단과학원,1,0,0.0,0
2026-08-10,02-1_FC,O_069_상계,노원과외,1,0,0.0,0
2026-08-10,02-1_FC,O_069_상계,노원과학과외,10,0,0.0,0
2026-08-10,02-1_FC,O_069_상계,노원역학원,1,0,0.0,0
2026-08-10,02-1_FC,O_051_보라매,영등포과외,4,0,0.0,0
2026-08-10,02-1_FC,O_051_보라매,영등포수학과외,3,0,0.0,0
2026-08-10,02-1_FC,O_093_연신내,갈현동수학학원,1,0,0.0,0
2026-08-10,02-1_FC,O_093_연신내,은평구학원,3,0,0.0,0
2026-08-10,02-1_FC,O_093_연신내,은평구과외,2,0,0.0,0
2026-08-10,02-1_FC,O_093_연신내,은평구중등영어학원,2,0,0.0,0
2026-08-10,02-1_FC,O_093_연신내,은평구국어학원추천,1,0,0.0,0
2026-08-10,02-1_FC,O_093_연신내,은평구수학과외,2,0,0.0,0
2026-08-10,02-1_FC,O_093_연신내,은평구영어과외,2,0,0.0,0
2026-08-10,02-1_FC,O_093_연신내,은평수학과외,1,0,0.0,0
2026-08-10,02-1_FC,O_093_연신내,은평영어과외,1,0,0.0,0
2026-08-10,02-1_FC,O_093_연신내,구산동학원,1,0,0.0,0
2026-08-10,02-1_FC,O_001_가좌,가좌동영어학원,2,0,0.0,0
2026-08-10,02-1_FC,O_001_가좌,가좌동수학학원,1,0,0.0,0
2026-08-10,02-1_FC,O_061_분당이매,이매동학원,1,0,0.0,0
2026-08-10,02-1_FC,O_061_분당이매,이매동공부방,1,0,0.0,0
2026-08-10,02-1_FC,O_061_분당이매,이매동수학과외,3,0,0.0,0
2026-08-10,02-1_FC,O_088_쌍용,천안학원,8,0,0.0,0
2026-08-10,02-1_FC,O_088_쌍용,천안국어학원,5,1,2010.0,0
2026-08-10,02-1_FC,O_088_쌍용,천안영어학원,63,0,0.0,0
2026-08-10,02-1_FC,O_088_쌍용,천안수학학원,4,0,0.0,0
2026-08-10,02-1_FC,O_088_쌍용,천안과외,2,0,0.0,0
2026-08-10,02-1_FC,O_088_쌍용,천안영어,14,0,0.0,0
2026-08-10,02-1_FC,O_088_쌍용,천안수학과외,5,0,0.0,0
2026-08-10,02-1_FC,O_088_쌍용,천안영어과외,11,0,0.0,0
2026-08-10,02-1_FC,O_088_쌍용,불당동학원,2,0,0.0,0
2026-08-10,02-1_FC,O_088_쌍용,불당수학과외,1,0,0.0,0
2026-08-10,02-1_FC,O_025_대치한티,한티역영어학원,2,0,0.0,0
2026-08-10,02-1_FC,O_025_대치한티,한티역수학학원,12,0,0.0,0
2026-08-10,02-1_FC,O_025_대치한티,대치동학원,3,0,0.0,0
2026-08-10,02-1_FC,O_025_대치한티,대치동국어학원,3,1,1552.0,0
2026-08-10,02-1_FC,O_025_대치한티,대치동수학학원,21,0,0.0,0
2026-08-10,02-1_FC,O_025_대치한티,대치동독서실,12,0,0.0,0
2026-08-10,02-1_FC,O_025_대치한티,대치동학원추천,1,0,0.0,0
2026-08-10,02-1_FC,O_025_대치한티,대치동초등영어학원,2,0,0.0,0
2026-08-10,02-1_FC,O_025_대치한티,대치동초등수학학원,24,1,1825.0,0
2026-08-10,02-1_FC,O_025_대치한티,대치동중등영어학원,5,0,0.0,0
2026-08-10,02-1_FC,O_025_대치한티,대치동중등수학학원,28,0,0.0,0
2026-08-10,02-1_FC,O_025_대치한티,대치동고등수학학원,45,0,0.0,0
2026-08-10,02-1_FC,O_025_대치한티,대치동고등국어학원,1,0,0.0,0
2026-08-10,02-1_FC,O_025_대치한티,대치동국어,21,0,0.0,0
2026-08-10,02-1_FC,O_025_대치한티,대치동영어,75,0,0.0,0
2026-08-10,02-1_FC,O_025_대치한티,대치동수학,1,0,0.0,0
2026-08-10,02-1_FC,O_128_테크노,관평동국어학원,1,0,0.0,0
2026-08-10,02-1_FC,O_128_테크노,관평동영어학원,20,0,0.0,0
2026-08-10,02-1_FC,O_128_테크노,관평동수학학원,5,0,0.0,0
2026-08-10,02-1_FC,O_128_테크노,관평동수학,1,0,0.0,0
2026-08-10,02-1_FC,O_128_테크노,관평동수학과외,1,0,0.0,0
2026-08-10,02-1_FC,O_062_분평_1/2,청주학원,2,0,0.0,0
2026-08-10,02-1_FC,O_062_분평_1/2,청주과외,8,0,0.0,0
2026-08-10,02-1_FC,O_062_분평_1/2,청주고등수학학원,2,0,0.0,0
2026-08-10,02-1_FC,O_062_분평_1/2,청주고등영어학원,1,0,0.0,0
2026-08-10,02-1_FC,O_062_분평_1/2,청주중등영어학원,1,0,0.0,0
2026-08-10,02-1_FC,O_062_분평_1/2,청주수학과외,9,0,0.0,0
2026-08-10,02-1_FC,O_062_분평_1/2,청주영어과외,10,0,0.0,0
2026-08-10,02-1_FC,O_062_분평_1/2,청주국어과외,5,0,0.0,0
2026-08-10,02-1_FC,O_062_분평_2/2,청주윈터스쿨,5,0,0.0,0
2026-08-10,02-1_FC,O_048_방배,방배동국어학원,1,0,0.0,0
2026-08-10,02-1_FC,O_048_방배,방배동영어학원,8,0,0.0,0
2026-08-10,02-1_FC,O_048_방배,방배동수학학원,10,0,0.0,0
2026-08-10,02-1_FC,O_048_방배,방배동수학,2,0,0.0,0
2026-08-10,02-1_FC,O_048_방배,사당동영어과외,1,0,0.0,0
2026-08-10,02-1_FC,O_145_하남미사,하남학원,1,0,0.0,0
2026-08-10,02-1_FC,O_145_하남미사,하남고등수학학원,1,0,0.0,0
2026-08-10,02-1_FC,O_145_하남미사,하남수학과외,1,0,0.0,0
2026-08-10,02-1_FC,O_145_하남미사,하남영어과외,1,0,0.0,0
2026-08-10,02-1_FC,O_145_하남미사,하남국어과외,1,0,0.0,0
2026-08-10,02-1_FC,O_145_하남미사,강일동학원,4,0,0.0,0
2026-08-10,02-1_FC,O_145_하남미사,하남시과외,1,0,0.0,0
2026-08-10,02-1_FC,O_145_하남미사,미사학원,3,0,0.0,0
2026-08-10,02-1_FC,O_145_하남미사,미사고등수학학원,3,0,0.0,0
2026-08-10,02-1_FC,O_145_하남미사,미사영어학원추천,1,0,0.0,0
2026-08-10,02-1_FC,O_145_하남미사,미사수학과외,1,0,0.0,0
2026-08-10,02-1_FC,O_145_하남미사,미사영어과외,1,0,0.0,0
2026-08-10,02-1_FC,O_145_하남미사,하남미사과학과외,1,0,0.0,0
2026-08-10,02-1_FC,O_145_하남미사,풍산동과외,2,0,0.0,0
2026-08-10,02-1_FC,O_149_서강,마포과외,1,0,0.0,0
2026-08-10,02-1_FC,O_149_서강,마포고등영어학원,1,0,0.0,0
2026-08-10,02-1_FC,O_149_서강,마포수학과외,1,0,0.0,0
2026-08-10,02-1_FC,O_149_서강,용강동중등영어학원,1,0,0.0,0
2026-08-10,02-1_FC,O_150_잠실새내_1/2,송파고등수학학원,2,0,0.0,0
2026-08-10,02-1_FC,O_150_잠실새내_1/2,송파윈터스쿨,6,0,0.0,0
2026-08-10,02-1_FC,O_150_잠실새내_1/2,송파입시학원,7,0,0.0,0
2026-08-10,02-1_FC,O_150_잠실새내_1/2,잠실관리형독서실,2,0,0.0,0
2026-08-10,02-1_FC,O_150_잠실새내_1/2,송파구관리형독서실,1,0,0.0,0
2026-08-10,02-1_FC,O_150_잠실새내_1/2,송파관리형독서실,2,0,0.0,0
2026-08-10,02-1_FC,O_150_잠실새내_1/2,석촌동영어학원,1,0,0.0,0
2026-08-10,02-1_FC,O_150_잠실새내_1/2,송파과외,3,0,0.0,0
2026-08-10,02-1_FC,O_150_잠실새내_1/2,송파구과외,7,0,0.0,0
2026-08-10,02-1_FC,O_150_잠실새내_1/2,송파구과학학원,4,0,0.0,0
2026-08-10,02-1_FC,O_150_잠실새내_1/2,송파구국어학원,3,0,0.0,0
2026-08-10,02-1_FC,O_150_잠실새내_1/2,송파구수학과외,2,0,0.0,0
2026-08-10,02-1_FC,O_150_잠실새내_1/2,송파구영어과외,2,0,0.0,0
2026-08-10,02-1_FC,O_150_잠실새내_1/2,송파구영어학원,29,0,0.0,0
2026-08-10,02-1_FC,O_150_잠실새내_1/2,송파구학원,4,0,0.0,0
2026-08-10,02-1_FC,O_150_잠실새내_1/2,송파국어학원,2,0,0.0,0
2026-08-10,02-1_FC,O_150_잠실새내_1/2,송파동수학학원,2,0,0.0,0
2026-08-10,02-1_FC,O_150_잠실새내_1/2,송파수학학원,5,0,0.0,0
2026-08-10,02-1_FC,O_150_잠실새내_1/2,송파영어학원,9,0,0.0,0
2026-08-10,02-1_FC,O_150_잠실새내_1/2,송파학원,6,0,0.0,0
2026-08-10,02-1_FC,O_150_잠실새내_1/2,잠실동영어과외,1,0,0.0,0
2026-08-10,02-1_FC,O_150_잠실새내_1/2,잠실동영어학원,2,0,0.0,0
2026-08-10,02-1_FC,O_150_잠실새내_1/2,잠실수학학원,23,0,0.0,0
2026-08-10,02-1_FC,O_150_잠실새내_1/2,잠실영어학원,10,0,0.0,0
2026-08-10,02-1_FC,O_150_잠실새내_1/2,잠실학원,1,0,0.0,0
2026-08-10,02-1_FC,O_150_잠실새내_1/2,송파수학학원추천,1,0,0.0,0
2026-08-10,02-1_FC,O_150_잠실새내_1/2,송파중등수학학원,1,0,0.0,0
2026-08-10,02-1_FC,O_150_잠실새내_1/2,잠실새내수학학원,1,0,0.0,0
2026-08-10,02-1_FC,O_150_잠실새내_1/2,송파중등국어학원,1,0,0.0,0
2026-08-10,02-1_FC,O_151_원효_1/3,용산과외,1,0,0.0,0
2026-08-10,02-1_FC,O_151_원효_1/3,용산구과외,4,0,0.0,0
2026-08-10,02-1_FC,O_151_원효_1/3,용산구수학과외,2,0,0.0,0
2026-08-10,02-1_FC,O_151_원효_1/3,용산영어학원,3,0,0.0,0
2026-08-10,02-1_FC,O_151_원효_1/3,효창동학원,1,0,0.0,0
2026-08-10,02-1_FC,O_151_원효_2/3,용산동중등영어학원,1,0,0.0,0
2026-08-10,02-1_FC,O_151_원효_2/3,선린중중간고사,2,0,0.0,0
2026-08-10,02-1_FC,O_151_원효_3/3,선린중기말고사,1,0,0.0,0
2026-08-10,02-1_FC,O_151_원효_3/3,선린중영어학원,2,0,0.0,0
2026-08-10,02-1_FC,O_152_남동탄_1/2,산척동수학학원,14,0,0.0,0
2026-08-10,02-1_FC,O_152_남동탄_1/2,중앙학원,1,0,0.0,0
2026-08-10,02-1_FC,O_152_남동탄_1/2,남동탄수학학원,1,0,0.0,0
2026-08-10,02-1_FC,O_152_남동탄_1/2,산척동학원,1,0,0.0,0
2026-08-10,02-1_FC,O_152_남동탄_1/2,중앙보습학원,1,0,0.0,0
2026-08-10,02-1_FC,O_152_남동탄_1/2,동탄중국어학원,9,0,0.0,0
2026-08-10,02-1_FC,O_027_돈암_1/3,에듀플렉스돈암,2,0,0.0,0
2026-08-10,02-1_FC,O_027_돈암_1/3,동소문동고등수학학원,1,0,0.0,0
2026-08-10,02-1_FC,O_027_돈암_1/3,종암동중등수학학원,1,0,0.0,0
2026-08-10,02-1_FC,O_027_돈암_1/3,종암동수학학원,1,0,0.0,0
2026-08-10,02-1_FC,O_027_돈암_1/3,돈암영어학원,1,0,0.0,0
2026-08-10,02-1_FC,O_027_돈암_1/3,돈암동수학과외,1,0,0.0,0
2026-08-10,02-1_FC,O_027_돈암_1/3,돈암동영어학원,2,0,0.0,0
2026-08-10,02-1_FC,O_027_돈암_1/3,돈암동과학학원,1,0,0.0,0
2026-08-10,02-1_FC,O_064_사우_1/2,사우동고등수학학원,1,0,0.0,0
2026-08-10,02-1_FC,O_064_사우_1/2,북변동영어학원,1,0,0.0,0
2026-08-10,02-1_FC,O_064_사우_1/2,풍무동학원,1,0,0.0,0
2026-08-10,02-1_FC,O_064_사우_1/2,풍무동수학학원,11,0,0.0,0
2026-08-10,02-1_FC,O_064_사우_1/2,풍무동영어학원,97,0,0.0,0
2026-08-10,02-1_FC,O_064_사우_1/2,사우동학원,1,0,0.0,0
2026-08-10,02-1_FC,O_064_사우_1/2,사우동중등영어학원,1,0,0.0,0
2026-08-10,02-1_FC,O_064_사우_1/2,사우동수학학원,11,0,0.0,0
2026-08-10,02-1_FC,O_064_사우_1/2,사우동과학학원,3,0,0.0,0
2026-08-10,02-1_FC,O_064_사우_1/2,사우역수학학원,1,1,898.0,0
2026-08-10,02-1_FC,O_064_사우_1/2,풍무동입시학원,1,0,0.0,0
2026-08-10,02-1_FC,O_064_사우_1/2,사우동입시,1,0,0.0,0
2026-08-10,02-1_FC,O_027_돈암_2/3,경신중중간고사,1,0,0.0,0
2026-08-10,02-1_FC,O_064_사우_2/2,김포중국어학원,1,0,0.0,0
2026-08-10,02-1_FC,O_023_대방_2/3,중앙동영어학원,1,0,0.0,0
2026-08-10,02-1_FC,O_023_대방_2/3,중앙여고영어학원,1,0,0.0,0
2026-08-10,02-1_FC,O_023_대방_3/3,울산중국어학원,13,0,0.0,0
2026-08-10,02-1_FC,O_153_상도_1/2,흑석동과외,1,0,0.0,0
2026-08-10,02-1_FC,O_153_상도_2/2,동작고기출,1,0,0.0,0
2026-08-10,02-1_FC,O_153_상도_2/2,숭의여고수학학원,1,0,0.0,0
2026-08-10,02-1_FC,O_153_상도_2/2,구암중영어학원,1,0,0.0,0
2026-08-10,02-1_FC,O_153_상도_2/2,사당중국어학원,1,0,0.0,0
2026-08-10,02-1_FC,O_153_상도_2/2,사당중수학,1,0,0.0,0
2026-08-10,02-1_FC,O_155_다산_1/2,에듀플렉스다산,1,0,0.0,0
2026-08-10,02-1_FC,O_155_다산_1/2,다산국어학원,3,0,0.0,0
2026-08-10,02-1_FC,O_155_다산_1/2,다산동국어과외,1,0,0.0,0
2026-08-10,02-1_FC,O_155_다산_1/2,다산동국어학원,3,0,0.0,0
2026-08-10,02-1_FC,O_155_다산_1/2,다산동수학과외,1,0,0.0,0
2026-08-10,02-1_FC,O_155_다산_1/2,다산동수학전문학원,1,0,0.0,0
2026-08-10,02-1_FC,O_155_다산_1/2,다산동수학학원,12,0,0.0,0
2026-08-10,02-1_FC,O_155_다산_1/2,다산동수학학원추천,3,0,0.0,0
2026-08-10,02-1_FC,O_155_다산_1/2,다산동영어학원,1,0,0.0,0
2026-08-10,02-1_FC,O_155_다산_1/2,다산수학학원,16,0,0.0,0
2026-08-10,02-1_FC,O_155_다산_1/2,다산신도시영어학원,3,0,0.0,0
2026-08-10,02-1_FC,O_155_다산_1/2,다산영어학원,1,0,0.0,0
2026-08-10,02-1_FC,O_155_다산_1/2,다산학원,6,0,0.0,0
2026-08-10,02-1_FC,O_155_다산_1/2,도농수학학원,1,0,0.0,0
2026-08-10,02-1_FC,O_155_다산_1/2,동구과학학원,1,0,0.0,0
2026-08-10,02-1_FC,O_156_광주화정_2/3,상일여고영어학원,3,0,0.0,0
2026-08-10,02-1_FC,O_156_광주화정_1/3,광주입시학원,3,0,0.0,0
2026-08-10,02-1_FC,O_156_광주화정_1/3,광주정시컨설팅,1,0,0.0,0
2026-08-10,02-1_FC,O_156_광주화정_1/3,광주관리형독서실,27,0,0.0,0
2026-08-10,02-1_FC,O_156_광주화정_1/3,광주과학과외,1,0,0.0,0
2026-08-10,02-1_FC,O_156_광주화정_1/3,광주수학과외,2,0,0.0,0
2026-08-10,02-1_FC,O_156_광주화정_1/3,광주영어과외,8,0,0.0,0
2026-08-10,02-1_FC,O_156_광주화정_1/3,화정동수학학원,12,0,0.0,0
2026-08-10,02-1_FC,O_156_광주화정_1/3,화정동중등영어학원,1,0,0.0,0
2026-08-10,02-1_FC,O_156_광주화정_3/3,화정중국어학원,1,0,0.0,0
2026-08-10,02-1_FC,O_156_광주화정_3/3,서초과학학원,1,0,0.0,0
2026-08-10,02-1_FC,O_156_광주화정_3/3,서초영어학원,1,0,0.0,0
2026-08-10,02-1_FC,O_158_광명소하,소하동수학과외,1,0,0.0,0
2026-08-10,02-1_FC,O_158_광명소하,소하동자기주도학습,1,0,0.0,0
2026-08-10,02-1_FC,O_158_광명소하,시흥동에듀플렉스,1,0,0.0,0
2026-08-10,02-1_FC,O_158_광명소하,광명수학과외,1,0,0.0,0
2026-08-10,02-1_FC,O_158_광명소하,광명영어과외,1,0,0.0,0
2026-08-10,02-1_FC,O_158_광명소하,광명입시학원,1,0,0.0,0
2026-08-10,02-1_FC,O_159_광명하안,하안동수학,1,0,0.0,0
2026-08-10,02-1_FC,O_159_광명하안,하안동수학학원,3,0,0.0,0
2026-08-10,02-1_FC,O_159_광명하안,하안동학원,3,0,0.0,0
2026-08-10,02-1_FC,O_159_광명하안,독산동영어학원,1,0,0.0,0
2026-08-10,02-1_FC,O_159_광명하안,광명수학과외,3,0,0.0,0
2026-08-10,02-1_FC,O_159_광명하안,광명영어과외,1,0,0.0,0
2026-08-10,02-1_FC,O_160_단구,단구동수학학원,3,0,0.0,0
2026-08-10,02-1_FC,O_160_단구,단구동학원,1,0,0.0,0
2026-08-10,02-1_FC,O_160_단구,원주과외,4,0,0.0,0
2026-08-10,02-1_FC,O_160_단구,원주관리형독서실,16,0,0.0,0
2026-08-10,02-1_FC,O_160_단구,원주수학학원,18,0,0.0,0
2026-08-10,02-1_FC,O_160_단구,원주영어학원,2,0,0.0,0
2026-08-10,02-1_FC,O_160_단구,원주윈터스쿨,1,0,0.0,0
2026-08-10,02-1_FC,O_160_단구,원주학원,2,0,0.0,0
2026-08-10,02-1_FC,O_160_단구,원주기숙학원,2,0,0.0,0
2026-08-10,02-1_FC,O_161_분당정자,정자동중등수학학원,1,0,0.0,0
2026-08-10,02-1_FC,O_161_분당정자,정자국어학원,1,0,0.0,0
2026-08-10,02-1_FC,O_162_불당,불당고등수학학원,1,0,0.0,0
2026-08-10,02-1_FC,O_162_불당,불당수학학원,3,0,0.0,0
2026-08-10,02-1_FC,O_162_불당,불당에듀플렉스,1,0,0.0,0
2026-08-10,02-1_FC,O_162_불당,불당동과학학원,2,0,0.0,0
2026-08-10,02-1_FC,O_162_불당,불당동수학학원,5,0,0.0,0
2026-08-10,02-1_FC,O_162_불당,불당동영수학원,1,0,0.0,0
2026-08-10,02-1_FC,O_162_불당,불당동영어학원,21,0,0.0,0
2026-08-10,02-1_FC,O_162_불당,천안과학학원,3,0,0.0,0
2026-08-10,02-1_FC,O_162_불당,천안관리형독서실,14,0,0.0,0
2026-08-10,02-1_FC,O_162_불당,천안국어과외,2,0,0.0,0
2026-08-10,02-1_FC,O_162_불당,천안수학학원,1,0,0.0,0
2026-08-10,02-1_FC,O_162_불당,천안영어학원,20,0,0.0,0
2026-08-10,02-1_FC,O_162_불당,천안영어학원추천,4,0,0.0,0
2026-08-10,02-1_FC,O_162_불당,천안중등영어학원,1,0,0.0,0
2026-08-10,02-1_FC,O_162_불당,천안기숙학원,1,0,0.0,0
2026-08-10,02-1_FC,O_165_유니시티,창원관리형독서실,2,0,0.0,0
2026-08-10,02-1_FC,O_165_유니시티,창원수학과외,1,0,0.0,0
2026-08-10,02-1_FC,O_165_유니시티,창원수학학원,2,0,0.0,0
2026-08-10,02-1_FC,O_165_유니시티,창원수학학원추천,1,0,0.0,0
2026-08-10,02-1_FC,O_165_유니시티,창원에듀플렉스,2,0,0.0,0
2026-08-10,02-1_FC,O_165_유니시티,창원영어과외,1,0,0.0,0
2026-08-10,02-1_FC,O_165_유니시티,창원영어학원,2,0,0.0,0
2026-08-10,02-1_FC,O_165_유니시티,창원윈터스쿨,1,0,0.0,0
2026-08-10,02-1_FC,O_165_유니시티,창원입시상담,11,0,0.0,0
2026-08-10,02-1_FC,O_165_유니시티,창원중등국어학원,1,0,0.0,0
2026-08-10,02-1_FC,O_165_유니시티,창원중등영어학원,3,0,0.0,0
2026-08-10,02-1_FC,O_165_유니시티,창원기숙학원,1,0,0.0,0
2026-08-10,02-1_FC,O_163_송촌,송촌동국어학원,3,0,0.0,0
2026-08-10,02-1_FC,O_163_송촌,송촌동수학학원,3,0,0.0,0
2026-08-10,02-1_FC,O_163_송촌,송촌동영수학원,2,0,0.0,0
2026-08-10,02-1_FC,O_163_송촌,송촌동영어과외,3,0,0.0,0
2026-08-10,02-1_FC,O_163_송촌,송촌동영어학원,29,0,0.0,0
2026-08-10,02-1_FC,O_163_송촌,법동과외,1,0,0.0,0
2026-08-10,02-1_FC,O_163_송촌,중리동수학과외,1,0,0.0,0
2026-08-10,02-1_FC,O_163_송촌,중리동영어과외,1,0,0.0,0
2026-08-10,02-1_FC,O_163_송촌,중리동학원,1,0,0.0,0
2026-08-10,02-1_FC,O_168_도안,도안수학학원,2,0,0.0,0
2026-08-10,02-1_FC,O_168_도안,도안영어,1,0,0.0,0
2026-08-10,02-1_FC,O_168_도안,원신흥동수학과외,1,0,0.0,0
2026-08-10,02-1_FC,O_168_도안,원신흥동수학학원,2,0,0.0,0
2026-08-10,02-1_FC,O_168_도안,봉명동학원,1,0,0.0,0
2026-08-10,02-1_FC,O_169_분당정자,정자동관리형독서실,1,0,0.0,0
2026-08-10,02-1_FC,O_170_송파역,석촌동수학학원,3,0,0.0,0
2026-08-10,02-1_FC,O_170_송파역,석촌동영어학원,1,0,0.0,0
2026-08-10,02-1_FC,O_170_송파역,석촌역에듀플렉스,1,0,0.0,0
2026-08-10,02-1_FC,O_171_개포점,개포동학원,2,0,0.0,0
2026-08-10,02-1_FC,O_171_개포점,일원동자기주도학습,1,1,77.0,0
2026-08-10,02-1_FC,O_172_산곡점,가좌동학원,1,0,0.0,0
2026-08-10,02-1_FC,O_172_산곡점,청천동과외,1,0,0.0,0
2026-08-10,02-1_FC,O_174_하계점,중계동학원,3,0,0.0,0
2026-08-10,02-1_FC,O_174_하계점,월계동국영수학원,2,0,0.0,0
2026-08-10,02-1_FC,O_173_등촌점,염창동영어과외,2,0,0.0,0
2026-08-10,02-1_FC,O_173_등촌점,가양동관리형독서실,1,0,0.0,0
2026-08-10,02-1_FC,O_176_문화점,은행동학원,1,0,0.0,0
2026-08-10,02-1_FC,O_176_문화점,오류동수학학원,2,0,0.0,0
2026-08-10,02-1_FC,O_176_문화점,태평동수학학원,2,0,0.0,0
2026-08-10,02-1_FC,O_176_문화점,은행동국어학원,1,0,0.0,0
2026-08-10,02-1_FC,O_176_문화점,용두동수학학원,5,0,0.0,0
2026-08-10,02-1_FC,O_176_문화점,선화동수학학원,2,0,0.0,0
2026-08-10,02-1_FC,O_176_문화점,선화동영어학원,3,0,0.0,0
2026-08-10,02-1_FC,O_182_행당점,왕십리영어학원,2,0,0.0,0
2026-08-10,02-1_FC,O_191_구의점,자양동수학학원,6,0,0.0,0
2026-08-10,02-1_FC,O_191_구의점,자양동영어학원,7,0,0.0,0
2026-08-10,02-1_FC,O_191_구의점,자양동국어학원,1,0,0.0,0
2026-08-10,02-1_FC,O_191_구의점,능동수학학원,3,0,0.0,0
2026-08-10,02-1_FC,O_191_구의점,능동영어학원,4,0,0.0,0
2026-08-10,02-1_FC,O_189_고척점,고척수학학원,2,0,0.0,0
2026-08-10,02-1_FC,O_185_첨단1점,연제동학원,1,0,0.0,0
2026-08-10,02-1_FC,O_185_첨단1점,양산동영어학원,3,0,0.0,0
2026-08-10,02-1_FC,O_184_비전점,동삭동학원,2,0,0.0,0
2026-08-10,02-1_FC,O_184_비전점,비전동수학학원,24,0,0.0,0
2026-08-10,02-1_FC,O_184_비전점,비전동내신대비,1,0,0.0,0
2026-08-10,02-1_FC,O_184_비전점,동삭동영어학원,1,0,0.0,0
2026-08-10,02-1_FC,O_184_비전점,평택역영어학원,1,0,0.0,0
2026-08-10,02-1_FC,O_183_신정점,고척동영어학원,3,0,0.0,0
2026-08-10,02-1_FC,O_181_주엽점,주엽동영어학원,1,0,0.0,0
2026-08-10,02-1_FC,O_181_주엽점,주엽역수학학원,1,0,0.0,0
2026-08-10,02-1_FC,O_181_주엽점,일산동영어학원,1,0,0.0,0
2026-08-10,02-1_FC,O_180_마곡점,마곡수학학원,3,0,0.0,0
2026-08-10,02-1_FC,O_178_진관점,진관동보습학원,2,0,0.0,0
2026-08-10,02-1_FC,O_179_신갈점,구갈동영어학원,3,0,0.0,0
2026-08-10,02-1_FC,O_179_신갈점,기흥역수학학원,1,0,0.0,0
2026-08-10,02-1_FC,O_177_운양점,운양동수학학원,27,0,0.0,0
2026-08-10,02-1_FC,O_177_운양점,운양동영어학원,12,0,0.0,0
2026-08-10,02-1_FC,O_177_운양점,운양수학학원,1,0,0.0,0
2026-08-10,02-1_FC,O_177_운양점,운양내신대비,6,0,0.0,0
2026-08-10,09_진로진학,진로진학_PC,라이프코칭,3,0,0.0,1
2026-08-10,09_진로진학,진로진학_PC,아이기질검사,3,0,0.0,1
2026-08-10,09_진로진학,진로진학_PC,중학생진로상담,1,0,0.0,1
2026-08-10,09_진로진학,진로진학_PC,지문적성검사,2,0,0.0,1
2026-08-10,09_진로진학,진로진학_PC,직업상담,2,0,0.0,1
2026-08-10,09_진로진학,진로진학_PC,직업적성검사,14,0,0.0,1
2026-08-10,09_진로진학,진로진학_PC,진로,11,0,0.0,1
2026-08-10,09_진로진학,진로진학_PC,진로검사,1,0,0.0,1
2026-08-10,09_진로진학,진로진학_PC,진로상담,4,0,0.0,1
2026-08-10,09_진로진학,진로진학_PC,진로상담사,1,0,0.0,1
2026-08-10,09_진로진학,진로진학_PC,진로선택,1,0,0.0,1
2026-08-10,09_진로진학,진로진학_PC,진로적성검사,13,0,0.0,1
2026-08-10,09_진로진학,진로진학_PC,청소년상담,8,0,0.0,1
2026-08-10,09_진로진학,진로진학_PC,하고싶은일찾기,1,0,0.0,1
2026-08-10,09_진로진학,진로진학_MO,직업적성검사,10,0,0.0,1
2026-08-10,09_진로진학,진로진학_MO,진로,5,0,0.0,1
2026-08-10,09_진로진학,진로진학_MO,진로교육,1,0,0.0,1
2026-08-10,09_진로진학,진로진학_MO,진로상담,2,0,0.0,1
2026-08-10,09_진로진학,진로진학_MO,진로적성검사,7,0,0.0,1
2026-08-10,09_진로진학,진로진학_MO,무료진로적성검사,1,0,0.0,1
2026-08-10,09_진로진학,진로진학_MO,직업상담,1,0,0.0,1
2026-08-10,03_에듀코치_PC,01_시험,수능공부,1,0,0.0,0
2026-08-10,03_에듀코치_PC,01_시험,모의고사,114,0,0.0,0
2026-08-10,03_에듀코치_PC,01_시험,중간고사,5,0,0.0,0
2026-08-10,03_에듀코치_PC,01_시험,기말고사,1,0,0.0,0
2026-08-10,03_에듀코치_PC,01_시험,새학기준비,2,0,0.0,0
2026-08-10,03_에듀코치_PC,02_시험조합_1/2,수학시험대비,2,0,0.0,0
2026-08-10,03_에듀코치_PC,02_시험조합_1/2,영어시험대비,2,0,0.0,0
2026-08-10,03_에듀코치_PC,02_시험조합_1/2,시험대비,1,0,0.0,0
2026-08-10,03_에듀코치_PC,02_시험조합_1/2,고등국어공부,2,0,0.0,0
2026-08-10,03_에듀코치_PC,02_시험조합_1/2,중1수학공부,1,0,0.0,0
2026-08-10,03_에듀코치_PC,02_시험조합_1/2,중3수학공부,2,0,0.0,0
2026-08-10,03_에듀코치_PC,02_시험조합_1/2,중등수학공부,2,0,0.0,0
2026-08-10,03_에듀코치_PC,02_시험조합_1/2,영어공부,15,0,0.0,0
2026-08-10,03_에듀코치_PC,02_시험조합_1/2,중1영어공부,1,0,0.0,0
2026-08-10,03_에듀코치_PC,02_시험조합_1/2,중2영어공부,4,0,0.0,0
2026-08-10,03_에듀코치_PC,02_시험조합_1/2,중3영어공부,1,0,0.0,0
2026-08-10,03_에듀코치_PC,02_시험조합_1/2,중학생영어공부,3,0,0.0,0
2026-08-10,03_에듀코치_PC,02_시험조합_1/2,고등영어공부,1,0,0.0,0
2026-08-10,03_에듀코치_PC,02_시험조합_1/2,사회공부,1,0,0.0,0
2026-08-10,03_에듀코치_PC,02_시험조합_1/2,중학생사회공부,1,0,0.0,0
2026-08-10,03_에듀코치_PC,02_시험조합_1/2,중1공부,2,0,0.0,0
2026-08-10,03_에듀코치_PC,02_시험조합_1/2,중2공부,2,0,0.0,0
2026-08-10,03_에듀코치_PC,02_시험조합_1/2,중1영어공부법,1,0,0.0,0
2026-08-10,03_에듀코치_PC,02_시험조합_1/2,고등영어공부법,3,0,0.0,0
2026-08-10,03_에듀코치_PC,02_시험조합_1/2,중1공부법,2,0,0.0,0
2026-08-10,03_에듀코치_PC,02_시험조합_1/2,중학생공부법,1,0,0.0,0
2026-08-10,03_에듀코치_PC,02_시험조합_1/2,국어학습,3,0,0.0,0
2026-08-10,03_에듀코치_PC,02_시험조합_1/2,수학학습,2,0,0.0,0
2026-08-10,03_에듀코치_PC,02_시험조합_1/2,영어학습,67,0,0.0,0
2026-08-10,03_에듀코치_PC,02_시험조합_1/2,학습,21,0,0.0,0
2026-08-10,03_에듀코치_PC,02_시험조합_1/2,중1국어,2,0,0.0,0
2026-08-10,03_에듀코치_PC,02_시험조합_1/2,중등국어,1,0,0.0,0
2026-08-10,03_에듀코치_PC,02_시험조합_1/2,중학생국어,3,0,0.0,0
2026-08-10,03_에듀코치_PC,02_시험조합_1/2,고2국어,1,0,0.0,0
2026-08-10,03_에듀코치_PC,02_시험조합_1/2,예비고1국어,1,0,0.0,0
2026-08-10,03_에듀코치_PC,02_시험조합_1/2,중1수학,4,0,0.0,0
2026-08-10,03_에듀코치_PC,02_시험조합_1/2,중3수학,7,0,0.0,0
2026-08-10,03_에듀코치_PC,02_시험조합_1/2,예비중1수학,3,0,0.0,0
2026-08-10,03_에듀코치_PC,02_시험조합_1/2,중학생수학,4,0,0.0,0
2026-08-10,03_에듀코치_PC,02_시험조합_1/2,고1수학,2,0,0.0,0
2026-08-10,03_에듀코치_PC,02_시험조합_1/2,영어,2,0,0.0,0
2026-08-10,03_에듀코치_PC,02_시험조합_1/2,중1영어,1,0,0.0,0
2026-08-10,03_에듀코치_PC,02_시험조합_1/2,예비중1영어,1,0,0.0,0
2026-08-10,03_에듀코치_PC,02_시험조합_1/2,중학생영어,5,0,0.0,0
2026-08-10,03_에듀코치_PC,02_시험조합_1/2,고3영어,2,0,0.0,0
2026-08-10,03_에듀코치_PC,02_시험조합_1/2,예비고3공부,4,0,0.0,0
2026-08-10,03_에듀코치_PC,02_시험조합_1/2,중3수학내신,1,0,0.0,0
2026-08-10,03_에듀코치_PC,02_시험조합_1/2,중2영어내신,2,0,0.0,0
2026-08-10,03_에듀코치_PC,02_시험조합_1/2,중등영어내신,1,0,0.0,0
2026-08-10,03_에듀코치_PC,02_시험조합_1/2,수학내신대비,1,0,0.0,0
2026-08-10,03_에듀코치_PC,02_시험조합_1/2,국어기출,1,0,0.0,0
2026-08-10,03_에듀코치_PC,02_시험조합_1/2,수학기출,2,0,0.0,0
2026-08-10,03_에듀코치_PC,02_시험조합_1/2,중2수학기출,1,0,0.0,0
2026-08-10,03_에듀코치_PC,02_시험조합_1/2,영어기출,1,0,0.0,0
2026-08-10,03_에듀코치_PC,02_시험조합_1/2,국어시험,2,0,0.0,0
2026-08-10,03_에듀코치_PC,02_시험조합_1/2,중1영어시험,1,0,0.0,0
2026-08-10,03_에듀코치_PC,02_시험조합_2/2,중3사회,2,0,0.0,0
2026-08-10,03_에듀코치_PC,02_시험조합_2/2,중등사회,3,0,0.0,0
2026-08-10,03_에듀코치_PC,02_시험조합_2/2,중등,12,0,0.0,0
2026-08-10,03_에듀코치_PC,02_시험조합_2/2,중학생과학,1,0,0.0,0
2026-08-10,03_에듀코치_PC,02_시험조합_2/2,고등영어내신,3,0,0.0,0
2026-08-10,03_에듀코치_PC,02_시험조합_2/2,중3내신,1,0,0.0,0
2026-08-10,03_에듀코치_PC,02_시험조합_2/2,중등내신,1,0,0.0,0
2026-08-10,03_에듀코치_PC,02_시험조합_2/2,고2내신,2,0,0.0,0
2026-08-10,03_에듀코치_PC,02_시험조합_2/2,고3내신,2,0,0.0,0
2026-08-10,03_에듀코치_PC,02_시험조합_2/2,고등수학내신,3,0,0.0,0
2026-08-10,03_에듀코치_PC,02_시험조합_2/2,중학생시험,1,0,0.0,0
2026-08-10,03_에듀코치_PC,03_학원_1/2,중2국어,2,0,0.0,0
2026-08-10,03_에듀코치_PC,03_학원_1/2,고등국어,1,0,0.0,0
2026-08-10,03_에듀코치_PC,03_학원_1/2,사회,8,0,0.0,0
2026-08-10,03_에듀코치_PC,03_학원_1/2,중1사회,3,0,0.0,0
2026-08-10,03_에듀코치_PC,03_학원_1/2,중3사회,1,0,0.0,0
2026-08-10,03_에듀코치_PC,03_학원_1/2,수학,18,0,0.0,0
2026-08-10,03_에듀코치_PC,03_학원_1/2,중등수학,2,0,0.0,0
2026-08-10,03_에듀코치_PC,03_학원_1/2,고1수학,12,0,0.0,0
2026-08-10,03_에듀코치_PC,03_학원_1/2,중등영어,14,0,0.0,0
2026-08-10,03_에듀코치_PC,03_학원_1/2,고1영어,1,0,0.0,0
2026-08-10,03_에듀코치_PC,03_학원_1/2,중2과학,1,0,0.0,0
2026-08-10,03_에듀코치_PC,03_학원_1/2,중등,1,0,0.0,0
2026-08-10,03_에듀코치_PC,03_학원_1/2,수학학원,4,0,0.0,0
2026-08-10,03_에듀코치_PC,03_학원_1/2,중학생수학학원,1,0,0.0,0
2026-08-10,03_에듀코치_PC,03_학원_1/2,영어학원,22,0,0.0,0
2026-08-10,03_에듀코치_PC,03_학원_1/2,중등과학학원,1,0,0.0,0
2026-08-10,03_에듀코치_PC,03_학원_1/2,수학학원추천,1,0,0.0,0
2026-08-10,03_에듀코치_PC,03_학원_1/2,중학생영어학원추천,1,0,0.0,0
2026-08-10,03_에듀코치_PC,03_학원_1/2,소수정예,6,0,0.0,0
2026-08-10,03_에듀코치_PC,03_학원_1/2,중등전과목,1,0,0.0,0
2026-08-10,03_에듀코치_PC,03_학원_2/2,전과목학원,2,0,0.0,0
2026-08-10,03_에듀코치_PC,03_학원_2/2,고2수학,5,0,0.0,0
2026-08-10,03_에듀코치_PC,03_학원_2/2,고3수학,1,0,0.0,0
2026-08-10,03_에듀코치_PC,03_학원_2/2,고등영어학원후기,1,0,0.0,0
2026-08-10,03_에듀코치_MO,01_시험,기말공부,1,0,0.0,0
2026-08-10,03_에듀코치_MO,01_시험,모의고사대비,1,0,0.0,0
2026-08-10,03_에듀코치_MO,01_시험,기말고사대비,1,0,0.0,0
2026-08-10,03_에듀코치_MO,01_시험,기말대비,4,0,0.0,0
2026-08-10,03_에듀코치_MO,01_시험,모의고사,1,0,0.0,0
2026-08-10,03_에듀코치_MO,01_시험,중간고사,2,0,0.0,0
2026-08-10,03_에듀코치_MO,01_시험,기말고사,4,0,0.0,0
2026-08-10,03_에듀코치_MO,01_시험,수학능력시험,11,0,0.0,0
2026-08-10,03_에듀코치_MO,01_시험,서술형,7,0,0.0,0
2026-08-10,03_에듀코치_MO,02_시험조합_1/2,수학시험대비,34,0,0.0,0
2026-08-10,03_에듀코치_MO,02_시험조합_1/2,고1시험대비,1,0,0.0,0
2026-08-10,03_에듀코치_MO,02_시험조합_1/2,고1국어공부,1,0,0.0,0
2026-08-10,03_에듀코치_MO,02_시험조합_1/2,고3국어공부,2,0,0.0,0
2026-08-10,03_에듀코치_MO,02_시험조합_1/2,고등국어공부,1,0,0.0,0
2026-08-10,03_에듀코치_MO,02_시험조합_1/2,중등수학공부,1,0,0.0,0
2026-08-10,03_에듀코치_MO,02_시험조합_1/2,예비중1수학공부,6,0,0.0,0
2026-08-10,03_에듀코치_MO,02_시험조합_1/2,영어공부,43,0,0.0,0
2026-08-10,03_에듀코치_MO,02_시험조합_1/2,중학생영어공부,13,0,0.0,0
2026-08-10,03_에듀코치_MO,02_시험조합_1/2,고등영어공부,40,0,0.0,0
2026-08-10,03_에듀코치_MO,02_시험조합_1/2,사회공부,6,0,0.0,0
2026-08-10,03_에듀코치_MO,02_시험조합_1/2,중2공부,4,0,0.0,0
2026-08-10,03_에듀코치_MO,02_시험조합_1/2,중등공부,2,0,0.0,0
2026-08-10,03_에듀코치_MO,02_시험조합_1/2,예비중1공부,5,1,749.0,0
2026-08-10,03_에듀코치_MO,02_시험조합_1/2,중학생공부,17,0,0.0,0
2026-08-10,03_에듀코치_MO,02_시험조합_1/2,예비고1국어공부법,3,0,0.0,0
2026-08-10,03_에듀코치_MO,02_시험조합_1/2,고등학생국어공부법,10,0,0.0,0
2026-08-10,03_에듀코치_MO,02_시험조합_1/2,중3영어공부법,1,0,0.0,0
2026-08-10,03_에듀코치_MO,02_시험조합_1/2,고등영어공부법,34,0,0.0,0
2026-08-10,03_에듀코치_MO,02_시험조합_1/2,고등사회공부법,1,0,0.0,0
2026-08-10,03_에듀코치_MO,02_시험조합_1/2,중등공부법,5,0,0.0,0
2026-08-10,03_에듀코치_MO,02_시험조합_1/2,예비중1공부법,6,0,0.0,0
2026-08-10,03_에듀코치_MO,02_시험조합_1/2,국어학습,19,0,0.0,0
2026-08-10,03_에듀코치_MO,02_시험조합_1/2,고등국어학습,8,0,0.0,0
2026-08-10,03_에듀코치_MO,02_시험조합_1/2,고등영어학습,1,0,0.0,0
2026-08-10,03_에듀코치_MO,02_시험조합_1/2,사회학습,1,0,0.0,0
2026-08-10,03_에듀코치_MO,02_시험조합_1/2,고등시험대비,3,0,0.0,0
2026-08-10,03_에듀코치_MO,02_시험조합_1/2,국어,4,0,0.0,0
2026-08-10,03_에듀코치_MO,02_시험조합_1/2,고2국어,56,0,0.0,0
2026-08-10,03_에듀코치_MO,02_시험조합_1/2,수학,229,0,0.0,0
2026-08-10,03_에듀코치_MO,02_시험조합_1/2,고1수학,21,1,3297.0,0
2026-08-10,03_에듀코치_MO,02_시험조합_1/2,영어,27,0,0.0,0
2026-08-10,03_에듀코치_MO,02_시험조합_1/2,고1영어,6,0,0.0,0
2026-08-10,03_에듀코치_MO,02_시험조합_1/2,예비중1과학공부,2,0,0.0,0
2026-08-10,03_에듀코치_MO,02_시험조합_1/2,예비고3공부,4,0,0.0,0
2026-08-10,03_에듀코치_MO,02_시험조합_1/2,고등수학공부,36,0,0.0,0
2026-08-10,03_에듀코치_MO,02_시험조합_1/2,예비고3수학공부,8,0,0.0,0
2026-08-10,03_에듀코치_MO,02_시험조합_1/2,고1국어내신,1,0,0.0,0
2026-08-10,03_에듀코치_MO,02_시험조합_1/2,고3국어내신,14,0,0.0,0
2026-08-10,03_에듀코치_MO,02_시험조합_1/2,고등국어내신,12,0,0.0,0
2026-08-10,03_에듀코치_MO,02_시험조합_1/2,고1수학내신,13,0,0.0,0
2026-08-10,03_에듀코치_MO,02_시험조합_1/2,고1영어내신,9,0,0.0,0
2026-08-10,03_에듀코치_MO,02_시험조합_1/2,고2영어내신,3,0,0.0,0
2026-08-10,03_에듀코치_MO,02_시험조합_1/2,고3영어내신,12,0,0.0,0
2026-08-10,03_에듀코치_MO,02_시험조합_1/2,예비고3공부법,7,0,0.0,0
2026-08-10,03_에듀코치_MO,02_시험조합_1/2,고등수학공부법,6,0,0.0,0
2026-08-10,03_에듀코치_MO,02_시험조합_1/2,국어내신대비,6,0,0.0,0
2026-08-10,03_에듀코치_MO,02_시험조합_1/2,고1국어내신대비,1,0,0.0,0
2026-08-10,03_에듀코치_MO,02_시험조합_1/2,고2국어내신대비,2,0,0.0,0
2026-08-10,03_에듀코치_MO,02_시험조합_1/2,고등국어내신대비,38,1,571.0,0
2026-08-10,03_에듀코치_MO,02_시험조합_1/2,영어내신대비,14,0,0.0,0
2026-08-10,03_에듀코치_MO,02_시험조합_1/2,고3영어내신대비,20,0,0.0,0
2026-08-10,03_에듀코치_MO,02_시험조합_1/2,고등학습,3,0,0.0,0
2026-08-10,03_에듀코치_MO,02_시험조합_1/2,국어기출,10,0,0.0,0
2026-08-10,03_에듀코치_MO,02_시험조합_1/2,고등국어기출,1,0,0.0,0
2026-08-10,03_에듀코치_MO,02_시험조합_1/2,수학기출,13,0,0.0,0
2026-08-10,03_에듀코치_MO,02_시험조합_1/2,영어기출,14,0,0.0,0
2026-08-10,03_에듀코치_MO,02_시험조합_1/2,국어시험,8,0,0.0,0
2026-08-10,03_에듀코치_MO,02_시험조합_1/2,고1국어시험,1,0,0.0,0
2026-08-10,03_에듀코치_MO,02_시험조합_1/2,고등국어시험,1,0,0.0,0
2026-08-10,03_에듀코치_MO,02_시험조합_1/2,고1수학시험,3,0,0.0,0
2026-08-10,03_에듀코치_MO,02_시험조합_1/2,영어시험,2,0,0.0,0
2026-08-10,03_에듀코치_MO,03_학원_1/2,중등수학,3,0,0.0,0
2026-08-10,03_에듀코치_MO,03_학원_1/2,중학생수학,3,0,0.0,0
2026-08-10,03_에듀코치_MO,03_학원_1/2,고등영어,1,0,0.0,0
2026-08-10,03_에듀코치_MO,03_학원_1/2,수학학원,3,0,0.0,0
2026-08-10,03_에듀코치_MO,02_시험조합_2/2,고등영어내신,5,0,0.0,0
2026-08-10,03_에듀코치_MO,02_시험조합_2/2,중2내신,1,0,0.0,0
2026-08-10,03_에듀코치_MO,02_시험조합_2/2,중3내신,1,0,0.0,0
2026-08-10,03_에듀코치_MO,02_시험조합_2/2,중학생내신,1,0,0.0,0
2026-08-10,03_에듀코치_MO,02_시험조합_2/2,고2내신,1,0,0.0,0
2026-08-10,03_에듀코치_MO,02_시험조합_2/2,고등내신,123,1,820.0,0
2026-08-10,03_에듀코치_MO,02_시험조합_2/2,고등수학내신,5,0,0.0,0
2026-08-10,03_에듀코치_MO,03_학원_2/2,예비고1학원,1,0,0.0,0
2026-08-10,03_에듀코치_MO,03_학원_2/2,고2수학,8,0,0.0,0
2026-08-10,03_에듀코치_MO,03_학원_2/2,고3수학,8,0,0.0,0
2026-08-10,03_에듀코치_MO,03_학원_2/2,종합학원,1,0,0.0,0
2026-08-10,06_초등_MO,01_자기주도학습,초등자기주도학습,1,0,0.0,0
2026-08-10,06_초등_MO,01_자기주도학습,초등공부,35,0,0.0,0
2026-08-10,06_초등_MO,01_자기주도학습,초등학습,6,0,0.0,0
2026-08-10,06_초등_MO,01_자기주도학습,초등공부습관,1,0,0.0,0
2026-08-10,06_초등_MO,03_인강/과외,초5과외,5,0,0.0,0
2026-08-10,06_초등_MO,03_인강/과외,초5수학과외,1,0,0.0,0
2026-08-10,06_초등_MO,03_인강/과외,초5수학인강,4,0,0.0,0
2026-08-10,06_초등_MO,03_인강/과외,초5영어인강,3,0,0.0,0
2026-08-10,06_초등_PC,03_인강/과외,초등공부방,4,0,0.0,0
2026-08-10,06_초등_PC,03_인강/과외,초등영어과외,9,0,0.0,0
2026-08-10,06_초등_PC,03_인강/과외,초등수학인강,1,0,0.0,0
2026-08-10,06_초등_PC,03_인강/과외,초등영어인강,24,0,0.0,0
2026-08-10,06_초등_PC,03_인강/과외,초등학생과외,16,0,0.0,0
2026-08-10,06_초등_PC,01_자기주도학습,초등자기주도학습,3,0,0.0,0
2026-08-10,06_초등_PC,01_자기주도학습,초등학습,6,0,0.0,0
2026-08-10,06_초등_PC,01_자기주도학습,초등수행평가,1,0,0.0,0
2026-08-10,06_초등_PC,01_자기주도학습,초등학교수행평가,1,0,0.0,0
2026-08-10,08_중등_MO,01_자기주도학습,중등공부,1,0,0.0,0
2026-08-10,08_중등_MO,01_자기주도학습,중등학습,1,0,0.0,0
2026-08-10,08_중등_MO,01_자기주도학습,자사고자기주도학습,2,0,0.0,0
2026-08-10,08_중등_MO,01_자기주도학습,중학교자기주도학습,13,0,0.0,0
2026-08-10,08_중등_MO,01_자기주도학습,중학교공부,4,0,0.0,0
2026-08-10,08_중등_MO,01_자기주도학습,중등공부습관,1,0,0.0,0
2026-08-10,08_중등_MO,01_자기주도학습,중학생학습습관,1,0,0.0,0
2026-08-10,08_중등_MO,02_학원,중3학원,2,0,0.0,0
2026-08-10,08_중등_MO,02_학원,중3영어,6,0,0.0,0
2026-08-10,08_중등_MO,02_학원,중등학원,1,0,0.0,0
2026-08-10,08_중등_MO,02_학원,중등전문학원,1,0,0.0,0
2026-08-10,08_중등_MO,02_학원,중등수학학원,29,0,0.0,0
2026-08-10,08_중등_MO,02_학원,중등국어학원,11,0,0.0,0
2026-08-10,08_중등_MO,02_학원,중등과학학원,5,0,0.0,0
2026-08-10,08_중등_MO,02_학원,중학교영어학원,1,0,0.0,0
2026-08-10,08_중등_MO,02_학원,중학교국어학원,1,0,0.0,0
2026-08-10,08_중등_MO,02_학원,중1학원,1,0,0.0,0
2026-08-10,08_중등_MO,02_학원,중1수학학원,1,0,0.0,0
2026-08-10,08_중등_MO,02_학원,중학생학원,9,0,0.0,0
2026-08-10,08_중등_MO,02_학원,중학생영어학원추천,3,0,0.0,0
2026-08-10,08_중등_MO,02_학원,중학생수학,7,0,0.0,0
2026-08-10,08_중등_MO,02_학원,중2영어,2,0,0.0,0
2026-08-10,08_중등_MO,04_중학교 내신,중학교내신,1603,6,5602.0,0
2026-08-10,08_중등_MO,04_중학교 내신,중학교수행평가,3,0,0.0,0
2026-08-10,08_중등_PC,01_자기주도학습,중등공부,4,0,0.0,0
2026-08-10,08_중등_PC,01_자기주도학습,중등학습,1,0,0.0,0
2026-08-10,08_중등_PC,01_자기주도학습,중학교자기주도학습,3,0,0.0,0
2026-08-10,08_중등_PC,02_학원,중3영어,1,0,0.0,0
2026-08-10,08_중등_PC,02_학원,중등영어,3,0,0.0,0
2026-08-10,08_중등_PC,02_학원,중등수학학원,20,0,0.0,0
2026-08-10,08_중등_PC,02_학원,중등영어학원,126,0,0.0,0
2026-08-10,08_중등_PC,02_학원,중학교영어학원,9,0,0.0,0
2026-08-10,08_중등_PC,02_학원,중학생수학학원,1,0,0.0,0
2026-08-10,08_중등_PC,02_학원,중학생영어학원,14,0,0.0,0
2026-08-10,08_중등_PC,02_학원,중2수학,1,0,0.0,0
2026-08-10,08_중등_PC,02_학원,중2영어,1,0,0.0,0
2026-08-10,08_중등_PC,02_학원,중2수학학원,1,0,0.0,0
2026-08-10,08_중등_PC,02_학원,종합학원,9,0,0.0,0
2026-08-10,08_중등_PC,03_인강/과외,중3영어과외,9,0,0.0,0
2026-08-10,08_중등_PC,03_인강/과외,중3국어인강,1,0,0.0,0
2026-08-10,08_중등_PC,03_인강/과외,중등공부방,1,0,0.0,0
2026-08-10,08_중등_PC,03_인강/과외,중등과학과외,3,0,0.0,0
2026-08-10,08_중등_PC,03_인강/과외,중등인강,18,0,0.0,0
2026-08-10,08_중등_PC,03_인강/과외,중등수학인강,5,0,0.0,0
2026-08-10,08_중등_PC,03_인강/과외,중등국어인강,74,0,0.0,0
2026-08-10,08_중등_PC,03_인강/과외,중학생공부방,1,0,0.0,0
2026-08-10,08_중등_PC,03_인강/과외,중학생과외,1,0,0.0,0
2026-08-10,08_중등_PC,03_인강/과외,중학생수학과외,1,0,0.0,0
2026-08-10,08_중등_PC,03_인강/과외,중학생영어과외,52,0,0.0,0
2026-08-10,08_중등_PC,03_인강/과외,중학생국어과외,2,0,0.0,0
2026-08-10,08_중등_PC,03_인강/과외,중학생인강,7,0,0.0,0
2026-08-10,08_중등_PC,03_인강/과외,중학생수학인강,4,0,0.0,0
2026-08-10,08_중등_PC,03_인강/과외,중학교과외,9,0,0.0,0
2026-08-10,08_중등_PC,03_인강/과외,중학교수학과외,1,0,0.0,0
2026-08-10,08_중등_PC,03_인강/과외,중학교인강,17,0,0.0,0
2026-08-10,08_중등_PC,03_인강/과외,중학교수학인강,1,0,0.0,0
2026-08-10,08_중등_PC,03_인강/과외,중학교영어인강,1,0,0.0,0
2026-08-10,08_중등_PC,03_인강/과외,중1수학과외,1,0,0.0,0
2026-08-10,08_중등_PC,03_인강/과외,중1수학인강,2,0,0.0,0
2026-08-10,08_중등_PC,03_인강/과외,중2과외,1,0,0.0,0
2026-08-10,08_중등_PC,03_인강/과외,중2국어인강,1,0,0.0,0
2026-08-10,08_중등_PC,03_인강/과외,중2영어인강,1,0,0.0,0
2026-08-10,08_중등_PC,03_인강/과외,중등온라인학습,28,0,0.0,0
2026-08-10,08_중등_PC,03_인강/과외,중학교온라인수업,1,0,0.0,0
2026-08-10,08_중등_PC,03_인강/과외,중학교온라인학습,1,0,0.0,0
2026-08-10,08_중등_PC,03_인강/과외,중학교홈스쿨링,2,0,0.0,0
2026-08-10,08_중등_PC,04_중학교 내신,중학교내신,399,1,2886.0,0
2026-08-10,16_특정 키워드,02_참고서키워드,개념원리수학,10,0,0.0,0
2026-08-10,16_특정 키워드,02_참고서키워드,수학문제집추천,2,0,0.0,0
2026-08-10,16_특정 키워드,02_참고서키워드,한국사문제집,9,0,0.0,0
2026-08-10,16_특정 키워드,02_참고서키워드,개념원리인강,2,0,0.0,0
2026-08-10,16_특정 키워드,02_참고서키워드,개념원리수1,2,0,0.0,0
2026-08-10,16_특정 키워드,02_참고서키워드,개념원리수2,2,0,0.0,0
2026-08-10,16_특정 키워드,02_참고서키워드,개념유형,3,0,0.0,0
2026-08-10,16_특정 키워드,02_참고서키워드,개념원리확통,1,0,0.0,0
2026-08-10,16_특정 키워드,02_참고서키워드,미래엔교과서구입,57,1,113.0,0
2026-08-10,16_특정 키워드,02_참고서키워드,개념원리수학2,2,0,0.0,0
2026-08-10,16_특정 키워드,02_참고서키워드,개념원리미적분,7,0,0.0,0
2026-08-10,16_특정 키워드,02_참고서키워드,EBS초등수학,15,0,0.0,0
2026-08-10,16_특정 키워드,02_참고서키워드,수학의정석,26,0,0.0,0
2026-08-10,16_특정 키워드,02_참고서키워드,완자화학1,1,0,0.0,0
2026-08-10,16_특정 키워드,02_참고서키워드,기적의영어리딩,4,0,0.0,0
2026-08-10,16_특정 키워드,02_참고서키워드,미래엔수학,91,1,88.0,0
2026-08-10,16_특정 키워드,02_참고서키워드,자습서,2,0,0.0,0
2026-08-10,16_특정 키워드,03_이슈키워드,티쳐스후기,1,0,0.0,0
2026-08-10,16_특정 키워드,04_유리스마,웩슬러검사,35,0,0.0,0
2026-08-10,16_특정 키워드,04_유리스마,지능검사,32,0,0.0,0
2026-08-10,16_특정 키워드,04_유리스마,유리스마,7,0,0.0,0
2026-08-10,16_특정 키워드,미미미누 콜라보,미3누,3,0,0.0,0
2026-08-10,16_특정 키워드,미미미누 콜라보,VLT,31,0,0.0,0
2026-08-10,16_특정 키워드,미미미누 콜라보,에듀플렉스후기,46,1,141.0,0
2026-08-10,11_예비고1_MO,예비고1+자기주도학습,예비고1공부코디네이터,2,0,0.0,0
2026-08-10,11_예비고1_MO,예비고1+관리/준비,예비고1공부,62,0,0.0,0
2026-08-10,11_예비고1_MO,예비고1+관리/준비,고등진학상담,3,0,0.0,0
2026-08-10,11_예비고1_MO,예비고1+학원/과외,예비고1학원,64,0,0.0,0
2026-08-10,11_예비고1_MO,예비고1+학원/과외,예비고1영어과외,58,0,0.0,0
2026-08-10,11_예비고1_MO,예비고1+학원/과외,예비고1영어학원,27,0,0.0,0
2026-08-10,11_예비고1_MO,예비고1+학원/과외,예비고1국어학원,15,0,0.0,0
2026-08-10,11_예비고1_PC,예비고1+관리/준비,예비고1준비,25,0,0.0,0
2026-08-10,11_예비고1_PC,예비고1+자기주도학습,예비고1독서실추천,1,0,0.0,0
2026-08-10,11_예비고1_PC,예비고1+자기주도학습,예비고1독서실,2,0,0.0,0
2026-08-10,11_예비고1_PC,예비고1+학원/과외,예비고1과외,2,0,0.0,0
2026-08-10,11_예비고1_PC,예비고1+학원/과외,예비고1수학과외,14,0,0.0,0
2026-08-10,11_예비고1_PC,예비고1+학원/과외,예비고1국어학원,6,0,0.0,0
2026-08-10,11_예비고1_PC,예비고1+학원/과외,예비고1인강,1,0,0.0,0
2026-08-10,12_예비중1_MO,2. 예비중1+자기주도학습,예비중1독서실,2,0,0.0,0
2026-08-10,12_예비중1_MO,3. 예비중1+학원/과외,예비중1수학학원,4,0,0.0,0
2026-08-10,12_예비중1_MO,3. 예비중1+학원/과외,예비중1종합학원,8,0,0.0,0
2026-08-10,12_예비중1_MO,3. 예비중1+학원/과외,예비중1학원,18,0,0.0,0
2026-08-10,12_예비중1_PC,예비중1+학원/과외,예비중1수학과외,19,0,0.0,0
2026-08-10,12_예비중1_PC,예비중1+학원/과외,예비중1영어과외,61,0,0.0,0
2026-08-10,12_예비중1_PC,예비중1+학원/과외,예비중1영어학원,3,0,0.0,0
2026-08-10,12_예비중1_PC,예비중1+학원/과외,예비중1인강,7,0,0.0,0
2026-08-10,12_예비중1_PC,예비중1+학원/과외,예비중1특강,4,0,0.0,0
2026-08-10,12_예비중1_PC,예비중1+학원/과외,예비중1학원,1,0,0.0,0
2026-08-10,10_고등_MO,01_자기주도학습,고3공부,1,0,0.0,0
2026-08-10,10_고등_MO,01_자기주도학습,고등학생자기주도학습,1,0,0.0,0
2026-08-10,10_고등_MO,01_자기주도학습,고등공부,1,0,0.0,0
2026-08-10,10_고등_MO,02_학원,고등국어학원,5,0,0.0,0
2026-08-10,10_고등_MO,02_학원,고등수학,16,0,0.0,0
2026-08-10,10_고등_MO,02_학원,고등영어,10,0,0.0,0
2026-08-10,10_고등_MO,02_학원,고등영어전문학원,2,0,0.0,0
2026-08-10,10_고등_MO,02_학원,고등영어학원,22,0,0.0,0
2026-08-10,10_고등_MO,02_학원,고등영어학원추천,5,0,0.0,0
2026-08-10,10_고등_MO,02_학원,고등학교영어,3,0,0.0,0
2026-08-10,10_고등_MO,02_학원,고등학생수학,4,0,0.0,0
2026-08-10,10_고등_MO,02_학원,고등학생영어,1,0,0.0,0
2026-08-10,10_고등_MO,02_학원,고등학생영어학원,1,0,0.0,0
2026-08-10,10_고등_MO,02_학원,고1영어,1,0,0.0,0
2026-08-10,10_고등_MO,02_학원,고1영어학원,1,0,0.0,0
2026-08-10,10_고등_MO,02_학원,고2영어,2,0,0.0,0
2026-08-10,10_고등_MO,02_학원,고3영어,1,0,0.0,0
2026-08-10,10_고등_MO,03_인강과외,고등국어,3,0,0.0,0
2026-08-10,10_고등_MO,03_인강과외,고등수학학원,30,1,3743.0,0
2026-08-10,10_고등_MO,03_인강과외,고등과외,4,0,0.0,0
2026-08-10,10_고등_MO,03_인강과외,고등국어과외,1,0,0.0,0
2026-08-10,10_고등_MO,03_인강과외,고등수학과외,7,0,0.0,0
2026-08-10,10_고등_MO,03_인강과외,고등수학인강,7,2,5965.0,0
2026-08-10,10_고등_MO,03_인강과외,고등영어과외,3,0,0.0,0
2026-08-10,10_고등_MO,03_인강과외,고등영어인강,5,0,0.0,0
2026-08-10,10_고등_MO,03_인강과외,고등인강,3,0,0.0,0
2026-08-10,10_고등_MO,03_인강과외,고등학생수학학원,1,0,0.0,0
2026-08-10,10_고등_MO,03_인강과외,고등학생수학과외,1,0,0.0,0
2026-08-10,10_고등_MO,03_인강과외,고등학생인강,3,0,0.0,0
2026-08-10,10_고등_MO,03_인강과외,고등학교내신,1,0,0.0,0
2026-08-10,10_고등_MO,03_인강과외,고등학교수학,6,0,0.0,0
2026-08-10,10_고등_MO,03_인강과외,고등학교국어,2,0,0.0,0
2026-08-10,10_고등_MO,03_인강과외,고등학교인강,1,0,0.0,0
2026-08-10,10_고등_MO,03_인강과외,고1과학,2,0,0.0,0
2026-08-10,10_고등_MO,03_인강과외,고1수학과외,1,0,0.0,0
2026-08-10,10_고등_MO,03_인강과외,고1수학인강,1,0,0.0,0
2026-08-10,10_고등_MO,03_인강과외,고2수학,2,0,0.0,0
2026-08-10,10_고등_MO,03_인강과외,고2국어,4,0,0.0,0
2026-08-10,10_고등_MO,03_인강과외,고3국어,4,0,0.0,0
2026-08-10,10_고등_MO,03_인강과외,고3국어과외,4,1,9069.0,0
2026-08-10,10_고등_MO,03_인강과외,고3영어과외,1,0,0.0,0
2026-08-10,10_고등_MO,03_인강과외,고등인강추천,2,0,0.0,0
2026-08-10,10_고등_MO,04_입시,대입학원,3,0,0.0,0
2026-08-10,10_고등_MO,04_입시,대학교입시,2,0,0.0,0
2026-08-10,10_고등_MO,04_입시,입시학원,1,0,0.0,0
2026-08-10,10_고등_MO,04_입시,대입상담,2,0,0.0,0
2026-08-10,10_고등_MO,04_입시,고교설명회,1,0,0.0,0
2026-08-10,10_고등_MO,04_입시,고교입시설명회,3,0,0.0,0
2026-08-10,10_고등_MO,04_입시,고교입학설명회,5,0,0.0,0
2026-08-10,10_고등_MO,04_입시,수능,523,0,0.0,0
2026-08-10,10_고등_MO,04_입시,모의고사,1,0,0.0,0
2026-08-10,10_고등_MO,04_입시,평가원모의고사,2,0,0.0,0
2026-08-10,10_고등_PC,01_자기주도학습,고등학생멘토링,4,0,0.0,0
2026-08-10,10_고등_PC,01_자기주도학습,고등공부,14,0,0.0,0
2026-08-10,10_고등_PC,01_자기주도학습,고등학습코칭,4,1,110.0,0
2026-08-10,10_고등_PC,02_학원,고등과학학원,2,0,0.0,0
2026-08-10,10_고등_PC,02_학원,고등수학,16,0,0.0,0
2026-08-10,10_고등_PC,02_학원,고등영어학원,268,0,0.0,0
2026-08-10,10_고등_PC,02_학원,고등종합학원,2,0,0.0,0
2026-08-10,10_고등_PC,02_학원,고등학생수학학원,3,0,0.0,0
2026-08-10,10_고등_PC,02_학원,고2수학학원,13,0,0.0,0
2026-08-10,10_고등_PC,02_학원,고2영어학원,1,0,0.0,0
2026-08-10,10_고등_PC,02_학원,고3영어학원,3,0,0.0,0
2026-08-10,10_고등_PC,02_학원,종합학원,7,0,0.0,0
2026-08-10,10_고등_PC,03_인강과외,대입시험,1,0,0.0,0
2026-08-10,10_고등_PC,03_인강과외,고등국어,12,0,0.0,0
2026-08-10,10_고등_PC,03_인강과외,고등국어학원,2,0,0.0,0
2026-08-10,10_고등_PC,03_인강과외,고등과학과외,1,0,0.0,0
2026-08-10,10_고등_PC,03_인강과외,고등국어과외,2,0,0.0,0
2026-08-10,10_고등_PC,03_인강과외,고등국어인강,10,0,0.0,0
2026-08-10,10_고등_PC,03_인강과외,고등수학과외,1,0,0.0,0
2026-08-10,10_고등_PC,03_인강과외,고등수학인강,3,0,0.0,0
2026-08-10,10_고등_PC,03_인강과외,고등학생과외,2,0,0.0,0
2026-08-10,10_고등_PC,03_인강과외,고등학생영어과외,8,0,0.0,0
2026-08-10,10_고등_PC,03_인강과외,고등학생인강,3,0,0.0,0
2026-08-10,10_고등_PC,03_인강과외,고등학교영어,5,0,0.0,0
2026-08-10,10_고등_PC,03_인강과외,고등학교인강,83,1,1642.0,0
2026-08-10,10_고등_PC,03_인강과외,고1국어,1,0,0.0,0
2026-08-10,10_고등_PC,03_인강과외,고1중간고사,1,0,0.0,0
2026-08-10,10_고등_PC,03_인강과외,고1국어인강,8,0,0.0,0
2026-08-10,10_고등_PC,03_인강과외,고1영어과외,12,0,0.0,0
2026-08-10,10_고등_PC,03_인강과외,고1인강,1,0,0.0,0
2026-08-10,10_고등_PC,03_인강과외,고2국어,11,0,0.0,0
2026-08-10,10_고등_PC,03_인강과외,고2중간,1,0,0.0,0
2026-08-10,10_고등_PC,03_인강과외,고2과외,1,0,0.0,0
2026-08-10,10_고등_PC,03_인강과외,고2국어인강,9,0,0.0,0
2026-08-10,10_고등_PC,03_인강과외,고3국어과외,1,0,0.0,0
2026-08-10,10_고등_PC,03_인강과외,고3수학과외,1,0,0.0,0
2026-08-10,10_고등_PC,04_입시,대입입시컨설팅,3,0,0.0,0
2026-08-10,10_고등_PC,04_입시,대입학원,7,0,0.0,0
2026-08-10,10_고등_PC,04_입시,대입면접,7,0,0.0,0
2026-08-10,10_고등_PC,04_입시,대학교상담,8,0,0.0,0
2026-08-10,10_고등_PC,04_입시,대학교입시,22,0,0.0,0
2026-08-10,10_고등_PC,04_입시,대학교입시컨설팅,3,0,0.0,0
2026-08-10,10_고등_PC,04_입시,대학교면접,5,0,0.0,0
2026-08-10,10_고등_PC,04_입시,입시학원,5,0,0.0,0
2026-08-10,10_고등_PC,04_입시,입시컨설팅학원,3,0,0.0,0
2026-08-10,10_고등_PC,04_입시,면접학원,18,0,0.0,0
2026-08-10,10_고등_PC,04_입시,대입상담,8,0,0.0,0
2026-08-10,10_고등_PC,04_입시,예비고1설명회,16,0,0.0,0
2026-08-10,10_고등_PC,04_입시,내신등급계산,1,0,0.0,0
2026-08-10,10_고등_PC,04_입시,수학능력시험,117,0,0.0,0
2026-08-10,10_고등_PC,04_입시,모의고사,1,0,0.0,0
2026-08-10,10_고등_PC,04_입시,수능공부,12,0,0.0,0
2026-08-10,10_고등_PC,05_고등 내신,고등학교내신,241,1,763.0,0
2026-08-10,B_브랜드검색,05_PC_브랜드검색(신규),애듀플렉스,1,0,0.0,0
2026-08-10,B_브랜드검색,05_PC_브랜드검색(신규),에듀플랙스,1,1,0.0,0
2026-08-10,B_브랜드검색,05_PC_브랜드검색(신규),에듀플렉스,87,17,0.0,0
2026-08-10,B_브랜드검색,05_MO_브랜드검색(신규),EDUPLEX,2,0,0.0,0
2026-08-10,B_브랜드검색,05_MO_브랜드검색(신규),애듀플랙스,2,0,0.0,0
2026-08-10,B_브랜드검색,05_MO_브랜드검색(신규),애듀플렉스,8,0,0.0,0
2026-08-10,B_브랜드검색,05_MO_브랜드검색(신규),에듀플랙스,10,0,0.0,0
2026-08-10,B_브랜드검색,05_MO_브랜드검색(신규),에듀플렉스,456,42,0.0,0
2026-08-11,02-1_FC,O_002_개금,개금동영어학원,1,0,0.0,0
2026-08-11,02-1_FC,O_002_개금,개금동영어과외,2,0,0.0,0
2026-08-11,02-1_FC,O_003_계산,계양구학원,1,0,0.0,0
2026-08-11,02-1_FC,O_003_계산,계양구국어학원,16,0,0.0,0
2026-08-11,02-1_FC,O_003_계산,계양구수학학원,4,0,0.0,0
2026-08-11,02-1_FC,O_006_공덕2,대흥역수학학원,3,0,0.0,0
2026-08-11,02-1_FC,O_006_공덕2,염리동수학학원,3,0,0.0,0
2026-08-11,02-1_FC,O_008_광교,광교수학학원,3,0,0.0,0
2026-08-11,02-1_FC,O_010_교동,강릉과외,3,0,0.0,0
2026-08-11,02-1_FC,O_010_교동,강릉수학학원추천,2,0,0.0,0
2026-08-11,02-1_FC,O_011_구서,구서동영어학원,94,0,0.0,0
2026-08-11,02-1_FC,O_011_구서,구서동중등영어학원,1,0,0.0,0
2026-08-11,02-1_FC,O_011_구서,구서동영어,3,0,0.0,0
2026-08-11,02-1_FC,O_012_구월,구월동수학학원,3,0,0.0,0
2026-08-11,02-1_FC,O_012_구월,구월동영수학원,1,0,0.0,0
2026-08-11,02-1_FC,O_014_금오,의정부학원,1,0,0.0,0
2026-08-11,02-1_FC,O_014_금오,의정부영어학원,1,0,0.0,0
2026-08-11,02-1_FC,O_014_금오,의정부수학학원,2,0,0.0,0
2026-08-11,02-1_FC,O_014_금오,의정부독서실,2,0,0.0,0
2026-08-11,02-1_FC,O_014_금오,의정부고등영어학원,2,0,0.0,0
2026-08-11,02-1_FC,O_014_금오,신곡동학원,1,0,0.0,0
2026-08-11,02-1_FC,O_014_금오,금오동중등수학학원,2,0,0.0,0
2026-08-11,02-1_FC,O_017_내외,내동영어학원,1,0,0.0,0
2026-08-11,02-1_FC,O_017_내외,김해학원,1,0,0.0,0
2026-08-11,02-1_FC,O_022_당산,당산독서실,1,0,0.0,0
2026-08-11,02-1_FC,O_022_당산,당산영어,1,0,0.0,0
2026-08-11,02-1_FC,O_023_대방_1/3,대방동학원,1,0,0.0,0
2026-08-11,02-1_FC,O_023_대방_1/3,에듀플렉스대방,1,0,0.0,0
2026-08-11,02-1_FC,O_023_대방_1/3,대방동국어학원,1,0,0.0,0
2026-08-11,02-1_FC,O_023_대방_1/3,대방동수학학원,1,0,0.0,0
2026-08-11,02-1_FC,O_023_대방_1/3,상남동수학학원,2,0,0.0,0
2026-08-11,02-1_FC,O_023_대방_1/3,상남동영어학원,1,0,0.0,0
2026-08-11,02-1_FC,O_023_대방_1/3,상남동학원,2,0,0.0,0
2026-08-11,02-1_FC,O_029_동춘,동춘동국어학원,31,0,0.0,0
2026-08-11,02-1_FC,O_029_동춘,동춘동영어학원,29,0,0.0,0
2026-08-11,02-1_FC,O_029_동춘,동춘동수학학원,20,0,0.0,0
2026-08-11,02-1_FC,O_029_동춘,동춘동고등영어학원,1,0,0.0,0
2026-08-11,02-1_FC,O_029_동춘,연수구과외,1,0,0.0,0
2026-08-11,02-1_FC,O_029_동춘,연수구수학과외,1,0,0.0,0
2026-08-11,02-1_FC,O_034_만수,서창영어학원,7,0,0.0,0
2026-08-11,02-1_FC,"O_037_명일, 고덕 ",명일동중등수학학원,16,0,0.0,0
2026-08-11,02-1_FC,"O_037_명일, 고덕 ",강동구국어과외,2,0,0.0,0
2026-08-11,02-1_FC,"O_037_명일, 고덕 ",고덕동수학과외,2,0,0.0,0
2026-08-11,02-1_FC,O_038_명지,명지수학학원,1,0,0.0,0
2026-08-11,02-1_FC,O_038_명지,명지동수학과외,1,0,0.0,0
2026-08-11,02-1_FC,O_050_범어,만촌동학원,1,0,0.0,0
2026-08-11,02-1_FC,O_050_범어,수성구학원,1,0,0.0,0
2026-08-11,02-1_FC,O_050_범어,수성구중등수학학원,1,0,0.0,0
2026-08-11,02-1_FC,O_050_범어,수성구윈터스쿨,2,0,0.0,0
2026-08-11,02-1_FC,O_052_봉곡,구미과외,1,0,0.0,0
2026-08-11,02-1_FC,O_052_봉곡,구미영어과외,10,0,0.0,0
2026-08-11,02-1_FC,O_053_봉선,봉선동영어학원,6,0,0.0,0
2026-08-11,02-1_FC,O_053_봉선,봉선동수학학원,14,0,0.0,0
2026-08-11,02-1_FC,O_056_부평,부평영어학원,1,0,0.0,0
2026-08-11,02-1_FC,O_056_부평,부평초등영어학원,1,0,0.0,0
2026-08-11,02-1_FC,O_056_부평,부평동고등수학학원,1,0,0.0,0
2026-08-11,02-1_FC,O_056_부평,부평수학과외,6,0,0.0,0
2026-08-11,02-1_FC,O_056_부평,부평영어과외,2,0,0.0,0
2026-08-11,02-1_FC,O_066_사하1,괴정동학원,1,0,0.0,0
2026-08-11,02-1_FC,O_070_상동,부천상동영어학원,2,0,0.0,0
2026-08-11,02-1_FC,O_070_상동,부천상동수학학원,8,0,0.0,0
2026-08-11,02-1_FC,O_070_상동,상동영어학원,27,0,0.0,0
2026-08-11,02-1_FC,O_070_상동,상동수학학원,5,0,0.0,0
2026-08-11,02-1_FC,O_070_상동,상동수학,3,0,0.0,0
2026-08-11,02-1_FC,O_070_상동,상동역국어학원,1,0,0.0,0
2026-08-11,02-1_FC,O_070_상동,부천과외,1,0,0.0,0
2026-08-11,02-1_FC,O_070_상동,부천중등수학학원,1,0,0.0,0
2026-08-11,02-1_FC,O_070_상동,부천영어과외,8,0,0.0,0
2026-08-11,02-1_FC,O_070_상동,상동영어과외,2,0,0.0,0
2026-08-11,02-1_FC,O_076_서초2,서초동수학학원,1,0,0.0,0
2026-08-11,02-1_FC,O_078_센텀,센텀학원,6,0,0.0,0
2026-08-11,02-1_FC,O_078_센텀,센텀영어학원,2,0,0.0,0
2026-08-11,02-1_FC,O_078_센텀,센텀수학학원,19,0,0.0,0
2026-08-11,02-1_FC,O_078_센텀,센텀고등수학학원,2,0,0.0,0
2026-08-11,02-1_FC,O_078_센텀,재송동수학과외,1,0,0.0,0
2026-08-11,02-1_FC,O_079_송도,송도영어학원,13,0,0.0,0
2026-08-11,02-1_FC,O_079_송도,송도수학학원,10,0,0.0,0
2026-08-11,02-1_FC,O_079_송도,송도독서실,1,0,0.0,0
2026-08-11,02-1_FC,O_079_송도,송도과외,7,1,2817.0,0
2026-08-11,02-1_FC,O_079_송도,송도영어,38,0,0.0,0
2026-08-11,02-1_FC,O_079_송도,송도수학,5,0,0.0,0
2026-08-11,02-1_FC,O_079_송도,송도동수학학원추천,2,0,0.0,0
2026-08-11,02-1_FC,O_079_송도,송도수학과외,13,0,0.0,0
2026-08-11,02-1_FC,O_079_송도,송도영어과외,1,0,0.0,0
2026-08-11,02-1_FC,O_079_송도,송도학습코칭,2,0,0.0,0
2026-08-11,02-1_FC,O_079_송도,송도방학특강,1,0,0.0,0
2026-08-11,02-1_FC,O_079_송도,송도윈터스쿨,9,0,0.0,0
2026-08-11,02-1_FC,O_083_수지,용인독서실,1,0,0.0,0
2026-08-11,02-1_FC,O_083_수지,용인과외,1,0,0.0,0
2026-08-11,02-1_FC,O_083_수지,용인수학,1,0,0.0,0
2026-08-11,02-1_FC,O_083_수지,수지수학학원,9,0,0.0,0
2026-08-11,02-1_FC,O_083_수지,풍덕천동영어,1,0,0.0,0
2026-08-11,02-1_FC,O_083_수지,수지구청역학원,2,0,0.0,0
2026-08-11,02-1_FC,O_083_수지,수지구청영어학원추천,1,0,0.0,0
2026-08-11,02-1_FC,O_084_수택,수택동수학학원,1,0,0.0,0
2026-08-11,02-1_FC,O_084_수택,구리중등영어학원,1,0,0.0,0
2026-08-11,02-1_FC,O_084_수택,구리수학과외,1,0,0.0,0
2026-08-11,02-1_FC,O_084_수택,구리영어과외,10,0,0.0,0
2026-08-11,02-1_FC,O_084_수택,다산신도시수학과외,1,0,0.0,0
2026-08-11,02-1_FC,O_091_양산,양산고등수학학원,2,0,0.0,0
2026-08-11,02-1_FC,O_091_양산,양산수학학원,7,0,0.0,0
2026-08-11,02-1_FC,O_091_양산,양산초등수학학원,1,0,0.0,0
2026-08-11,02-1_FC,O_091_양산,양산과외,3,0,0.0,0
2026-08-11,02-1_FC,O_091_양산,양산고등학원,1,0,0.0,0
2026-08-11,02-1_FC,O_091_양산,양산수학과외,1,0,0.0,0
2026-08-11,02-1_FC,O_102_월성,월성동영어학원,8,0,0.0,0
2026-08-11,02-1_FC,O_102_월성,월성동수학학원,4,0,0.0,0
2026-08-11,02-1_FC,O_102_월성,월성동초등영어학원,1,0,0.0,0
2026-08-11,02-1_FC,O_104_위례,위례국어학원,3,0,0.0,0
2026-08-11,02-1_FC,O_104_위례,위례초등수학학원,1,0,0.0,0
2026-08-11,02-1_FC,O_104_위례,위례중등영어학원,2,0,0.0,0
2026-08-11,02-1_FC,O_104_위례,위례수학,1,0,0.0,0
2026-08-11,02-1_FC,O_104_위례,창곡동영어학원,1,0,0.0,0
2026-08-11,02-1_FC,O_105_율하,율하영어학원,10,0,0.0,0
2026-08-11,02-1_FC,O_105_율하,율하수학학원,1,0,0.0,0
2026-08-11,02-1_FC,O_105_율하,율하과외,1,0,0.0,0
2026-08-11,02-1_FC,O_105_율하,김해독서실,1,0,0.0,0
2026-08-11,02-1_FC,O_107_인천삼산,삼산동수학학원,6,0,0.0,0
2026-08-11,02-1_FC,O_110_장기,김포영어학원,1,0,0.0,0
2026-08-11,02-1_FC,O_110_장기,김포수학학원,1,0,0.0,0
2026-08-11,02-1_FC,O_110_장기,김포과외,1,0,0.0,0
2026-08-11,02-1_FC,O_110_장기,장기동수학학원,2,0,0.0,0
2026-08-11,02-1_FC,O_110_장기,장기동영어학원,13,0,0.0,0
2026-08-11,02-1_FC,O_110_장기,장기동과외,1,0,0.0,0
2026-08-11,02-1_FC,O_110_장기,장기동고등수학학원,1,0,0.0,0
2026-08-11,02-1_FC,O_110_장기,장기동수학과외,1,0,0.0,0
2026-08-11,02-1_FC,O_110_장기,장기동영어과외,1,0,0.0,0
2026-08-11,02-1_FC,O_110_장기,장기동윈터스쿨,1,0,0.0,0
2026-08-11,02-1_FC,O_114_제주이도,제주도수학학원,3,0,0.0,0
2026-08-11,02-1_FC,O_114_제주이도,제주시자기주도학습,1,0,0.0,0
2026-08-11,02-1_FC,O_114_제주이도,제주자기주도학습센터,5,0,0.0,0
2026-08-11,02-1_FC,O_120_진월,금호동학원,2,0,0.0,0
2026-08-11,02-1_FC,O_123_철산,철산동수학학원,1,0,0.0,0
2026-08-11,02-1_FC,O_125_청라,청라독서실,1,0,0.0,0
2026-08-11,02-1_FC,O_125_청라,청라수학,7,0,0.0,0
2026-08-11,02-1_FC,O_125_청라,청라수학학원,2,0,0.0,0
2026-08-11,02-1_FC,O_125_청라,청라영어,2,0,0.0,0
2026-08-11,02-1_FC,O_125_청라,청라영어학원,5,0,0.0,0
2026-08-11,02-1_FC,O_125_청라,청라초등수학학원,1,0,0.0,0
2026-08-11,02-1_FC,O_125_청라,청라공부방,2,0,0.0,0
2026-08-11,02-1_FC,O_127_침산,침산동학원,1,0,0.0,0
2026-08-11,02-1_FC,O_127_침산,침산동국어학원,9,0,0.0,0
2026-08-11,02-1_FC,O_127_침산,침산동영어학원,15,0,0.0,0
2026-08-11,02-1_FC,O_127_침산,침산동수학학원,12,0,0.0,0
2026-08-11,02-1_FC,O_127_침산,침산동초등영어학원,2,0,0.0,0
2026-08-11,02-1_FC,O_127_침산,침산동국어,4,0,0.0,0
2026-08-11,02-1_FC,O_127_침산,침산동수학,2,0,0.0,0
2026-08-11,02-1_FC,O_138_황금,지산동수학학원,1,0,0.0,0
2026-08-11,02-1_FC,O_138_황금,지산동영어학원,2,0,0.0,0
2026-08-11,02-1_FC,O_016_남천,남천동영어학원,8,0,0.0,0
2026-08-11,02-1_FC,O_016_남천,남천동수학학원,2,0,0.0,0
2026-08-11,02-1_FC,O_016_남천,수영구학원,1,0,0.0,0
2026-08-11,02-1_FC,O_016_남천,남천동과외,1,0,0.0,0
2026-08-11,02-1_FC,O_101_운정,파주운정초등수학학원,1,0,0.0,0
2026-08-11,02-1_FC,O_101_운정,운정학원,2,0,0.0,0
2026-08-11,02-1_FC,O_101_운정,운정국어학원,4,0,0.0,0
2026-08-11,02-1_FC,O_101_운정,운정영어학원,1,0,0.0,0
2026-08-11,02-1_FC,O_101_운정,운정수학학원,11,0,0.0,0
2026-08-11,02-1_FC,O_101_운정,운정영어학원추천,1,0,0.0,0
2026-08-11,02-1_FC,O_101_운정,운정초등영어학원,1,0,0.0,0
2026-08-11,02-1_FC,O_101_운정,운정중등영어학원,4,0,0.0,0
2026-08-11,02-1_FC,O_101_운정,운정과외,2,0,0.0,0
2026-08-11,02-1_FC,O_101_운정,운정수학과외,2,0,0.0,0
2026-08-11,02-1_FC,O_101_운정,운정영어과외,6,0,0.0,0
2026-08-11,02-1_FC,O_055_부산대,부산대학원,11,0,0.0,0
2026-08-11,02-1_FC,O_055_부산대,부산대과외,2,0,0.0,0
2026-08-11,02-1_FC,O_055_부산대,부산대수학,6,0,0.0,0
2026-08-11,02-1_FC,O_055_부산대,금정구과외,1,0,0.0,0
2026-08-11,02-1_FC,O_137_화정,화정수학,1,0,0.0,0
2026-08-11,02-1_FC,O_137_화정,화정영어학원,1,0,0.0,0
2026-08-11,02-1_FC,O_137_화정,행신동학원,1,0,0.0,0
2026-08-11,02-1_FC,O_137_화정,행신동수학과외,4,0,0.0,0
2026-08-11,02-1_FC,O_137_화정,행신동영어과외,5,0,0.0,0
2026-08-11,02-1_FC,O_057_분당미금,미금역수학학원,1,0,0.0,0
2026-08-11,02-1_FC,O_072_상현,용인수지영어학원,1,0,0.0,0
2026-08-11,02-1_FC,O_072_상현,상현동수학학원,8,0,0.0,0
2026-08-11,02-1_FC,O_096_옥계,옥계영어학원,1,0,0.0,0
2026-08-11,02-1_FC,O_044_민락,수영과외,1,0,0.0,0
2026-08-11,02-1_FC,O_032_둔산,둔산수학학원,1,0,0.0,0
2026-08-11,02-1_FC,O_032_둔산,둔산고등영어학원,1,0,0.0,0
2026-08-11,02-1_FC,O_032_둔산,둔산동학원,2,0,0.0,0
2026-08-11,02-1_FC,O_032_둔산,둔산동국어학원,4,0,0.0,0
2026-08-11,02-1_FC,O_032_둔산,둔산동영어학원,4,0,0.0,0
2026-08-11,02-1_FC,O_032_둔산,둔산동수학학원,6,0,0.0,0
2026-08-11,02-1_FC,O_032_둔산,둔산동초등영어학원,1,0,0.0,0
2026-08-11,02-1_FC,O_032_둔산,둔산동초등수학학원,1,0,0.0,0
2026-08-11,02-1_FC,O_032_둔산,둔산동과외,7,0,0.0,0
2026-08-11,02-1_FC,O_032_둔산,둔산동수학과외,4,0,0.0,0
2026-08-11,02-1_FC,O_049_방이,방이국어학원,1,0,0.0,0
2026-08-11,02-1_FC,O_049_방이,방이수학학원,1,0,0.0,0
2026-08-11,02-1_FC,O_049_방이,방이역영어,7,0,0.0,0
2026-08-11,02-1_FC,O_049_방이,오금동영어학원,10,0,0.0,0
2026-08-11,02-1_FC,O_049_방이,오금동영어과외,1,0,0.0,0
2026-08-11,02-1_FC,O_049_방이,방이동수학과외,1,0,0.0,0
2026-08-11,02-1_FC,O_045_반송,창원초등영어학원,10,0,0.0,0
2026-08-11,02-1_FC,O_045_반송,창원초등수학학원,1,0,0.0,0
2026-08-11,02-1_FC,O_028_동백,동백국어학원,3,0,0.0,0
2026-08-11,02-1_FC,O_028_동백,동백수학학원,4,0,0.0,0
2026-08-11,02-1_FC,O_028_동백,동백영어학원,6,0,0.0,0
2026-08-11,02-1_FC,O_041_무실,원주영어학원,5,0,0.0,0
2026-08-11,02-1_FC,O_041_무실,원주독서실,2,0,0.0,0
2026-08-11,02-1_FC,O_041_무실,원주중등수학학원,1,0,0.0,0
2026-08-11,02-1_FC,O_041_무실,무실동초등수학학원,1,0,0.0,0
2026-08-11,02-1_FC,O_041_무실,무실동전과목학원,1,0,0.0,0
2026-08-11,02-1_FC,O_019_논현,인천논현동영어학원,15,0,0.0,0
2026-08-11,02-1_FC,O_019_논현,인천논현동수학학원,5,0,0.0,0
2026-08-11,02-1_FC,O_019_논현,인천논현동초등수학학원,1,0,0.0,0
2026-08-11,02-1_FC,O_019_논현,인천논현동영어,5,0,0.0,0
2026-08-11,02-1_FC,O_019_논현,남동구과외,1,0,0.0,0
2026-08-11,02-1_FC,O_103_월평,월평동영어학원,5,0,0.0,0
2026-08-11,02-1_FC,O_103_월평,월평동수학학원,1,0,0.0,0
2026-08-11,02-1_FC,O_103_월평,대전학원,4,0,0.0,0
2026-08-11,02-1_FC,O_103_월평,대전과외,2,0,0.0,0
2026-08-11,02-1_FC,O_103_월평,대전고등영어학원,1,0,0.0,0
2026-08-11,02-1_FC,O_103_월평,대전수학과외,2,0,0.0,0
2026-08-11,02-1_FC,O_103_월평,대전영어과외,19,0,0.0,0
2026-08-11,02-1_FC,O_103_월평,대전윈터스쿨,3,0,0.0,0
2026-08-11,02-1_FC,O_018_노은,지족동초등수학학원,1,0,0.0,0
2026-08-11,02-1_FC,O_099_용호_1/2,남구멘토링,1,0,0.0,0
2026-08-11,02-1_FC,O_099_용호_1/2,남천동수학학원,8,0,0.0,0
2026-08-11,02-1_FC,O_099_용호_1/2,남천동영어학원,1,0,0.0,0
2026-08-11,02-1_FC,O_099_용호_1/2,대연동수학학원,3,0,0.0,0
2026-08-11,02-1_FC,O_099_용호_1/2,에듀플렉스용호,1,0,0.0,0
2026-08-11,02-1_FC,O_099_용호_1/2,대연동수학과외,1,0,0.0,0
2026-08-11,02-1_FC,O_099_용호_1/2,대연고학원,1,0,0.0,0
2026-08-11,02-1_FC,O_136_화명2,화명동종합학원,4,0,0.0,0
2026-08-11,02-1_FC,O_136_화명2,화명동과외,2,0,0.0,0
2026-08-11,02-1_FC,O_136_화명2,화명동중등수학학원,2,0,0.0,0
2026-08-11,02-1_FC,O_136_화명2,화명동수학과외,6,0,0.0,0
2026-08-11,02-1_FC,O_136_화명2,화명동수학학원,3,0,0.0,0
2026-08-11,02-1_FC,O_136_화명2,화명동국어학원,5,0,0.0,0
2026-08-11,02-1_FC,O_136_화명2,화명동수학,1,0,0.0,0
2026-08-11,02-1_FC,O_136_화명2,화명동영어학원,24,0,0.0,0
2026-08-11,02-1_FC,O_136_화명2,화명동영수학원,1,0,0.0,0
2026-08-11,02-1_FC,O_136_화명2,화명동초등영어학원,4,0,0.0,0
2026-08-11,02-1_FC,O_098_왕지,순천공부방,1,0,0.0,0
2026-08-11,02-1_FC,O_098_왕지,순천과외,1,0,0.0,0
2026-08-11,02-1_FC,O_098_왕지,순천영어과외,3,0,0.0,0
2026-08-11,02-1_FC,O_065_사직,동래영어학원,2,0,0.0,0
2026-08-11,02-1_FC,O_065_사직,사직동국어학원,2,0,0.0,0
2026-08-11,02-1_FC,O_065_사직,사직동영어학원,9,0,0.0,0
2026-08-11,02-1_FC,O_065_사직,사직동수학학원,9,0,0.0,0
2026-08-11,02-1_FC,O_065_사직,사직동수학학원추천,2,0,0.0,0
2026-08-11,02-1_FC,O_065_사직,사직동중등영어학원,2,0,0.0,0
2026-08-11,02-1_FC,O_065_사직,동래구수학과외,1,0,0.0,0
2026-08-11,02-1_FC,O_065_사직,사직동영어과외,4,0,0.0,0
2026-08-11,02-1_FC,O_065_사직,사직동윈터스쿨,2,0,0.0,0
2026-08-11,02-1_FC,O_092_양정,양정동영어과외,2,0,0.0,0
2026-08-11,02-1_FC,O_111_전농,답십리수학과외,1,0,0.0,0
2026-08-11,02-1_FC,O_069_상계,상계동학원,2,0,0.0,0
2026-08-11,02-1_FC,O_069_상계,상계동과외,1,0,0.0,0
2026-08-11,02-1_FC,O_069_상계,상계동영어,1,0,0.0,0
2026-08-11,02-1_FC,O_069_상계,노원구학원,1,1,2884.0,0
2026-08-11,02-1_FC,O_069_상계,노원역학원,1,0,0.0,0
2026-08-11,02-1_FC,O_093_연신내,은평구학원,2,0,0.0,0
2026-08-11,02-1_FC,O_093_연신내,은평구과외,1,0,0.0,0
2026-08-11,02-1_FC,O_093_연신내,은평구중등영어학원,1,0,0.0,0
2026-08-11,02-1_FC,O_093_연신내,진관동중등수학학원,2,0,0.0,0
2026-08-11,02-1_FC,O_088_쌍용,천안국어학원,1,0,0.0,0
2026-08-11,02-1_FC,O_088_쌍용,천안영어학원,13,0,0.0,0
2026-08-11,02-1_FC,O_088_쌍용,천안수학학원,3,0,0.0,0
2026-08-11,02-1_FC,O_088_쌍용,천안과외,2,0,0.0,0
2026-08-11,02-1_FC,O_088_쌍용,천안영어,6,0,0.0,0
2026-08-11,02-1_FC,O_088_쌍용,천안영어과외,7,0,0.0,0
2026-08-11,02-1_FC,O_088_쌍용,불당동학원,1,0,0.0,0
2026-08-11,02-1_FC,O_088_쌍용,불당동고등영어학원,1,0,0.0,0
2026-08-11,02-1_FC,O_025_대치한티,한티역수학학원,7,0,0.0,0
2026-08-11,02-1_FC,O_025_대치한티,대치동국어학원,3,0,0.0,0
2026-08-11,02-1_FC,O_025_대치한티,대치동수학학원,5,0,0.0,0
2026-08-11,02-1_FC,O_025_대치한티,대치동독서실,1,0,0.0,0
2026-08-11,02-1_FC,O_025_대치한티,대치동초등영어학원,4,0,0.0,0
2026-08-11,02-1_FC,O_025_대치한티,대치동초등수학학원,8,0,0.0,0
2026-08-11,02-1_FC,O_025_대치한티,대치동중등영어학원,1,0,0.0,0
2026-08-11,02-1_FC,O_025_대치한티,대치동중등수학학원,12,0,0.0,0
2026-08-11,02-1_FC,O_025_대치한티,대치동고등수학학원,13,0,0.0,0
2026-08-11,02-1_FC,O_025_대치한티,대치동고등국어학원,2,0,0.0,0
2026-08-11,02-1_FC,O_025_대치한티,대치동국어,15,0,0.0,0
2026-08-11,02-1_FC,O_025_대치한티,대치동영어,29,0,0.0,0
2026-08-11,02-1_FC,O_128_테크노,관평동학원,1,0,0.0,0
2026-08-11,02-1_FC,O_128_테크노,관평동국어학원,1,0,0.0,0
2026-08-11,02-1_FC,O_128_테크노,관평동영어학원,12,0,0.0,0
2026-08-11,02-1_FC,O_128_테크노,관평동초등영어학원,1,0,0.0,0
2026-08-11,02-1_FC,O_128_테크노,관평동중등수학학원,1,0,0.0,0
2026-08-11,02-1_FC,O_128_테크노,관평동수학과외,1,0,0.0,0
2026-08-11,02-1_FC,O_062_분평_1/2,청주학원,1,0,0.0,0
2026-08-11,02-1_FC,O_062_분평_1/2,청주과외,4,0,0.0,0
2026-08-11,02-1_FC,O_062_분평_1/2,청주수학과외,1,0,0.0,0
2026-08-11,02-1_FC,O_062_분평_1/2,청주국어과외,1,0,0.0,0
2026-08-11,02-1_FC,O_062_분평_1/2,수곡동수학과외,1,0,0.0,0
2026-08-11,02-1_FC,O_062_분평_2/2,청주윈터스쿨,3,0,0.0,0
2026-08-11,02-1_FC,O_048_방배,방배동수학학원,12,0,0.0,0
2026-08-11,02-1_FC,O_048_방배,방배동수학,1,0,0.0,0
2026-08-11,02-1_FC,O_048_방배,방배역국어학원,1,0,0.0,0
2026-08-11,02-1_FC,O_145_하남미사,하남중등수학학원,1,0,0.0,0
2026-08-11,02-1_FC,O_145_하남미사,하남영어과외,1,0,0.0,0
2026-08-11,02-1_FC,O_145_하남미사,미사학원,3,0,0.0,0
2026-08-11,02-1_FC,O_145_하남미사,미사고등수학학원,1,0,0.0,0
2026-08-11,02-1_FC,O_150_잠실새내_1/2,에듀플렉스잠실새내,1,0,0.0,0
2026-08-11,02-1_FC,O_150_잠실새내_1/2,송파윈터스쿨,2,0,0.0,0
2026-08-11,02-1_FC,O_150_잠실새내_1/2,송파구윈터스쿨,1,0,0.0,0
2026-08-11,02-1_FC,O_150_잠실새내_1/2,송파입시학원,2,0,0.0,0
2026-08-11,02-1_FC,O_150_잠실새내_1/2,송파구입시컨설팅,1,0,0.0,0
2026-08-11,02-1_FC,O_150_잠실새내_1/2,송파입시컨설팅,1,0,0.0,0
2026-08-11,02-1_FC,O_150_잠실새내_1/2,송파관리형독서실,1,0,0.0,0
2026-08-11,02-1_FC,O_150_잠실새내_1/2,송파구수학과외,1,0,0.0,0
2026-08-11,02-1_FC,O_150_잠실새내_1/2,송파구영어과외,1,0,0.0,0
2026-08-11,02-1_FC,O_150_잠실새내_1/2,송파구영어학원,8,0,0.0,0
2026-08-11,02-1_FC,O_150_잠실새내_1/2,송파구학원,6,0,0.0,0
2026-08-11,02-1_FC,O_150_잠실새내_1/2,송파국어학원,2,0,0.0,0
2026-08-11,02-1_FC,O_150_잠실새내_1/2,송파동수학학원,3,0,0.0,0
2026-08-11,02-1_FC,O_150_잠실새내_1/2,송파수학과외,1,0,0.0,0
2026-08-11,02-1_FC,O_150_잠실새내_1/2,송파수학학원,3,0,0.0,0
2026-08-11,02-1_FC,O_150_잠실새내_1/2,송파영어과외,1,0,0.0,0
2026-08-11,02-1_FC,O_150_잠실새내_1/2,송파영어학원,30,0,0.0,0
2026-08-11,02-1_FC,O_150_잠실새내_1/2,송파학원,3,0,0.0,0
2026-08-11,02-1_FC,O_150_잠실새내_1/2,잠실수학학원,9,0,0.0,0
2026-08-11,02-1_FC,O_150_잠실새내_1/2,잠실영어학원,4,0,0.0,0
2026-08-11,02-1_FC,O_150_잠실새내_1/2,잠실새내수학학원,1,0,0.0,0
2026-08-11,02-1_FC,O_150_잠실새내_1/2,송파구중등국어학원,1,0,0.0,0
2026-08-11,02-1_FC,O_151_원효_1/3,용산영어학원,1,0,0.0,0
2026-08-11,02-1_FC,O_151_원효_1/3,용산고등과외,1,0,0.0,0
2026-08-11,02-1_FC,O_151_원효_3/3,서울여중영어학원,1,0,0.0,0
2026-08-11,02-1_FC,O_152_남동탄_1/2,산척동수학학원,16,0,0.0,0
2026-08-11,02-1_FC,O_152_남동탄_1/2,중앙학원,1,0,0.0,0
2026-08-11,02-1_FC,O_152_남동탄_1/2,동탄중국어학원,6,0,0.0,0
2026-08-11,02-1_FC,O_027_돈암_1/3,에듀플렉스돈암,1,0,0.0,0
2026-08-11,02-1_FC,O_027_돈암_1/3,돈암동고등과외,1,0,0.0,0
2026-08-11,02-1_FC,O_064_사우_1/2,풍무동영어과외,1,0,0.0,0
2026-08-11,02-1_FC,O_064_사우_1/2,풍무동수학학원,10,0,0.0,0
2026-08-11,02-1_FC,O_064_사우_1/2,풍무동영어학원,26,0,0.0,0
2026-08-11,02-1_FC,O_064_사우_1/2,사우동학원,4,0,0.0,0
2026-08-11,02-1_FC,O_064_사우_1/2,사우동수학학원,6,0,0.0,0
2026-08-11,02-1_FC,O_064_사우_1/2,사우동과학학원,2,0,0.0,0
2026-08-11,02-1_FC,O_064_사우_1/2,사우역영어학원,1,0,0.0,0
2026-08-11,02-1_FC,O_027_돈암_3/3,계성고내신,1,0,0.0,0
2026-08-11,02-1_FC,O_064_사우_2/2,김포중국어학원,2,0,0.0,0
2026-08-11,02-1_FC,O_023_대방_3/3,울산중국어학원,3,0,0.0,0
2026-08-11,02-1_FC,O_153_상도_1/2,에듀플렉스상도,1,0,0.0,0
2026-08-11,02-1_FC,O_153_상도_1/2,흑석동과외,4,0,0.0,0
2026-08-11,02-1_FC,O_155_다산_1/2,에듀플렉스다산,2,0,0.0,0
2026-08-11,02-1_FC,O_155_다산_1/2,다산국어학원,2,0,0.0,0
2026-08-11,02-1_FC,O_155_다산_1/2,다산동국어과외,2,0,0.0,0
2026-08-11,02-1_FC,O_155_다산_1/2,다산동국어학원,4,0,0.0,0
2026-08-11,02-1_FC,O_155_다산_1/2,다산동수학과외,2,0,0.0,0
2026-08-11,02-1_FC,O_155_다산_1/2,다산동수학학원,4,0,0.0,0
2026-08-11,02-1_FC,O_155_다산_1/2,다산동영어학원,1,0,0.0,0
2026-08-11,02-1_FC,O_155_다산_1/2,다산수학학원,14,0,0.0,0
2026-08-11,02-1_FC,O_155_다산_1/2,다산신도시영어학원,2,0,0.0,0
2026-08-11,02-1_FC,O_155_다산_1/2,다산영어학원,1,0,0.0,0
2026-08-11,02-1_FC,O_155_다산_1/2,다산학원,2,0,0.0,0
2026-08-11,02-1_FC,O_155_다산_1/2,도농수학학원,1,0,0.0,0
2026-08-11,02-1_FC,O_155_다산_1/2,진건지구과학과외,1,0,0.0,0
2026-08-11,02-1_FC,O_156_광주화정_1/3,광주입시상담,3,0,0.0,0
2026-08-11,02-1_FC,O_156_광주화정_1/3,광주입시학원,2,0,0.0,0
2026-08-11,02-1_FC,O_156_광주화정_1/3,광주관리형독서실,19,0,0.0,0
2026-08-11,02-1_FC,O_156_광주화정_1/3,광주과학과외,1,0,0.0,0
2026-08-11,02-1_FC,O_156_광주화정_1/3,광주국어학원,4,0,0.0,0
2026-08-11,02-1_FC,O_156_광주화정_1/3,광주수학과외,1,0,0.0,0
2026-08-11,02-1_FC,O_156_광주화정_1/3,광주영어과외,8,0,0.0,0
2026-08-11,02-1_FC,O_156_광주화정_1/3,화정동수학학원,10,0,0.0,0
2026-08-11,02-1_FC,O_156_광주화정_1/3,화정동중등영어학원,1,0,0.0,0
2026-08-11,02-1_FC,O_156_광주화정_3/3,화정중국어학원,6,0,0.0,0
2026-08-11,02-1_FC,O_156_광주화정_3/3,서초영어학원,1,0,0.0,0
2026-08-11,02-1_FC,O_158_광명소하,소하동국어학원,1,0,0.0,0
2026-08-11,02-1_FC,O_159_광명하안,광명관리형독서실,2,0,0.0,0
2026-08-11,02-1_FC,O_159_광명하안,광명수학,1,0,0.0,0
2026-08-11,02-1_FC,O_159_광명하안,광명수학과외,1,0,0.0,0
2026-08-11,02-1_FC,O_160_단구,원주과외,2,0,0.0,0
2026-08-11,02-1_FC,O_160_단구,원주관리형독서실,8,0,0.0,0
2026-08-11,02-1_FC,O_160_단구,원주수학학원,4,0,0.0,0
2026-08-11,02-1_FC,O_160_단구,원주윈터스쿨,3,0,0.0,0
2026-08-11,02-1_FC,O_160_단구,원주중학생학원,1,0,0.0,0
2026-08-11,02-1_FC,O_160_단구,원주학원,3,0,0.0,0
2026-08-11,02-1_FC,O_160_단구,원주기숙학원,1,0,0.0,0
2026-08-11,02-1_FC,O_161_분당정자,정자동수학학원추천,1,0,0.0,0
2026-08-11,02-1_FC,O_162_불당,불당에듀플렉스,1,0,0.0,0
2026-08-11,02-1_FC,O_162_불당,불당영어,1,0,0.0,0
2026-08-11,02-1_FC,O_162_불당,불당동과학학원,2,0,0.0,0
2026-08-11,02-1_FC,O_162_불당,불당동관리형독서실,4,0,0.0,0
2026-08-11,02-1_FC,O_162_불당,불당동국어학원,1,0,0.0,0
2026-08-11,02-1_FC,O_162_불당,불당동수학학원,6,0,0.0,0
2026-08-11,02-1_FC,O_162_불당,불당동영어학원,11,0,0.0,0
2026-08-11,02-1_FC,O_162_불당,천안불당학원,1,0,0.0,0
2026-08-11,02-1_FC,O_162_불당,천안고등과외,1,0,0.0,0
2026-08-11,02-1_FC,O_162_불당,천안고등수학학원,3,0,0.0,0
2026-08-11,02-1_FC,O_162_불당,천안과학학원,3,0,0.0,0
2026-08-11,02-1_FC,O_162_불당,천안관리형독서실,7,0,0.0,0
2026-08-11,02-1_FC,O_162_불당,천안수학과외,1,0,0.0,0
2026-08-11,02-1_FC,O_165_유니시티,창원관리형독서실,5,0,0.0,0
2026-08-11,02-1_FC,O_165_유니시티,창원수학학원,3,0,0.0,0
2026-08-11,02-1_FC,O_165_유니시티,창원에듀플렉스,1,0,0.0,0
2026-08-11,02-1_FC,O_165_유니시티,창원영어과외,2,0,0.0,0
2026-08-11,02-1_FC,O_165_유니시티,창원영어학원,1,0,0.0,0
2026-08-11,02-1_FC,O_165_유니시티,창원입시상담,10,0,0.0,0
2026-08-11,02-1_FC,O_163_송촌,송촌동국어학원,1,0,0.0,0
2026-08-11,02-1_FC,O_163_송촌,송촌동수학학원,5,0,0.0,0
2026-08-11,02-1_FC,O_163_송촌,송촌동영어학원,16,0,0.0,0
2026-08-11,02-1_FC,O_163_송촌,중리동수학과외,1,0,0.0,0
2026-08-11,02-1_FC,O_168_도안,원신흥동수학학원,1,0,0.0,0
2026-08-11,02-1_FC,O_169_분당정자,정자동관리형독서실,1,0,0.0,0
2026-08-11,02-1_FC,O_171_개포점,개포동중등수학학원,2,0,0.0,0
2026-08-11,02-1_FC,O_171_개포점,양재동과학과외,1,0,0.0,0
2026-08-11,02-1_FC,O_172_산곡점,가좌동학원,1,0,0.0,0
2026-08-11,02-1_FC,O_172_산곡점,청천동과외,1,0,0.0,0
2026-08-11,02-1_FC,O_174_하계점,중계동학원,1,0,0.0,0
2026-08-11,02-1_FC,O_174_하계점,월계동국영수학원,1,0,0.0,0
2026-08-11,02-1_FC,O_174_하계점,중계동입시상담,1,0,0.0,0
2026-08-11,02-1_FC,O_173_등촌점,염창동학원,1,0,0.0,0
2026-08-11,02-1_FC,O_173_등촌점,염창동중등수학학원,4,0,0.0,0
2026-08-11,02-1_FC,O_176_문화점,유천동과학학원,1,0,0.0,0
2026-08-11,02-1_FC,O_176_문화점,은행동국어학원,1,0,0.0,0
2026-08-11,02-1_FC,O_176_문화점,용두동수학학원,1,0,0.0,0
2026-08-11,02-1_FC,O_182_행당점,왕십리수학학원,1,0,0.0,0
2026-08-11,02-1_FC,O_191_구의점,자양동영어학원,2,0,0.0,0
2026-08-11,02-1_FC,O_184_비전점,동삭동학원,2,0,0.0,0
2026-08-11,02-1_FC,O_184_비전점,비전동수학학원,18,0,0.0,0
2026-08-11,02-1_FC,O_184_비전점,비전동영어학원,2,0,0.0,0
2026-08-11,02-1_FC,O_184_비전점,비전동과학학원,1,0,0.0,0
2026-08-11,02-1_FC,O_184_비전점,비전동내신대비,1,0,0.0,0
2026-08-11,02-1_FC,O_184_비전점,동삭동수학학원,1,0,0.0,0
2026-08-11,02-1_FC,O_183_신정점,고척동학원,1,0,0.0,0
2026-08-11,02-1_FC,O_183_신정점,고척동영어학원,1,0,0.0,0
2026-08-11,02-1_FC,O_181_주엽점,일산동국영수학원,1,0,0.0,0
2026-08-11,02-1_FC,O_181_주엽점,일산동수학학원,1,0,0.0,0
2026-08-11,02-1_FC,O_178_진관점,진관동학원,1,0,0.0,0
2026-08-11,02-1_FC,O_178_진관점,지축역학원,1,0,0.0,0
2026-08-11,02-1_FC,O_178_진관점,구파발역영어학원,1,0,0.0,0
2026-08-11,02-1_FC,O_178_진관점,지축역수학학원,1,0,0.0,0
2026-08-11,02-1_FC,O_179_신갈점,신갈동영어학원,1,0,0.0,0
2026-08-11,02-1_FC,O_179_신갈점,기흥역수학학원,1,0,0.0,0
2026-08-11,02-1_FC,O_179_신갈점,신갈역영어학원,2,0,0.0,0
2026-08-11,02-1_FC,O_177_운양점,운양동수학학원,12,0,0.0,0
2026-08-11,02-1_FC,O_177_운양점,운양동영어학원,4,0,0.0,0
2026-08-11,09_진로진학,진로진학_PC,나의진로찾기,1,0,0.0,0
2026-08-11,09_진로진학,진로진학_PC,지문적성검사,3,0,0.0,0
2026-08-11,09_진로진학,진로진학_PC,직업상담,1,0,0.0,0
2026-08-11,09_진로진학,진로진학_PC,직업적성검사,5,0,0.0,0
2026-08-11,09_진로진학,진로진학_PC,진로,6,0,0.0,0
2026-08-11,09_진로진학,진로진학_PC,진로검사,1,0,0.0,0
2026-08-11,09_진로진학,진로진학_PC,진로교육,2,0,0.0,0
2026-08-11,09_진로진학,진로진학_PC,진로상담,4,0,0.0,0
2026-08-11,09_진로진학,진로진학_PC,진로상담사,1,0,0.0,0
2026-08-11,09_진로진학,진로진학_PC,진로선택,1,0,0.0,0
2026-08-11,09_진로진학,진로진학_PC,진로탐색,2,0,0.0,0
2026-08-11,09_진로진학,진로진학_PC,청소년상담,1,0,0.0,0
2026-08-11,09_진로진학,진로진학_PC,청소년진로,1,0,0.0,0
2026-08-11,09_진로진학,진로진학_PC,청소년진로상담,1,0,0.0,0
2026-08-11,09_진로진학,진로진학_MO,직업적성검사,1,0,0.0,0
2026-08-11,09_진로진학,진로진학_MO,진로고민,1,0,0.0,0
2026-08-11,09_진로진학,진로진학_MO,진로적성검사,6,0,0.0,0
2026-08-11,03_에듀코치_PC,01_시험,모의고사,55,0,0.0,0
2026-08-11,03_에듀코치_PC,01_시험,중간고사,6,0,0.0,0
2026-08-11,03_에듀코치_PC,01_시험,기말고사,2,0,0.0,0
2026-08-11,03_에듀코치_PC,02_시험조합_1/2,시험대비,3,0,0.0,0
2026-08-11,03_에듀코치_PC,02_시험조합_1/2,고등국어공부,1,0,0.0,0
2026-08-11,03_에듀코치_PC,02_시험조합_1/2,영어공부,9,0,0.0,0
2026-08-11,03_에듀코치_PC,02_시험조합_1/2,중3영어공부,1,0,0.0,0
2026-08-11,03_에듀코치_PC,02_시험조합_1/2,중등영어공부,1,0,0.0,0
2026-08-11,03_에듀코치_PC,02_시험조합_1/2,고등영어공부,1,0,0.0,0
2026-08-11,03_에듀코치_PC,02_시험조합_1/2,중1공부,1,0,0.0,0
2026-08-11,03_에듀코치_PC,02_시험조합_1/2,중등국어공부법,1,0,0.0,0
2026-08-11,03_에듀코치_PC,02_시험조합_1/2,중2영어공부법,1,0,0.0,0
2026-08-11,03_에듀코치_PC,02_시험조합_1/2,고등영어공부법,1,0,0.0,0
2026-08-11,03_에듀코치_PC,02_시험조합_1/2,중학생공부법,2,0,0.0,0
2026-08-11,03_에듀코치_PC,02_시험조합_1/2,수학학습,1,0,0.0,0
2026-08-11,03_에듀코치_PC,02_시험조합_1/2,영어학습,17,0,0.0,0
2026-08-11,03_에듀코치_PC,02_시험조합_1/2,학습,15,0,0.0,0
2026-08-11,03_에듀코치_PC,02_시험조합_1/2,중등국어,3,0,0.0,0
2026-08-11,03_에듀코치_PC,02_시험조합_1/2,중학생국어,2,0,0.0,0
2026-08-11,03_에듀코치_PC,02_시험조합_1/2,중1수학,2,0,0.0,0
2026-08-11,03_에듀코치_PC,02_시험조합_1/2,중3수학,12,0,0.0,0
2026-08-11,03_에듀코치_PC,02_시험조합_1/2,중학생수학,4,0,0.0,0
2026-08-11,03_에듀코치_PC,02_시험조합_1/2,고1수학,1,0,0.0,0
2026-08-11,03_에듀코치_PC,02_시험조합_1/2,영어,5,0,0.0,0
2026-08-11,03_에듀코치_PC,02_시험조합_1/2,중2영어,1,0,0.0,0
2026-08-11,03_에듀코치_PC,02_시험조합_1/2,중학생영어,4,0,0.0,0
2026-08-11,03_에듀코치_PC,02_시험조합_1/2,예비고3공부,3,0,0.0,0
2026-08-11,03_에듀코치_PC,02_시험조합_1/2,중등영어내신,3,0,0.0,0
2026-08-11,03_에듀코치_PC,02_시험조합_1/2,국어내신대비,1,0,0.0,0
2026-08-11,03_에듀코치_PC,02_시험조합_1/2,수학내신대비,1,0,0.0,0
2026-08-11,03_에듀코치_PC,02_시험조합_1/2,영어기출,1,0,0.0,0
2026-08-11,03_에듀코치_PC,02_시험조합_1/2,국어시험,1,0,0.0,0
2026-08-11,03_에듀코치_PC,02_시험조합_1/2,수학시험,1,0,0.0,0
2026-08-11,03_에듀코치_PC,02_시험조합_1/2,중등수학시험,3,0,0.0,0
2026-08-11,03_에듀코치_PC,02_시험조합_2/2,중3사회,3,0,0.0,0
2026-08-11,03_에듀코치_PC,02_시험조합_2/2,중등사회,6,0,0.0,0
2026-08-11,03_에듀코치_PC,02_시험조합_2/2,중등,8,0,0.0,0
2026-08-11,03_에듀코치_PC,02_시험조합_2/2,중학생과학,1,0,0.0,0
2026-08-11,03_에듀코치_PC,02_시험조합_2/2,중등내신,2,0,0.0,0
2026-08-11,03_에듀코치_PC,02_시험조합_2/2,고1내신,1,0,0.0,0
2026-08-11,03_에듀코치_PC,02_시험조합_2/2,고2내신,4,0,0.0,0
2026-08-11,03_에듀코치_PC,02_시험조합_2/2,고3내신,1,0,0.0,0
2026-08-11,03_에듀코치_PC,03_학원_1/2,고1국어,4,0,0.0,0
2026-08-11,03_에듀코치_PC,03_학원_1/2,사회,2,0,0.0,0
2026-08-11,03_에듀코치_PC,03_학원_1/2,중1사회,1,0,0.0,0
2026-08-11,03_에듀코치_PC,03_학원_1/2,중3사회,2,0,0.0,0
2026-08-11,03_에듀코치_PC,03_학원_1/2,수학,15,0,0.0,0
2026-08-11,03_에듀코치_PC,03_학원_1/2,고1수학,6,0,0.0,0
2026-08-11,03_에듀코치_PC,03_학원_1/2,중등영어,11,0,0.0,0
2026-08-11,03_에듀코치_PC,03_학원_1/2,고3영어,1,0,0.0,0
2026-08-11,03_에듀코치_PC,03_학원_1/2,중등,2,0,0.0,0
2026-08-11,03_에듀코치_PC,03_학원_1/2,수학학원,1,0,0.0,0
2026-08-11,03_에듀코치_PC,03_학원_1/2,영어학원,4,0,0.0,0
2026-08-11,03_에듀코치_PC,03_학원_1/2,수학학원추천,3,0,0.0,0
2026-08-11,03_에듀코치_PC,03_학원_1/2,소수정예,4,0,0.0,0
2026-08-11,03_에듀코치_PC,03_학원_2/2,전과목학원,1,0,0.0,0
2026-08-11,03_에듀코치_PC,03_학원_2/2,고2수학,3,0,0.0,0
2026-08-11,03_에듀코치_PC,03_학원_2/2,고3수학,1,0,0.0,0
2026-08-11,03_에듀코치_PC,03_학원_2/2,고등내신대비,1,0,0.0,0
2026-08-11,03_에듀코치_MO,01_시험,중간고사대비,1,0,0.0,0
2026-08-11,03_에듀코치_MO,01_시험,기말대비,1,0,0.0,0
2026-08-11,03_에듀코치_MO,01_시험,기말고사,2,0,0.0,0
2026-08-11,03_에듀코치_MO,01_시험,수학능력시험,5,0,0.0,0
2026-08-11,03_에듀코치_MO,01_시험,서술형,1,0,0.0,0
2026-08-11,03_에듀코치_MO,02_시험조합_1/2,수학시험대비,8,0,0.0,0
2026-08-11,03_에듀코치_MO,02_시험조합_1/2,시험대비,6,0,0.0,0
2026-08-11,03_에듀코치_MO,02_시험조합_1/2,고1시험대비,2,0,0.0,0
2026-08-11,03_에듀코치_MO,02_시험조합_1/2,예비중1국어공부,1,0,0.0,0
2026-08-11,03_에듀코치_MO,02_시험조합_1/2,고1국어공부,1,0,0.0,0
2026-08-11,03_에듀코치_MO,02_시험조합_1/2,예비중1수학공부,5,0,0.0,0
2026-08-11,03_에듀코치_MO,02_시험조합_1/2,영어공부,21,0,0.0,0
2026-08-11,03_에듀코치_MO,02_시험조합_1/2,중학생영어공부,3,0,0.0,0
2026-08-11,03_에듀코치_MO,02_시험조합_1/2,고등영어공부,29,0,0.0,0
2026-08-11,03_에듀코치_MO,02_시험조합_1/2,예비고3영어공부,1,0,0.0,0
2026-08-11,03_에듀코치_MO,02_시험조합_1/2,중1공부,1,0,0.0,0
2026-08-11,03_에듀코치_MO,02_시험조합_1/2,중2공부,3,0,0.0,0
2026-08-11,03_에듀코치_MO,02_시험조합_1/2,예비중1공부,2,0,0.0,0
2026-08-11,03_에듀코치_MO,02_시험조합_1/2,중학생공부,5,0,0.0,0
2026-08-11,03_에듀코치_MO,02_시험조합_1/2,고3국어공부법,1,0,0.0,0
2026-08-11,03_에듀코치_MO,02_시험조합_1/2,예비고1국어공부법,1,0,0.0,0
2026-08-11,03_에듀코치_MO,02_시험조합_1/2,예비고3국어공부법,1,0,0.0,0
2026-08-11,03_에듀코치_MO,02_시험조합_1/2,고등학생국어공부법,5,0,0.0,0
2026-08-11,03_에듀코치_MO,02_시험조합_1/2,중3영어공부법,1,0,0.0,0
2026-08-11,03_에듀코치_MO,02_시험조합_1/2,고등영어공부법,21,0,0.0,0
2026-08-11,03_에듀코치_MO,02_시험조합_1/2,중등공부법,1,0,0.0,0
2026-08-11,03_에듀코치_MO,02_시험조합_1/2,예비중1공부법,4,0,0.0,0
2026-08-11,03_에듀코치_MO,02_시험조합_1/2,고등국어학습,10,0,0.0,0
2026-08-11,03_에듀코치_MO,02_시험조합_1/2,고등영어학습,1,0,0.0,0
2026-08-11,03_에듀코치_MO,02_시험조합_1/2,사회학습,2,0,0.0,0
2026-08-11,03_에듀코치_MO,02_시험조합_1/2,국어,2,0,0.0,0
2026-08-11,03_에듀코치_MO,02_시험조합_1/2,고1국어,1,0,0.0,0
2026-08-11,03_에듀코치_MO,02_시험조합_1/2,고2국어,11,0,0.0,0
2026-08-11,03_에듀코치_MO,02_시험조합_1/2,수학,86,0,0.0,0
2026-08-11,03_에듀코치_MO,02_시험조합_1/2,고1수학,6,0,0.0,0
2026-08-11,03_에듀코치_MO,02_시험조합_1/2,영어,11,0,0.0,0
2026-08-11,03_에듀코치_MO,02_시험조합_1/2,고1영어,4,0,0.0,0
2026-08-11,03_에듀코치_MO,02_시험조합_1/2,고등과학공부,1,0,0.0,0
2026-08-11,03_에듀코치_MO,02_시험조합_1/2,예비고3공부,1,0,0.0,0
2026-08-11,03_에듀코치_MO,02_시험조합_1/2,고등수학공부,20,0,0.0,0
2026-08-11,03_에듀코치_MO,02_시험조합_1/2,예비고3수학공부,10,0,0.0,0
2026-08-11,03_에듀코치_MO,02_시험조합_1/2,고3국어내신,12,0,0.0,0
2026-08-11,03_에듀코치_MO,02_시험조합_1/2,고등국어내신,7,0,0.0,0
2026-08-11,03_에듀코치_MO,02_시험조합_1/2,고1수학내신,8,0,0.0,0
2026-08-11,03_에듀코치_MO,02_시험조합_1/2,고1영어내신,4,0,0.0,0
2026-08-11,03_에듀코치_MO,02_시험조합_1/2,고2영어내신,2,0,0.0,0
2026-08-11,03_에듀코치_MO,02_시험조합_1/2,고3영어내신,9,0,0.0,0
2026-08-11,03_에듀코치_MO,02_시험조합_1/2,고등과학공부법,1,0,0.0,0
2026-08-11,03_에듀코치_MO,02_시험조합_1/2,예비고3공부법,4,0,0.0,0
2026-08-11,03_에듀코치_MO,02_시험조합_1/2,고등수학공부법,8,0,0.0,0
2026-08-11,03_에듀코치_MO,02_시험조합_1/2,국어내신대비,6,0,0.0,0
2026-08-11,03_에듀코치_MO,02_시험조합_1/2,고1국어내신대비,3,0,0.0,0
2026-08-11,03_에듀코치_MO,02_시험조합_1/2,고2국어내신대비,1,0,0.0,0
2026-08-11,03_에듀코치_MO,02_시험조합_1/2,고등국어내신대비,23,0,0.0,0
2026-08-11,03_에듀코치_MO,02_시험조합_1/2,영어내신대비,7,0,0.0,0
2026-08-11,03_에듀코치_MO,02_시험조합_1/2,고3영어내신대비,4,0,0.0,0
2026-08-11,03_에듀코치_MO,02_시험조합_1/2,과학학습,1,0,0.0,0
2026-08-11,03_에듀코치_MO,02_시험조합_1/2,고등학습,1,0,0.0,0
2026-08-11,03_에듀코치_MO,02_시험조합_1/2,국어기출,6,0,0.0,0
2026-08-11,03_에듀코치_MO,02_시험조합_1/2,고등국어기출,2,0,0.0,0
2026-08-11,03_에듀코치_MO,02_시험조합_1/2,예비고3국어기출,1,0,0.0,0
2026-08-11,03_에듀코치_MO,02_시험조합_1/2,수학기출,10,0,0.0,0
2026-08-11,03_에듀코치_MO,02_시험조합_1/2,영어기출,8,0,0.0,0
2026-08-11,03_에듀코치_MO,02_시험조합_1/2,국어시험,2,0,0.0,0
2026-08-11,03_에듀코치_MO,02_시험조합_1/2,고1수학시험,2,0,0.0,0
2026-08-11,03_에듀코치_MO,02_시험조합_1/2,영어시험,1,0,0.0,0
2026-08-11,03_에듀코치_MO,02_시험조합_1/2,고1영어시험,1,0,0.0,0
2026-08-11,03_에듀코치_MO,03_학원_1/2,중학생수학,5,0,0.0,0
2026-08-11,03_에듀코치_MO,02_시험조합_2/2,중3과학,1,0,0.0,0
2026-08-11,03_에듀코치_MO,02_시험조합_2/2,고등영어내신,2,0,0.0,0
2026-08-11,03_에듀코치_MO,02_시험조합_2/2,중3내신,4,0,0.0,0
2026-08-11,03_에듀코치_MO,02_시험조합_2/2,고2내신,2,0,0.0,0
2026-08-11,03_에듀코치_MO,02_시험조합_2/2,고등내신,59,0,0.0,0
2026-08-11,03_에듀코치_MO,03_학원_2/2,예비고1학원,1,0,0.0,0
2026-08-11,03_에듀코치_MO,03_학원_2/2,고2수학,3,0,0.0,0
2026-08-11,03_에듀코치_MO,03_학원_2/2,고3수학,1,0,0.0,0
2026-08-11,03_에듀코치_MO,03_학원_2/2,중등종합학원,1,0,0.0,0
2026-08-11,03_에듀코치_MO,03_학원_2/2,고등내신대비,1,0,0.0,0
2026-08-11,06_초등_MO,01_자기주도학습,초등학생학습코칭,1,0,0.0,0
2026-08-11,06_초등_MO,01_자기주도학습,초등공부,41,0,0.0,0
2026-08-11,06_초등_MO,01_자기주도학습,초등학습,1,0,0.0,0
2026-08-11,06_초등_MO,03_인강/과외,초5과외,3,0,0.0,0
2026-08-11,06_초등_PC,03_인강/과외,초등영어과외,2,0,0.0,0
2026-08-11,06_초등_PC,03_인강/과외,초등영어인강,4,0,0.0,0
2026-08-11,06_초등_PC,03_인강/과외,초등학생과외,6,0,0.0,0
2026-08-11,06_초등_PC,01_자기주도학습,초등학생학습코칭,1,0,0.0,0
2026-08-11,06_초등_PC,01_자기주도학습,초등학습,1,0,0.0,0
2026-08-11,06_초등_PC,01_자기주도학습,초등수행평가,4,0,0.0,0
2026-08-11,08_중등_MO,01_자기주도학습,중등학습,1,0,0.0,0
2026-08-11,08_중등_MO,01_자기주도학습,중학교자기주도학습,3,0,0.0,0
2026-08-11,08_중등_MO,01_자기주도학습,중학교공부,2,0,0.0,0
2026-08-11,08_중등_MO,02_학원,중등학원,3,0,0.0,0
2026-08-11,08_중등_MO,02_학원,중등수학학원,17,0,0.0,0
2026-08-11,08_중등_MO,02_학원,중등국어학원,4,0,0.0,0
2026-08-11,08_중등_MO,02_학원,중등과학학원,2,0,0.0,0
2026-08-11,08_중등_MO,02_학원,중학교학원,1,0,0.0,0
2026-08-11,08_중등_MO,02_학원,중학교영어학원,4,0,0.0,0
2026-08-11,08_중등_MO,02_학원,중1학원,1,0,0.0,0
2026-08-11,08_중등_MO,02_학원,중학생학원,1,0,0.0,0
2026-08-11,08_중등_MO,02_학원,중학생학원추천,1,0,0.0,0
2026-08-11,08_중등_MO,02_학원,중학생수학,1,0,0.0,0
2026-08-11,08_중등_MO,04_중학교 내신,중학교내신,906,2,4027.0,0
2026-08-11,08_중등_MO,04_중학교 내신,중학교수행평가,1,0,0.0,0
2026-08-11,08_중등_PC,01_자기주도학습,중학생공부,4,0,0.0,0
2026-08-11,08_중등_PC,01_자기주도학습,중등공부,4,0,0.0,0
2026-08-11,08_중등_PC,01_자기주도학습,중등학습,1,0,0.0,0
2026-08-11,08_중등_PC,01_자기주도학습,중학교자기주도학습,4,0,0.0,0
2026-08-11,08_중등_PC,01_자기주도학습,중학교공부,2,0,0.0,0
2026-08-11,08_중등_PC,02_학원,중등영어,1,0,0.0,0
2026-08-11,08_중등_PC,02_학원,중등수학학원,10,0,0.0,0
2026-08-11,08_중등_PC,02_학원,중등영어학원,58,0,0.0,0
2026-08-11,08_중등_PC,02_학원,중학교영어학원,2,0,0.0,0
2026-08-11,08_중등_PC,02_학원,중학생영어학원,10,0,0.0,0
2026-08-11,08_중등_PC,02_학원,종합학원,6,0,0.0,0
2026-08-11,08_중등_PC,03_인강/과외,중3영어과외,10,0,0.0,0
2026-08-11,08_중등_PC,03_인강/과외,중3인강,1,0,0.0,0
2026-08-11,08_중등_PC,03_인강/과외,중3국어인강,10,0,0.0,0
2026-08-11,08_중등_PC,03_인강/과외,중등과학과외,1,0,0.0,0
2026-08-11,08_중등_PC,03_인강/과외,중등인강,13,0,0.0,0
2026-08-11,08_중등_PC,03_인강/과외,중등수학인강,2,0,0.0,0
2026-08-11,08_중등_PC,03_인강/과외,중등국어인강,31,0,0.0,0
2026-08-11,08_중등_PC,03_인강/과외,중등영어인강,1,0,0.0,0
2026-08-11,08_중등_PC,03_인강/과외,중학생영어과외,10,0,0.0,0
2026-08-11,08_중등_PC,03_인강/과외,중학생국어과외,1,0,0.0,0
2026-08-11,08_중등_PC,03_인강/과외,중학생인강,15,0,0.0,0
2026-08-11,08_중등_PC,03_인강/과외,중학생영어인강,1,0,0.0,0
2026-08-11,08_중등_PC,03_인강/과외,중학교과외,2,0,0.0,0
2026-08-11,08_중등_PC,03_인강/과외,중학교수학과외,1,0,0.0,0
2026-08-11,08_중등_PC,03_인강/과외,중학교인강,13,0,0.0,0
2026-08-11,08_중등_PC,03_인강/과외,중학교영어인강,2,0,0.0,0
2026-08-11,08_중등_PC,03_인강/과외,중1수학인강,1,0,0.0,0
2026-08-11,08_중등_PC,03_인강/과외,중1국어인강,1,0,0.0,0
2026-08-11,08_중등_PC,03_인강/과외,중2수학인강,1,0,0.0,0
2026-08-11,08_중등_PC,03_인강/과외,중등온라인학습,5,0,0.0,0
2026-08-11,08_중등_PC,03_인강/과외,중등온라인수업,1,0,0.0,0
2026-08-11,08_중등_PC,03_인강/과외,중학교온라인강의,18,0,0.0,0
2026-08-11,08_중등_PC,03_인강/과외,중학교온라인학습,1,0,0.0,0
2026-08-11,08_중등_PC,03_인강/과외,중학교홈스쿨링,1,0,0.0,0
2026-08-11,08_중등_PC,04_중학교 내신,중학교내신,131,0,0.0,0
2026-08-11,16_특정 키워드,02_참고서키워드,개념원리수학,2,0,0.0,0
2026-08-11,16_특정 키워드,02_참고서키워드,한국사문제집,8,0,0.0,0
2026-08-11,16_특정 키워드,02_참고서키워드,개념원리인강,1,0,0.0,0
2026-08-11,16_특정 키워드,02_참고서키워드,로즈리그래머홀릭,1,0,0.0,0
2026-08-11,16_특정 키워드,02_참고서키워드,미래엔교과서구입,35,0,0.0,0
2026-08-11,16_특정 키워드,02_참고서키워드,개념원리미적분,4,0,0.0,0
2026-08-11,16_특정 키워드,02_참고서키워드,EBS초등수학,3,0,0.0,0
2026-08-11,16_특정 키워드,02_참고서키워드,수학의정석,31,0,0.0,0
2026-08-11,16_특정 키워드,02_참고서키워드,완자화학1,1,0,0.0,0
2026-08-11,16_특정 키워드,02_참고서키워드,기적의영어리딩,1,0,0.0,0
2026-08-11,16_특정 키워드,02_참고서키워드,미래엔영어,3,0,0.0,0
2026-08-11,16_특정 키워드,02_참고서키워드,미래엔수학,41,0,0.0,0
2026-08-11,16_특정 키워드,02_참고서키워드,미래엔한국사,1,0,0.0,0
2026-08-11,16_특정 키워드,04_유리스마,웩슬러검사,25,0,0.0,0
2026-08-11,16_특정 키워드,04_유리스마,지능검사,32,0,0.0,0
2026-08-11,16_특정 키워드,04_유리스마,유리스마,5,0,0.0,0
2026-08-11,16_특정 키워드,미미미누 콜라보,미3누,6,0,0.0,0
2026-08-11,16_특정 키워드,미미미누 콜라보,VLT,24,0,0.0,0
2026-08-11,16_특정 키워드,미미미누 콜라보,에듀플렉스후기,20,0,0.0,0
2026-08-11,11_예비고1_MO,예비고1+관리/준비,예비고1공부,37,0,0.0,0
2026-08-11,11_예비고1_MO,예비고1+관리/준비,고등진학상담,1,0,0.0,0
2026-08-11,11_예비고1_MO,예비고1+학원/과외,예비고1학원,17,0,0.0,0
2026-08-11,11_예비고1_MO,예비고1+학원/과외,예비고1영어과외,51,0,0.0,0
2026-08-11,11_예비고1_MO,예비고1+학원/과외,예비고1영어학원,13,0,0.0,0
2026-08-11,11_예비고1_MO,예비고1+학원/과외,예비고1국어학원,5,0,0.0,0
2026-08-11,11_예비고1_PC,예비고1+관리/준비,예비고1준비,16,0,0.0,0
2026-08-11,11_예비고1_PC,예비고1+관리/준비,고등진학상담,1,0,0.0,0
2026-08-11,11_예비고1_PC,예비고1+학원/과외,예비고1과외,1,0,0.0,0
2026-08-11,11_예비고1_PC,예비고1+학원/과외,예비고1수학과외,5,0,0.0,0
2026-08-11,11_예비고1_PC,예비고1+학원/과외,예비고1국어학원,2,0,0.0,0
2026-08-11,12_예비중1_MO,3. 예비중1+학원/과외,예비중1수학학원,3,0,0.0,0
2026-08-11,12_예비중1_MO,3. 예비중1+학원/과외,예비중1영어과외,1,0,0.0,0
2026-08-11,12_예비중1_MO,3. 예비중1+학원/과외,예비중1종합학원,2,0,0.0,0
2026-08-11,12_예비중1_MO,3. 예비중1+학원/과외,예비중1학원,16,0,0.0,0
2026-08-11,12_예비중1_PC,예비중1+관리/준비,예비중1학습,1,0,0.0,0
2026-08-11,12_예비중1_PC,예비중1+학원/과외,예비중1수학과외,3,0,0.0,0
2026-08-11,12_예비중1_PC,예비중1+학원/과외,예비중1영어과외,18,0,0.0,0
2026-08-11,12_예비중1_PC,예비중1+학원/과외,예비중1인강,1,0,0.0,0
2026-08-11,10_고등_MO,01_자기주도학습,고등학생자기주도학습,1,0,0.0,0
2026-08-11,10_고등_MO,01_자기주도학습,고등공부,2,0,0.0,0
2026-08-11,10_고등_MO,02_학원,고등국어학원,1,0,0.0,0
2026-08-11,10_고등_MO,02_학원,고등수학,3,0,0.0,0
2026-08-11,10_고등_MO,02_학원,고등영어,5,0,0.0,0
2026-08-11,10_고등_MO,02_학원,고등영어학원,7,0,0.0,0
2026-08-11,10_고등_MO,02_학원,고등학교영어,1,0,0.0,0
2026-08-11,10_고등_MO,02_학원,고등학생영어학원,2,0,0.0,0
2026-08-11,10_고등_MO,02_학원,고1영어,1,0,0.0,0
2026-08-11,10_고등_MO,03_인강과외,고등국어,2,0,0.0,0
2026-08-11,10_고등_MO,03_인강과외,고등수학학원,6,0,0.0,0
2026-08-11,10_고등_MO,03_인강과외,고등국어인강,3,0,0.0,0
2026-08-11,10_고등_MO,03_인강과외,고등수학과외,3,0,0.0,0
2026-08-11,10_고등_MO,03_인강과외,고등수학인강,3,0,0.0,0
2026-08-11,10_고등_MO,03_인강과외,고등영어과외,2,0,0.0,0
2026-08-11,10_고등_MO,03_인강과외,고등영어인강,2,0,0.0,0
2026-08-11,10_고등_MO,03_인강과외,고등인강,1,0,0.0,0
2026-08-11,10_고등_MO,03_인강과외,고등학생수학학원,1,0,0.0,0
2026-08-11,10_고등_MO,03_인강과외,고등학생수학과외,1,0,0.0,0
2026-08-11,10_고등_MO,03_인강과외,고등학생영어과외,1,0,0.0,0
2026-08-11,10_고등_MO,03_인강과외,고등학생인강,1,0,0.0,0
2026-08-11,10_고등_MO,03_인강과외,고등학교수학,1,0,0.0,0
2026-08-11,10_고등_MO,03_인강과외,고등학교과외,3,0,0.0,0
2026-08-11,10_고등_MO,03_인강과외,고등학교인강,2,0,0.0,0
2026-08-11,10_고등_MO,03_인강과외,고1수학,2,0,0.0,0
2026-08-11,10_고등_MO,03_인강과외,고1과학,5,0,0.0,0
2026-08-11,10_고등_MO,03_인강과외,고1인강,1,0,0.0,0
2026-08-11,10_고등_MO,03_인강과외,고2수학,9,0,0.0,0
2026-08-11,10_고등_MO,03_인강과외,고2국어,1,0,0.0,0
2026-08-11,10_고등_MO,03_인강과외,고3수학학원,1,0,0.0,0
2026-08-11,10_고등_MO,03_인강과외,고3영어과외,1,0,0.0,0
2026-08-11,10_고등_MO,03_인강과외,고등인강추천,2,0,0.0,0
2026-08-11,10_고등_MO,04_입시,대입학생부종합전형,1,0,0.0,0
2026-08-11,10_고등_MO,04_입시,자기소개서학원,1,0,0.0,0
2026-08-11,10_고등_MO,04_입시,대입상담,1,0,0.0,0
2026-08-11,10_고등_MO,04_입시,수능,112,0,0.0,0
2026-08-11,10_고등_MO,05_고등 내신,고등학교내신,1,0,0.0,0
2026-08-11,10_고등_MO,05_고등 내신,고등내신,2,0,0.0,0
2026-08-11,10_고등_MO,05_고등 내신,고2내신,1,0,0.0,0
2026-08-11,10_고등_PC,01_자기주도학습,고등학생멘토링,1,0,0.0,0
2026-08-11,10_고등_PC,01_자기주도학습,고등공부,12,0,0.0,0
2026-08-11,10_고등_PC,02_학원,고등과학학원,13,0,0.0,0
2026-08-11,10_고등_PC,02_학원,고등수학,9,0,0.0,0
2026-08-11,10_고등_PC,02_학원,고등수학학원추천,1,0,0.0,0
2026-08-11,10_고등_PC,02_학원,고등영어학원,116,0,0.0,0
2026-08-11,10_고등_PC,02_학원,고2수학학원,7,0,0.0,0
2026-08-11,10_고등_PC,02_학원,고3영어학원,2,0,0.0,0
2026-08-11,10_고등_PC,02_학원,종합학원,3,0,0.0,0
2026-08-11,10_고등_PC,03_인강과외,고등국어,3,0,0.0,0
2026-08-11,10_고등_PC,03_인강과외,고등과외,1,0,0.0,0
2026-08-11,10_고등_PC,03_인강과외,고등국어과외,1,0,0.0,0
2026-08-11,10_고등_PC,03_인강과외,고등학생학원,1,0,0.0,0
2026-08-11,10_고등_PC,03_인강과외,고등학생수학학원,1,0,0.0,0
2026-08-11,10_고등_PC,03_인강과외,고등학생영어과외,10,0,0.0,0
2026-08-11,10_고등_PC,03_인강과외,고등학생인강,2,0,0.0,0
2026-08-11,10_고등_PC,03_인강과외,고등학교영어,1,0,0.0,0
2026-08-11,10_고등_PC,03_인강과외,고등학교수학인강,2,0,0.0,0
2026-08-11,10_고등_PC,03_인강과외,고등학교인강,24,0,0.0,0
2026-08-11,10_고등_PC,03_인강과외,고1국어인강,18,0,0.0,0
2026-08-11,10_고등_PC,03_인강과외,고1영어과외,10,0,0.0,0
2026-08-11,10_고등_PC,03_인강과외,고1인강,8,0,0.0,0
2026-08-11,10_고등_PC,03_인강과외,고2국어,10,0,0.0,0
2026-08-11,10_고등_PC,03_인강과외,고2국어인강,18,0,0.0,0
2026-08-11,10_고등_PC,03_인강과외,고2수학과외,1,0,0.0,0
2026-08-11,10_고등_PC,03_인강과외,고3국어인강,10,0,0.0,0
2026-08-11,10_고등_PC,03_인강과외,고등온라인학습,1,0,0.0,0
2026-08-11,10_고등_PC,04_입시,대입입시컨설팅,2,0,0.0,0
2026-08-11,10_고등_PC,04_입시,대입학원,2,0,0.0,0
2026-08-11,10_고등_PC,04_입시,대입면접,2,0,0.0,0
2026-08-11,10_고등_PC,04_입시,대학교상담,1,0,0.0,0
2026-08-11,10_고등_PC,04_입시,대학교입시,6,0,0.0,0
2026-08-11,10_고등_PC,04_입시,대학교입시컨설팅,1,0,0.0,0
2026-08-11,10_고등_PC,04_입시,대학교면접,4,0,0.0,0
2026-08-11,10_고등_PC,04_입시,대학교자기소개서,2,0,0.0,0
2026-08-11,10_고등_PC,04_입시,입시학원,1,0,0.0,0
2026-08-11,10_고등_PC,04_입시,입시컨설팅학원,1,0,0.0,0
2026-08-11,10_고등_PC,04_입시,면접학원,2,0,0.0,0
2026-08-11,10_고등_PC,04_입시,대입상담,5,0,0.0,0
2026-08-11,10_고등_PC,04_입시,고교입시설명회,1,0,0.0,0
2026-08-11,10_고등_PC,04_입시,예비고1설명회,2,0,0.0,0
2026-08-11,10_고등_PC,04_입시,수학능력시험,97,0,0.0,0
2026-08-11,10_고등_PC,04_입시,모의고사,1,0,0.0,0
2026-08-11,10_고등_PC,05_고등 내신,고등학교내신,159,0,0.0,0
2026-08-11,B_브랜드검색,05_PC_브랜드검색(신규),EDUPLEX,1,0,0.0,0
2026-08-11,B_브랜드검색,05_PC_브랜드검색(신규),에듀플랙스,6,3,0.0,0
2026-08-11,B_브랜드검색,05_PC_브랜드검색(신규),에듀플렉스,82,13,0.0,0
2026-08-11,B_브랜드검색,05_MO_브랜드검색(신규),EDUPLEX,1,0,0.0,0
2026-08-11,B_브랜드검색,05_MO_브랜드검색(신규),애듀플랙스,7,0,0.0,0
2026-08-11,B_브랜드검색,05_MO_브랜드검색(신규),애듀플렉스,15,3,0.0,0
2026-08-11,B_브랜드검색,05_MO_브랜드검색(신규),에듀플랙스,15,3,0.0,0
2026-08-11,B_브랜드검색,05_MO_브랜드검색(신규),에듀플렉스,428,38,0.0,0
2026-08-11,B_브랜드검색,05_MO_브랜드검색(신규),에듀플렉스검사,1,0,0.0,0
2026-08-11,B_브랜드검색,05_MO_브랜드검색(신규),에듀플렉스자기주도학습,1,0,0.0,0
2026-08-12,B_브랜드검색,05_PC_브랜드검색(신규),EDUPLEX,1,0,0.0,0
2026-08-12,B_브랜드검색,05_PC_브랜드검색(신규),애듀플랙스,1,1,0.0,0
2026-08-12,B_브랜드검색,05_PC_브랜드검색(신규),애듀플렉스,3,1,0.0,0
2026-08-12,B_브랜드검색,05_PC_브랜드검색(신규),에듀플랙스,5,3,0.0,0
2026-08-12,B_브랜드검색,05_PC_브랜드검색(신규),에듀플렉스,87,18,0.0,0
2026-08-12,B_브랜드검색,05_MO_브랜드검색(신규),EDUPLEX,2,1,0.0,0
2026-08-12,B_브랜드검색,05_MO_브랜드검색(신규),애듀플랙스,1,0,0.0,0
2026-08-12,B_브랜드검색,05_MO_브랜드검색(신규),애듀플렉스,10,0,0.0,0
2026-08-12,B_브랜드검색,05_MO_브랜드검색(신규),에듀플랙스,9,0,0.0,0
2026-08-12,B_브랜드검색,05_MO_브랜드검색(신규),에듀플렉스,435,46,0.0,0
2026-08-13,B_브랜드검색,05_PC_브랜드검색(신규),에듀플랙스,4,2,0.0,0
2026-08-13,B_브랜드검색,05_PC_브랜드검색(신규),에듀플렉스,81,21,0.0,0
2026-08-13,B_브랜드검색,05_PC_브랜드검색(신규),에듀플렉스프로그램,1,0,0.0,0
2026-08-13,B_브랜드검색,05_MO_브랜드검색(신규),EDUPLEX,1,0,0.0,0
2026-08-13,B_브랜드검색,05_MO_브랜드검색(신규),애듀플렉스,9,3,0.0,0
2026-08-13,B_브랜드검색,05_MO_브랜드검색(신규),에듀플랙스,8,0,0.0,0
2026-08-13,B_브랜드검색,05_MO_브랜드검색(신규),에듀플렉스,465,48,0.0,0
2026-08-13,B_브랜드검색,05_MO_브랜드검색(신규),에듀플렉스검사,1,0,0.0,0
2026-08-13,B_브랜드검색,05_MO_브랜드검색(신규),에듀플렉스관리,1,0,0.0,0
2026-08-14,B_브랜드검색,05_PC_브랜드검색(신규),애듀플렉스,1,1,0.0,0
2026-08-14,B_브랜드검색,05_PC_브랜드검색(신규),에듀플랙스,1,0,0.0,0
2026-08-14,B_브랜드검색,05_PC_브랜드검색(신규),에듀플렉스,59,11,0.0,0
2026-08-14,B_브랜드검색,05_MO_브랜드검색(신규),애듀플랙스,1,0,0.0,0
2026-08-14,B_브랜드검색,05_MO_브랜드검색(신규),애듀플렉스,8,0,0.0,0
2026-08-14,B_브랜드검색,05_MO_브랜드검색(신규),에듀플랙스,13,2,0.0,0
2026-08-14,B_브랜드검색,05_MO_브랜드검색(신규),에듀플렉스,386,33,0.0,0
2026-08-14,B_브랜드검색,05_MO_브랜드검색(신규),에듀플렉스관리,1,0,0.0,0
2026-08-15,B_브랜드검색,05_PC_브랜드검색(신규),에듀플랙스,1,1,0.0,0
2026-08-15,B_브랜드검색,05_PC_브랜드검색(신규),에듀플렉스,25,9,0.0,0
2026-08-15,B_브랜드검색,05_MO_브랜드검색(신규),애듀플렉스,3,0,0.0,0
2026-08-15,B_브랜드검색,05_MO_브랜드검색(신규),에듀플랙스,7,2,0.0,0
2026-08-15,B_브랜드검색,05_MO_브랜드검색(신규),에듀플렉스,279,30,0.0,0
2026-08-16,B_브랜드검색,05_PC_브랜드검색(신규),애듀플렉스,1,0,0.0,0
2026-08-16,B_브랜드검색,05_PC_브랜드검색(신규),에듀플렉스,20,6,0.0,0
2026-08-16,B_브랜드검색,05_MO_브랜드검색(신규),EDUPLEX,1,1,0.0,0
2026-08-16,B_브랜드검색,05_MO_브랜드검색(신규),애듀플랙스,2,0,0.0,0
2026-08-16,B_브랜드검색,05_MO_브랜드검색(신규),애듀플렉스,5,1,0.0,0
2026-08-16,B_브랜드검색,05_MO_브랜드검색(신규),에듀플랙스,9,2,0.0,0
2026-08-16,B_브랜드검색,05_MO_브랜드검색(신규),에듀플렉스,235,24,0.0,0
2026-08-17,B_브랜드검색,05_PC_브랜드검색(신규),에듀플랙스,2,1,0.0,0
2026-08-17,B_브랜드검색,05_PC_브랜드검색(신규),에듀플렉스,36,5,0.0,0
2026-08-17,B_브랜드검색,05_MO_브랜드검색(신규),애듀플랙스,1,0,0.0,0
2026-08-17,B_브랜드검색,05_MO_브랜드검색(신규),애듀플렉스,14,3,0.0,0
2026-08-17,B_브랜드검색,05_MO_브랜드검색(신규),에듀플랙스,8,2,0.0,0
2026-08-17,B_브랜드검색,05_MO_브랜드검색(신규),에듀플렉스,387,31,0.0,0
2026-08-17,B_브랜드검색,05_MO_브랜드검색(신규),에듀플렉스자기주도학습,1,0,0.0,0
2026-08-17,B_브랜드검색,05_MO_브랜드검색(신규),에듀플렉스프로그램,1,0,0.0,0
2026-08-18,B_브랜드검색,05_PC_브랜드검색(신규),애듀플렉스,2,0,0.0,0
2026-08-18,B_브랜드검색,05_PC_브랜드검색(신규),에듀플랙스,2,1,0.0,0
2026-08-18,B_브랜드검색,05_PC_브랜드검색(신규),에듀플렉스,88,20,0.0,0
2026-08-18,B_브랜드검색,05_MO_브랜드검색(신규),애듀플랙스,4,0,0.0,0
2026-08-18,B_브랜드검색,05_MO_브랜드검색(신규),애듀플렉스,15,1,0.0,0
2026-08-18,B_브랜드검색,05_MO_브랜드검색(신규),에듀플랙스,13,2,0.0,0
2026-08-18,B_브랜드검색,05_MO_브랜드검색(신규),에듀플렉스,585,56,0.0,0
2026-08-18,B_브랜드검색,05_MO_브랜드검색(신규),에듀플렉스검사,1,0,0.0,0
2026-08-18,B_브랜드검색,05_MO_브랜드검색(신규),자기주도학습에듀플렉스,1,0,0.0,0
2026-08-19,B_브랜드검색,05_PC_브랜드검색(신규),EDUPLEX,1,1,0.0,0
2026-08-19,B_브랜드검색,05_PC_브랜드검색(신규),애듀플렉스,1,0,0.0,0
2026-08-19,B_브랜드검색,05_PC_브랜드검색(신규),에듀플랙스,6,1,0.0,0
2026-08-19,B_브랜드검색,05_PC_브랜드검색(신규),에듀플렉스,80,15,0.0,0
2026-08-19,B_브랜드검색,05_MO_브랜드검색(신규),EDUPLEX,1,0,0.0,0
2026-08-19,B_브랜드검색,05_MO_브랜드검색(신규),애듀플랙스,2,0,0.0,0
2026-08-19,B_브랜드검색,05_MO_브랜드검색(신규),애듀플렉스,12,2,0.0,0
2026-08-19,B_브랜드검색,05_MO_브랜드검색(신규),에듀플랙스,13,2,0.0,0
2026-08-19,B_브랜드검색,05_MO_브랜드검색(신규),에듀플렉스,537,59,0.0,0
2026-08-20,B_브랜드검색,05_PC_브랜드검색(신규),애듀플렉스,2,2,0.0,0
2026-08-20,B_브랜드검색,05_PC_브랜드검색(신규),에듀플랙스,3,2,0.0,0
2026-08-20,B_브랜드검색,05_PC_브랜드검색(신규),에듀플렉스,89,22,0.0,0
2026-08-20,B_브랜드검색,05_MO_브랜드검색(신규),애듀플랙스,1,0,0.0,0
2026-08-20,B_브랜드검색,05_MO_브랜드검색(신규),애듀플렉스,11,1,0.0,0
2026-08-20,B_브랜드검색,05_MO_브랜드검색(신규),에듀플랙스,6,1,0.0,0
2026-08-20,B_브랜드검색,05_MO_브랜드검색(신규),에듀플렉스,434,51,0.0,0
2026-08-21,B_브랜드검색,05_PC_브랜드검색(신규),에듀플랙스,4,2,0.0,0
2026-08-21,B_브랜드검색,05_PC_브랜드검색(신규),에듀플렉스,86,14,0.0,0
2026-08-21,B_브랜드검색,05_MO_브랜드검색(신규),애듀플랙스,1,0,0.0,0
2026-08-21,B_브랜드검색,05_MO_브랜드검색(신규),애듀플렉스,14,0,0.0,0
2026-08-21,B_브랜드검색,05_MO_브랜드검색(신규),에듀플랙스,15,1,0.0,0
2026-08-21,B_브랜드검색,05_MO_브랜드검색(신규),에듀플렉스,415,40,0.0,0
2026-08-21,B_브랜드검색,05_MO_브랜드검색(신규),에듀플렉스입시설명회,1,0,0.0,0
2026-08-22,B_브랜드검색,05_PC_브랜드검색(신규),에듀플렉스,28,5,0.0,0
2026-08-22,B_브랜드검색,05_MO_브랜드검색(신규),EDUPLEX,2,1,0.0,0
2026-08-22,B_브랜드검색,05_MO_브랜드검색(신규),애듀플랙스,1,0,0.0,0
2026-08-22,B_브랜드검색,05_MO_브랜드검색(신규),애듀플렉스,13,2,0.0,0
2026-08-22,B_브랜드검색,05_MO_브랜드검색(신규),에듀플랙스,7,2,0.0,0
2026-08-22,B_브랜드검색,05_MO_브랜드검색(신규),에듀플렉스,342,29,0.0,0
2026-08-23,B_브랜드검색,05_PC_브랜드검색(신규),에듀플랙스,1,0,0.0,0
2026-08-23,B_브랜드검색,05_PC_브랜드검색(신규),에듀플렉스,25,4,0.0,0
2026-08-23,B_브랜드검색,05_MO_브랜드검색(신규),애듀플랙스,1,0,0.0,0
2026-08-23,B_브랜드검색,05_MO_브랜드검색(신규),애듀플렉스,4,0,0.0,0
2026-08-23,B_브랜드검색,05_MO_브랜드검색(신규),에듀플랙스,5,0,0.0,0
2026-08-23,B_브랜드검색,05_MO_브랜드검색(신규),에듀플렉스,297,33,0.0,0
2026-08-24,B_브랜드검색,05_PC_브랜드검색(신규),애듀플랙스,1,1,0.0,0
2026-08-24,B_브랜드검색,05_PC_브랜드검색(신규),애듀플렉스,1,1,0.0,0
2026-08-24,B_브랜드검색,05_PC_브랜드검색(신규),에듀플랙스,2,1,0.0,0
2026-08-24,B_브랜드검색,05_PC_브랜드검색(신규),에듀플렉스,90,21,0.0,0
2026-08-24,B_브랜드검색,05_MO_브랜드검색(신규),EDUPLEX,1,0,0.0,0
2026-08-24,B_브랜드검색,05_MO_브랜드검색(신규),애듀플랙스,1,0,0.0,0
2026-08-24,B_브랜드검색,05_MO_브랜드검색(신규),애듀플렉스,15,0,0.0,0
2026-08-24,B_브랜드검색,05_MO_브랜드검색(신규),에듀플랙스,13,2,0.0,0
2026-08-24,B_브랜드검색,05_MO_브랜드검색(신규),에듀플렉스,504,67,0.0,0
2026-08-25,B_브랜드검색,05_PC_브랜드검색(신규),애듀플렉스,1,1,0.0,0
2026-08-25,B_브랜드검색,05_PC_브랜드검색(신규),에듀플랙스,3,2,0.0,0
2026-08-25,B_브랜드검색,05_PC_브랜드검색(신규),에듀플렉스,77,21,0.0,0
2026-08-25,B_브랜드검색,05_PC_브랜드검색(신규),에듀플렉스검사,3,0,0.0,0
2026-08-25,B_브랜드검색,05_MO_브랜드검색(신규),애듀플렉스,9,0,0.0,0
2026-08-25,B_브랜드검색,05_MO_브랜드검색(신규),에듀플랙스,15,4,0.0,0
2026-08-25,B_브랜드검색,05_MO_브랜드검색(신규),에듀플렉스,414,47,0.0,0
2026-08-25,B_브랜드검색,05_MO_브랜드검색(신규),에듀플렉스검사,2,0,0.0,0
2026-08-25,B_브랜드검색,05_MO_브랜드검색(신규),에듀플렉스관리,1,0,0.0,0
2026-08-25,B_브랜드검색,05_MO_브랜드검색(신규),에듀플렉스입시설명회,1,0,0.0,0
2026-08-26,B_브랜드검색,05_PC_브랜드검색(신규),애듀플렉스,1,1,0.0,0
2026-08-26,B_브랜드검색,05_PC_브랜드검색(신규),에듀플랙스,1,0,0.0,0
2026-08-26,B_브랜드검색,05_PC_브랜드검색(신규),에듀플렉스,81,21,0.0,0
2026-08-26,B_브랜드검색,05_PC_브랜드검색(신규),에듀플렉스자기주도학습,1,0,0.0,0
2026-08-26,B_브랜드검색,05_MO_브랜드검색(신규),EDUPLEX,1,0,0.0,0
2026-08-26,B_브랜드검색,05_MO_브랜드검색(신규),애듀플랙스,1,0,0.0,0
2026-08-26,B_브랜드검색,05_MO_브랜드검색(신규),애듀플렉스,8,1,0.0,0
2026-08-26,B_브랜드검색,05_MO_브랜드검색(신규),에듀플랙스,12,4,0.0,0
2026-08-26,B_브랜드검색,05_MO_브랜드검색(신규),에듀플렉스,421,48,0.0,0
2026-08-27,B_브랜드검색,05_PC_브랜드검색(신규),애듀플랙스,1,0,0.0,0
2026-08-27,B_브랜드검색,05_PC_브랜드검색(신규),애듀플렉스,1,1,0.0,0
2026-08-27,B_브랜드검색,05_PC_브랜드검색(신규),에듀플랙스,4,0,0.0,0
2026-08-27,B_브랜드검색,05_PC_브랜드검색(신규),에듀플렉스,95,17,0.0,0
2026-08-27,B_브랜드검색,05_MO_브랜드검색(신규),EDUPLEX,1,0,0.0,0
2026-08-27,B_브랜드검색,05_MO_브랜드검색(신규),애듀플랙스,1,1,0.0,0
2026-08-27,B_브랜드검색,05_MO_브랜드검색(신규),애듀플렉스,14,2,0.0,0
2026-08-27,B_브랜드검색,05_MO_브랜드검색(신규),에듀플랙스,25,1,0.0,0
2026-08-27,B_브랜드검색,05_MO_브랜드검색(신규),에듀플렉스,598,82,0.0,0
2026-08-27,B_브랜드검색,05_MO_브랜드검색(신규),자기주도학습에듀플렉스,1,0,0.0,0
2026-08-28,B_브랜드검색,05_PC_브랜드검색(신규),EDUPLEX,1,1,0.0,0
2026-08-28,B_브랜드검색,05_PC_브랜드검색(신규),에듀플랙스,5,2,0.0,0
2026-08-28,B_브랜드검색,05_PC_브랜드검색(신규),에듀플렉스,65,15,0.0,0
2026-08-28,B_브랜드검색,05_MO_브랜드검색(신규),애듀플랙스,1,0,0.0,0
2026-08-28,B_브랜드검색,05_MO_브랜드검색(신규),애듀플렉스,8,0,0.0,0
2026-08-28,B_브랜드검색,05_MO_브랜드검색(신규),에듀플랙스,12,2,0.0,0
2026-08-28,B_브랜드검색,05_MO_브랜드검색(신규),에듀플렉스,443,50,0.0,0
2026-08-28,B_브랜드검색,05_MO_브랜드검색(신규),에듀플렉스검사,1,0,0.0,0
2026-08-28,B_브랜드검색,05_MO_브랜드검색(신규),에듀플렉스입시설명회,1,0,0.0,0
2026-08-29,B_브랜드검색,05_PC_브랜드검색(신규),에듀플랙스,1,0,0.0,0
2026-08-29,B_브랜드검색,05_PC_브랜드검색(신규),에듀플렉스,31,12,0.0,0
2026-08-29,B_브랜드검색,05_MO_브랜드검색(신규),애듀플랙스,2,1,0.0,0
2026-08-29,B_브랜드검색,05_MO_브랜드검색(신규),애듀플렉스,14,3,0.0,0
2026-08-29,B_브랜드검색,05_MO_브랜드검색(신규),에듀플랙스,11,3,0.0,0
2026-08-29,B_브랜드검색,05_MO_브랜드검색(신규),에듀플렉스,378,49,0.0,0
2026-08-29,B_브랜드검색,05_MO_브랜드검색(신규),에듀플렉스관리,2,0,0.0,0
2026-08-29,B_브랜드검색,05_MO_브랜드검색(신규),에듀플렉스무료검사,1,1,0.0,0
2026-08-30,B_브랜드검색,05_PC_브랜드검색(신규),에듀플렉스,26,4,0.0,0
2026-08-30,B_브랜드검색,05_MO_브랜드검색(신규),애듀플랙스,1,0,0.0,0
2026-08-30,B_브랜드검색,05_MO_브랜드검색(신규),애듀플렉스,6,1,0.0,0
2026-08-30,B_브랜드검색,05_MO_브랜드검색(신규),에듀플랙스,11,3,0.0,0
2026-08-30,B_브랜드검색,05_MO_브랜드검색(신규),에듀플렉스,267,27,0.0,0
2026-08-01,17. 관리형독서실_MO,관리형독서실_후킹,관리형독서실,1575,10,5484.0,0
2026-08-01,17. 관리형독서실_MO,관리형독서실_후킹,관리형독서실가격,26,2,2850.0,0
2026-08-01,17. 관리형독서실_MO,관리형독서실_후킹,관리형독서실비용,2,0,0.0,0
2026-08-01,17. 관리형독서실_MO,관리형독서실_후킹,관리형독서실추천,1,0,0.0,0
2026-08-02,17. 관리형독서실_MO,관리형독서실_후킹,관리형독서실,1526,12,12188.0,0
2026-08-02,17. 관리형독서실_MO,관리형독서실_후킹,관리형독서실가격,25,2,1722.0,0
2026-08-02,17. 관리형독서실_MO,관리형독서실_후킹,관리형독서실비용,1,0,0.0,0
2026-08-03,17. 관리형독서실_MO,관리형독서실_후킹,관리형독서실,1898,24,19910.0,0
2026-08-03,17. 관리형독서실_MO,관리형독서실_후킹,관리형독서실가격,15,1,1112.0,0
2026-08-03,17. 관리형독서실_MO,관리형독서실_후킹,관리형독서실비용,1,0,0.0,0
2026-08-04,17. 관리형독서실_MO,관리형독서실_후킹,관리형독서실,1218,16,20040.0,0
2026-08-04,17. 관리형독서실_MO,관리형독서실_후킹,관리형독서실가격,11,2,2736.0,0
2026-08-05,17. 관리형독서실_MO,관리형독서실_후킹,관리형독서실,1441,18,16739.0,0
2026-08-05,17. 관리형독서실_MO,관리형독서실_후킹,관리형독서실가격,14,0,0.0,0
2026-08-05,17. 관리형독서실_MO,관리형독서실_후킹,관리형독서실비용,2,0,0.0,0
2026-08-06,17. 관리형독서실_MO,관리형독서실_후킹,관리형독서실,1361,11,10302.0,0
2026-08-06,17. 관리형독서실_MO,관리형독서실_후킹,관리형독서실가격,11,0,0.0,0
2026-08-06,17. 관리형독서실_MO,관리형독서실_후킹,관리형독서실비용,1,0,0.0,0
2026-08-07,17. 관리형독서실_MO,관리형독서실_후킹,관리형독서실,1483,14,22524.0,0
2026-08-07,17. 관리형독서실_MO,관리형독서실_후킹,관리형독서실가격,13,1,1005.0,0
2026-08-07,17. 관리형독서실_MO,관리형독서실_후킹,관리형독서실비용,3,0,0.0,0
2026-08-08,17. 관리형독서실_MO,관리형독서실_후킹,관리형독서실,1576,17,19198.0,0
2026-08-08,17. 관리형독서실_MO,관리형독서실_후킹,관리형독서실가격,18,0,0.0,0
2026-08-08,17. 관리형독서실_MO,관리형독서실_후킹,관리형독서실비용,5,0,0.0,0
2026-08-09,17. 관리형독서실_MO,관리형독서실_후킹,관리형독서실,898,21,27724.0,0
2026-08-09,17. 관리형독서실_MO,관리형독서실_후킹,관리형독서실가격,11,0,0.0,0
2026-08-09,17. 관리형독서실_MO,관리형독서실_후킹,관리형독서실비용,3,0,0.0,0
2026-08-10,17. 관리형독서실_MO,관리형독서실_후킹,관리형독서실,1226,11,12873.0,0
2026-08-10,17. 관리형독서실_MO,관리형독서실_후킹,관리형독서실가격,26,1,973.0,0
2026-08-10,17. 관리형독서실_MO,관리형독서실_후킹,관리형독서실비용,3,0,0.0,0
2026-08-11,17. 관리형독서실_MO,관리형독서실_후킹,관리형독서실,760,8,11616.0,1
2026-08-11,17. 관리형독서실_MO,관리형독서실_후킹,관리형독서실가격,13,1,1010.0,1
2026-08-11,17. 관리형독서실_MO,관리형독서실_후킹,관리형독서실비용,5,0,0.0,1
